accession_id,seed_wt,plant_type,plant_type2,max_vig,min_vig,max_width,width_min,len_max,len_min,flesh_max,flesh_min,squash_nymph_bx,squash_adult_bx,cuc_inj,or_flesh,yl_flesh,yl_fruit,tan_fruit,gn_fruit,globe_fruit,oblong_fruit,smooth_fruit,rib_fruit,spec_fruit,mot_fruit,solid_fruit
PI_615086,6.79,NA,1,NA,NA,NA,NA,NA,NA,NA,NA,NA,NA,NA,NA,NA,NA,NA,NA,NA,NA,NA,NA,NA,NA,NA
PI_615088,14.216666666666667,NA,1,NA,NA,NA,NA,NA,NA,NA,NA,NA,NA,NA,NA,NA,NA,NA,NA,NA,NA,NA,NA,NA,NA,NA
PI_615089,11.395,NA,0,NA,NA,NA,NA,NA,NA,NA,NA,NA,NA,NA,NA,NA,NA,NA,NA,NA,NA,NA,NA,NA,NA,NA
PI_615091,17,NA,1,NA,NA,NA,NA,NA,NA,NA,NA,NA,NA,NA,NA,NA,NA,NA,NA,NA,NA,NA,NA,NA,NA,NA
PI_615092,11.04,NA,1,NA,NA,NA,NA,NA,NA,NA,NA,NA,NA,NA,NA,NA,NA,NA,NA,NA,NA,NA,NA,NA,NA,NA
PI_615093,6.1850000000000005,NA,1,NA,NA,NA,NA,NA,NA,NA,NA,NA,NA,NA,NA,NA,NA,NA,NA,NA,NA,NA,NA,NA,NA,NA
PI_615094,14.620000000000001,NA,0,NA,NA,NA,NA,NA,NA,NA,NA,NA,NA,NA,NA,NA,NA,NA,NA,NA,NA,NA,NA,NA,NA,NA
PI_615095,4.734999999999999,NA,1,NA,NA,NA,NA,NA,NA,NA,NA,NA,NA,NA,NA,NA,NA,NA,NA,NA,NA,NA,NA,NA,NA,NA
PI_615096,14.87,NA,1,NA,NA,NA,NA,NA,NA,NA,NA,NA,NA,NA,NA,NA,NA,NA,NA,NA,NA,NA,NA,NA,NA,NA
PI_615097,12.938,NA,1,NA,NA,NA,NA,NA,NA,NA,NA,NA,NA,NA,NA,NA,NA,NA,NA,NA,NA,NA,NA,NA,NA,NA
PI_615098,7.11,NA,1,NA,NA,NA,NA,NA,NA,NA,NA,NA,NA,NA,NA,NA,NA,NA,NA,NA,NA,NA,NA,NA,NA,NA
PI_615099,16.445999999999998,NA,1,NA,NA,NA,NA,NA,NA,NA,NA,NA,NA,NA,NA,NA,NA,NA,NA,NA,NA,NA,NA,NA,NA,NA
PI_615100,13.955,NA,1,NA,NA,NA,NA,NA,NA,NA,NA,NA,NA,NA,NA,NA,NA,NA,NA,NA,NA,NA,NA,NA,NA,NA
PI_615101,16.333333333333332,NA,1,NA,NA,NA,NA,NA,NA,NA,NA,NA,NA,NA,NA,NA,NA,NA,NA,NA,NA,NA,NA,NA,NA,NA
PI_615102,10.515,NA,1,NA,NA,NA,NA,NA,NA,NA,NA,NA,NA,NA,NA,NA,NA,NA,NA,NA,NA,NA,NA,NA,NA,NA
PI_615103,14.373333333333333,NA,0,NA,NA,NA,NA,NA,NA,NA,NA,NA,NA,NA,NA,NA,NA,NA,NA,NA,NA,NA,NA,NA,NA,NA
PI_615104,17.023333333333333,NA,1,NA,NA,NA,NA,NA,NA,NA,NA,NA,NA,NA,NA,NA,NA,NA,NA,NA,NA,NA,NA,NA,NA,NA
PI_615105,9.293333333333333,NA,0,NA,NA,NA,NA,NA,NA,NA,NA,NA,NA,NA,NA,NA,NA,NA,NA,NA,NA,NA,NA,NA,NA,NA
PI_615106,15.675,NA,1,NA,NA,NA,NA,NA,NA,NA,NA,NA,NA,NA,NA,NA,NA,NA,NA,NA,NA,NA,NA,NA,NA,NA
PI_615107,16.94,NA,1,NA,NA,NA,NA,NA,NA,NA,NA,NA,NA,NA,NA,NA,NA,NA,NA,NA,NA,NA,NA,NA,NA,NA
PI_615108,11.879999999999999,NA,1,NA,NA,NA,NA,NA,NA,NA,NA,NA,NA,NA,NA,NA,NA,NA,NA,NA,NA,NA,NA,NA,NA,NA
PI_615109,13.273333333333333,NA,1,NA,NA,NA,NA,NA,NA,NA,NA,NA,NA,NA,NA,NA,NA,NA,NA,NA,NA,NA,NA,NA,NA,NA
PI_615110,12.656666666666666,NA,1,NA,NA,NA,NA,NA,NA,NA,NA,NA,NA,NA,NA,NA,NA,NA,NA,NA,NA,NA,NA,NA,NA,NA
PI_615111,10.25,NA,0,NA,NA,NA,NA,NA,NA,NA,NA,NA,NA,NA,NA,NA,NA,NA,NA,NA,NA,NA,NA,NA,NA,NA
PI_615112,14.006,NA,0,NA,NA,NA,NA,NA,NA,NA,NA,NA,NA,NA,NA,NA,NA,NA,NA,NA,NA,NA,NA,NA,NA,NA
PI_615113,11.478571428571428,NA,1,NA,NA,NA,NA,NA,NA,NA,NA,NA,NA,NA,NA,NA,NA,NA,NA,NA,NA,NA,NA,NA,NA,NA
PI_615114,7.4799999999999995,NA,0,NA,NA,NA,NA,NA,NA,NA,NA,NA,NA,NA,NA,NA,NA,NA,NA,NA,NA,NA,NA,NA,NA,NA
PI_615116,11.26,NA,0,NA,NA,NA,NA,NA,NA,NA,NA,NA,NA,NA,NA,NA,NA,NA,NA,NA,NA,NA,NA,NA,NA,NA
PI_615117,10.65,NA,0,NA,NA,NA,NA,NA,NA,NA,NA,NA,NA,NA,NA,NA,NA,NA,NA,NA,NA,NA,NA,NA,NA,NA
PI_615118,16.9125,NA,1,NA,NA,NA,NA,NA,NA,NA,NA,NA,NA,NA,NA,NA,NA,NA,NA,NA,NA,NA,NA,NA,NA,NA
PI_614684,3.9800000000000004,NA,1,NA,NA,NA,NA,NA,NA,NA,NA,NA,NA,NA,NA,NA,NA,NA,NA,NA,NA,NA,NA,NA,NA,NA
PI_614685,3.8975,NA,1,NA,NA,NA,NA,NA,NA,NA,NA,NA,NA,NA,NA,NA,NA,NA,NA,NA,NA,NA,NA,NA,NA,NA
PI_614687,3.315,NA,1,NA,NA,NA,NA,NA,NA,NA,NA,NA,NA,NA,NA,NA,NA,NA,NA,NA,NA,NA,NA,NA,NA,NA
PI_615122,18.535,NA,1,NA,NA,NA,NA,NA,NA,NA,NA,NA,NA,NA,NA,NA,NA,NA,NA,NA,NA,NA,NA,NA,NA,NA
PI_615126,17.16,NA,1,NA,NA,NA,NA,NA,NA,NA,NA,NA,NA,NA,NA,NA,NA,NA,NA,NA,NA,NA,NA,NA,NA,NA
PI_615129,18.405,NA,1,NA,NA,NA,NA,NA,NA,NA,NA,NA,NA,NA,NA,NA,NA,NA,NA,NA,NA,NA,NA,NA,NA,NA
PI_615130,19.715,NA,1,NA,NA,NA,NA,NA,NA,NA,NA,NA,NA,NA,NA,NA,NA,NA,NA,NA,NA,NA,NA,NA,NA,NA
PI_615132,15.91,NA,1,NA,NA,NA,NA,NA,NA,NA,NA,NA,NA,NA,NA,NA,NA,NA,NA,NA,NA,NA,NA,NA,NA,NA
PI_615133,21.275,NA,1,NA,NA,NA,NA,NA,NA,NA,NA,NA,NA,NA,NA,NA,NA,NA,NA,NA,NA,NA,NA,NA,NA,NA
PI_615134,21.82,NA,1,NA,NA,NA,NA,NA,NA,NA,NA,NA,NA,NA,NA,NA,NA,NA,NA,NA,NA,NA,NA,NA,NA,NA
PI_615137,12.97,NA,1,NA,NA,NA,NA,NA,NA,NA,NA,NA,NA,NA,NA,NA,NA,NA,NA,NA,NA,NA,NA,NA,NA,NA
PI_615138,17.785,NA,0,NA,NA,NA,NA,NA,NA,NA,NA,NA,NA,NA,NA,NA,NA,NA,NA,NA,NA,NA,NA,NA,NA,NA
PI_615139,16.305,NA,0,NA,NA,NA,NA,NA,NA,NA,NA,NA,NA,NA,NA,NA,NA,NA,NA,NA,NA,NA,NA,NA,NA,NA
PI_615140,6.44,NA,0,NA,NA,NA,NA,NA,NA,NA,NA,NA,NA,NA,NA,NA,NA,NA,NA,NA,NA,NA,NA,NA,NA,NA
PI_615141,13.585,NA,0,NA,NA,NA,NA,NA,NA,NA,NA,NA,NA,NA,NA,NA,NA,NA,NA,NA,NA,NA,NA,NA,NA,NA
PI_615142,16.855,NA,1,NA,NA,NA,NA,NA,NA,NA,NA,NA,NA,NA,NA,NA,NA,NA,NA,NA,NA,NA,NA,NA,NA,NA
PI_615143,10.015,NA,1,NA,NA,NA,NA,NA,NA,NA,NA,NA,NA,NA,NA,NA,NA,NA,NA,NA,NA,NA,NA,NA,NA,NA
PI_615144,21.1175,NA,1,NA,NA,NA,NA,NA,NA,NA,NA,NA,NA,NA,NA,NA,NA,NA,NA,NA,NA,NA,NA,NA,NA,NA
PI_615145,19.2275,NA,1,NA,NA,NA,NA,NA,NA,NA,NA,NA,NA,NA,NA,NA,NA,NA,NA,NA,NA,NA,NA,NA,NA,NA
PI_615146,17.747500000000002,NA,0,NA,NA,NA,NA,NA,NA,NA,NA,NA,NA,NA,NA,NA,NA,NA,NA,NA,NA,NA,NA,NA,NA,NA
PI_615147,8.129999999999999,NA,0,NA,NA,NA,NA,NA,NA,NA,NA,NA,NA,NA,NA,NA,NA,NA,NA,NA,NA,NA,NA,NA,NA,NA
PI_615148,11.406666666666666,NA,0,NA,NA,NA,NA,NA,NA,NA,NA,NA,NA,NA,NA,NA,NA,NA,NA,NA,NA,NA,NA,NA,NA,NA
PI_615149,6.94,NA,0,NA,NA,NA,NA,NA,NA,NA,NA,NA,NA,NA,NA,NA,NA,NA,NA,NA,NA,NA,NA,NA,NA,NA
PI_615150,7.3225,NA,0,NA,NA,NA,NA,NA,NA,NA,NA,NA,NA,NA,NA,NA,NA,NA,NA,NA,NA,NA,NA,NA,NA,NA
PI_615153,8.559999999999999,NA,1,NA,NA,NA,NA,NA,NA,NA,NA,NA,NA,NA,NA,NA,NA,NA,NA,NA,NA,NA,NA,NA,NA,NA
PI_93458,15.0475,1,0,3,3,14,10,35,15,3,NA,1.2689820893589845,1.3196700454056092,1,0,1,0,1,0,0,1,NA,NA,0,0,1
NSL_98075,9.6,NA,0,NA,NA,NA,NA,NA,NA,NA,NA,NA,NA,NA,NA,NA,NA,NA,NA,NA,NA,NA,NA,NA,NA,NA
NSL_98131,9.190000000000001,NA,0,NA,NA,NA,NA,NA,NA,NA,NA,NA,NA,NA,NA,NA,NA,NA,NA,NA,NA,NA,NA,NA,NA,NA
NSL_104548,13.245,NA,1,NA,NA,NA,NA,NA,NA,NA,NA,NA,NA,NA,NA,NA,NA,NA,NA,NA,NA,NA,NA,NA,NA,NA
PI_599994,13.152999999999999,NA,0,NA,NA,NA,NA,NA,NA,NA,NA,NA,NA,NA,NA,NA,NA,NA,NA,NA,NA,NA,NA,NA,NA,NA
PI_600771,9.510000000000002,NA,0,NA,NA,NA,NA,NA,NA,NA,NA,NA,NA,NA,NA,NA,NA,NA,NA,NA,NA,NA,NA,NA,NA,NA
PI_143306,14.25,1,1,3,3,22,20,26,20,5,3,NA,NA,NA,1,0,0,0,1,NA,NA,NA,NA,0,1,0
PI_157099,15.68,1,0,1,1,16,12,34,NA,2,NA,1.646703588424339,1.4861434540094984,2,1,0,NA,NA,NA,0,1,NA,NA,1,0,0
PI_163232,16.0325,1,1,3,3,18,NA,30,NA,3,NA,NA,1.4192432363978598,1,NA,NA,0,0,1,0,0,NA,NA,0,0,1
PI_165018,16.02,1,0,1,1,12,8,36,NA,3,2,0.860405506103219,0.6168199340555734,4,0,1,1,0,0,0,1,NA,NA,0,0,1
PI_167053,14.775,1,0,1,1,11,7,40,21,3,NA,1.4938855696734854,2.1116226256077,2,0,1,1,0,0,0,1,NA,NA,0,0,1
PI_167199,16.77,1,0,1,1,14,9,36,27,3,NA,1.822772383858396,1.6216434350037998,1,0,1,1,0,0,0,1,NA,NA,0,0,1
PI_167243,12.934999999999999,1,0,1,1,14,10,35,31,3,NA,0.47027423933764617,1.147346808378744,2,1,0,1,0,0,0,1,NA,NA,0,0,1
PI_167392,15.885000000000002,1,0,1,1,14,12,43,34,3,NA,-0.3879330850442786,1.147346808378744,1,0,1,1,0,0,0,1,0,1,NA,NA,NA
PI_169448,15.081999999999999,1,0,1,1,11,NA,32,30,2,NA,0.09323056048330283,1.0538905584213403,2,0,1,1,0,0,0,1,0,1,0,0,1
PI_169450,17.094,1,1,1,1,15,NA,35,NA,3,NA,0.9163639450861333,1.0538905584213403,3,0,1,1,0,0,0,1,NA,NA,0,0,1
PI_169460,12.203333333333333,1,1,1,1,10,NA,33,30,3,NA,0.860405506103219,1.4861434540094984,2,1,0,1,0,0,0,1,NA,NA,0,0,1
PI_169473,20.36,1,1,3,3,24,17,23,17,4,NA,0.5549879389390893,1.1746813191556416,2,1,0,NA,NA,NA,NA,NA,NA,NA,NA,NA,NA
PI_169475,14.940000000000001,1,0,1,1,13,8,34,21,3,2,0.24700280372201913,0.8415702249823792,2,0,1,1,0,0,0,1,NA,NA,0,0,1
PI_169476,15.06,1,0,1,1,13,8,34,13,2,NA,-0.3879330850442786,1.0538905584213403,2,0,1,1,0,0,0,1,NA,NA,0,0,1
PI_171623,19.447499999999998,1,1,1,1,30,23,28,15,4,2,-0,0.6549541441324297,2,1,0,NA,NA,NA,0,0,NA,NA,1,0,0
PI_171625,13.761666666666667,1,0,1,1,13,9,42,23,3,NA,-0,0.25089127436207614,2,0,0,1,0,0,0,1,NA,NA,0,0,1
PI_172857,17.634999999999998,1,1,1,1,14,13,48,23,3,NA,0.860405506103219,0.9794369903022488,2,0,0,0,1,0,0,1,NA,NA,0,0,1
PI_172858,18.36,1,1,3,3,18,11,39,19,3,NA,-0.5765437375364302,0.9151399447928732,2,1,0,0,0,1,NA,NA,NA,NA,NA,NA,NA
PI_172860,20.503333333333334,1,0,1,1,12,NA,36,NA,3,NA,0.6906638743560909,0.48508642281537395,2,0,1,1,0,0,0,1,NA,NA,0,0,1
PI_172863,18.093333333333334,1,1,1,1,18,NA,30,NA,3,NA,1.0593794532702077,0.6168199340555734,3,0,1,NA,NA,NA,0,0,NA,NA,1,0,0
PI_172866,12.703333333333333,1,0,1,1,13,10,38,20,3,NA,0.5549879389390893,0.8415702249823792,2,0,0,0,0,0,0,1,NA,NA,0,0,1
PI_172868,16.82,1,0,5,5,13,NA,33,NA,3,2,0.09323056048330283,0.3177592118979314,1,0,1,1,0,0,0,1,NA,NA,0,0,1
PI_172870,15.825,1,0,1,1,18,13,45,33,4,3,0.7955929605469937,0.25089127436207614,3,1,0,0,0,0,0,1,NA,NA,0,0,1
PI_173681,6.665,NA,1,NA,NA,NA,NA,NA,NA,NA,NA,NA,NA,NA,NA,NA,NA,NA,NA,NA,NA,NA,NA,NA,NA,NA
PI_173684,13.173333333333334,0,0,1,1,14,13,29,27,3,NA,0.860405506103219,0.9151399447928732,4,0,0,0,1,0,0,1,NA,NA,0,0,1
PI_173686,16.05,1,1,1,1,23,15,30,28,4,NA,1.8282824142654026,1.372595423314182,1,1,0,NA,NA,NA,NA,NA,NA,NA,NA,NA,NA
PI_174178,3.74,1,1,1,1,4,NA,6,NA,1,NA,0.5143549472449804,0.5322580037749306,1,0,0,1,0,0,0,0,0,0,0,0,1
PI_174185,13.532,1,0,1,1,18,13,40,NA,3,NA,0.24700280372201913,0.4340319326469891,2,0,0,NA,NA,NA,0,1,NA,NA,0,0,1
PI_174187,12.2475,1,1,1,1,10,7,35,15,2,NA,-0.10798210347507059,1.0363259197413515,2,0,1,0,1,0,0,0,0,0,0,0,1
PI_176541,12.955625000000001,1,0,1,1,13,7,43,23,3,NA,NA,0.6168199340555734,0,0,1,NA,NA,NA,0,1,0,0,NA,NA,NA
PI_176552,13.513333333333334,1,0,1,1,23,7,40,23,3,NA,0.5926040308240456,0.6168199340555734,3,0,1,NA,NA,NA,NA,NA,NA,NA,NA,NA,NA
PI_176959,10.58,1,1,1,1,16,10,22,18,3,2,NA,1.147346808378744,1,0,1,0,1,0,0,1,NA,NA,0,0,1
PI_176962,15.530000000000001,1,1,1,1,30,18,30,18,4,3,NA,0.48508642281537395,1,NA,NA,NA,NA,NA,NA,NA,NA,NA,NA,NA,NA
PI_176965,18.6325,1,1,1,1,29,23,23,19,4,3,NA,NA,NA,1,0,NA,NA,NA,1,0,0,1,0,1,0
PI_177377,15.39,1,0,1,1,17,12,40,25,3,2,NA,0.48508642281537395,3,NA,NA,0,0,0,0,1,NA,NA,0,0,1
PI_179267,15.18,1,1,1,1,18,15,43,32,3,NA,NA,0.25089127436207614,1,0,1,NA,NA,NA,0,1,0,1,0,0,1
NSL_180768,9.5,NA,0,NA,NA,NA,NA,NA,NA,NA,NA,NA,NA,NA,NA,NA,NA,NA,NA,NA,NA,NA,NA,NA,NA,NA
PI_181757,11.2725,1,1,1,1,30,10,35,15,3,NA,1.8769215780758994,1.5155188438714744,2,0,1,0,1,0,0,1,0,1,0,0,1
PI_181759,12.175,1,1,1,1,12,NA,30,23,2,NA,1.8384843387166647,1.5913147873390312,1,0,1,NA,NA,NA,0,1,NA,NA,0,0,1
PI_181761,11.256666666666666,1,1,1,1,17,13,30,19,2,NA,NA,0.25089127436207614,1,0,1,1,0,0,0,1,NA,NA,0,0,1
PI_181878,13.5175,1,1,1,1,15,12,32,23,3,2,NA,1.3642482325989462,2,0,1,NA,NA,NA,0,1,0,0,0,0,1
PI_181912,15.93,1,1,1,1,12,9,30,25,2,NA,NA,0.6168199340555734,0,0,1,NA,NA,NA,0,1,0,0,0,0,1
PI_600995,9.251,NA,1,NA,NA,NA,NA,NA,NA,NA,NA,NA,NA,NA,NA,NA,NA,NA,NA,NA,NA,NA,NA,NA,NA,NA
PI_182203,11.9575,1,1,1,1,10,9,30,28,1,NA,0.6601634289521365,1.0708287560482959,1,1,0,NA,NA,NA,0,1,0,0,NA,NA,NA
PI_185033,18.736666666666668,1,1,1,1,28,20,43,23,4,3,0.24700280372201913,-0.37944026644316875,2,1,0,0,0,1,NA,NA,NA,NA,NA,NA,NA
PI_192941,16.740000000000002,1,1,3,3,14,11,19,14,2,NA,-0,0.6168199340555734,4,0,1,NA,NA,NA,0,0,NA,NA,NA,NA,NA
PI_193502,13.595,1,1,3,3,19,15,14,9,2,NA,0.860405506103219,0.9151399447928732,4,1,0,0,0,0,0,0,0,1,0,0,1
PI_601193,8.645,NA,1,NA,NA,NA,NA,NA,NA,NA,NA,NA,NA,NA,NA,NA,NA,NA,NA,NA,NA,NA,NA,NA,NA,NA
PI_197671,3.864,1,1,1,1,8,6,9,8,1,NA,NA,NA,NA,0,1,0,0,1,NA,NA,0,0,NA,NA,NA
PI_204697,15.776666666666667,1,1,1,1,24,10,33,23,3,2,0.860405506103219,0.9151399447928732,4,0,1,NA,NA,NA,NA,NA,NA,NA,0,0,1
PI_206426,14.02,1,0,1,1,12,10,38,30,3,2,1.7653802067477125,0.8917574718477742,1,0,0,1,0,0,0,1,NA,NA,0,0,1
PI_206956,16.905,0,0,1,1,12,10,40,35,3,2,1.5032307707198647,0.7561125668259816,2,NA,NA,1,0,0,0,1,NA,NA,0,0,1
PI_207479,22.59,1,1,1,1,15,NA,18,NA,4,2,0.860405506103219,0.9151399447928732,4,0,1,NA,NA,NA,1,0,NA,NA,NA,NA,NA
PI_209783,15.504999999999999,1,0,1,1,20,15,20,15,4,2,-0,0.6168199340555734,2,NA,NA,NA,NA,NA,1,0,0,0,NA,NA,NA
PI_212002,18.99,1,0,1,1,10,NA,33,NA,2,NA,NA,0.8415702249823792,0,0,1,NA,NA,NA,0,1,NA,NA,0,0,1
PI_212004,13.706666666666667,1,0,1,1,23,9,30,20,2,NA,0.860405506103219,0.9151399447928732,4,0,1,0,0,0,NA,NA,NA,NA,NA,NA,NA
PI_219694,22.15975,1,1,1,1,20,15,35,15,5,4,-0,0.6168199340555734,4,0,0,0,0,1,NA,NA,NA,NA,NA,NA,NA
PI_222100,16.656666666666666,1,1,3,3,20,18,20,18,3,2,0.860405506103219,0.9151399447928732,4,1,0,NA,NA,NA,1,0,NA,NA,NA,NA,NA
PI_222247,6.445,1,1,1,1,8,NA,18,8,2,NA,1.853251085462133,1.9765125848324476,0,0,0,NA,NA,NA,NA,NA,NA,NA,NA,NA,NA
PI_222786,15.48,1,0,1,1,12,NA,35,NA,3,NA,NA,0.9151399447928732,1,0,1,0,0,0,0,1,NA,NA,NA,NA,NA
PI_230181,8.113333333333333,1,1,3,3,10,NA,10,NA,2,NA,1.8933006433964217,1.5629547836825615,0,0,1,NA,NA,NA,0,0,NA,NA,0,0,1
PI_232072,5.6875,1,1,3,3,7,5,6,4,1,NA,NA,NA,NA,0,0,0,0,0,1,0,0,0,0,0,1
PI_234616,15.606666666666667,1,0,1,1,18,12,43,30,4,2,0.24700280372201913,-0.37944026644316875,2,0,1,0,0,1,0,1,NA,NA,0,0,1
PI_234617,9.063333333333333,1,1,1,1,10,NA,15,NA,3,2,1.785885533719663,1.4336135254519955,0,0,1,NA,NA,NA,0,0,NA,NA,0,0,1
PI_234618,11.1525,1,0,1,1,13,11,34,28,3,2,1.8152332849115997,1.7411313719217614,1,0,1,NA,NA,NA,0,1,NA,NA,0,0,1
PI_256064,11.48,NA,1,NA,NA,NA,NA,NA,NA,NA,NA,NA,NA,NA,NA,NA,NA,NA,NA,NA,NA,NA,NA,NA,NA,NA
PI_261610,21.9,1,1,3,3,12,10,56,46,3,NA,-0.10798210347507059,-0,1,1,0,NA,NA,NA,0,1,NA,NA,NA,NA,NA
PI_261780,11.02,1,0,3,3,15,13,35,30,2,NA,-0.10798210347507059,-0.10728992134153424,2,1,0,NA,NA,NA,0,1,NA,NA,0,0,1
PI_266925,15.703333333333333,1,1,3,3,16,NA,20,18,2,NA,NA,NA,NA,0,1,NA,NA,NA,1,0,0,0,NA,NA,NA
PI_267661,11.317499999999999,1,1,1,1,12,NA,25,NA,2,NA,-0.5765437375364302,0.3177592118979314,3,0,1,0,0,0,0,0,0,0,0,0,1
PI_267662,14.242,1,1,1,1,12,9,23,12,2,NA,NA,0.6168199340555734,2,0,1,NA,NA,NA,0,1,0,0,0,1,0
PI_267663,16.766666666666666,1,1,1,1,18,NA,20,NA,2,NA,-0,-0,3,0,1,0,0,0,1,0,NA,NA,0,0,1
PI_267757,15.113333333333333,1,1,1,1,30,18,18,12,3,NA,NA,NA,NA,1,0,1,0,0,NA,NA,NA,NA,0,0,1
PI_282486,7.49,0,1,5,5,11,9,12,10,2,NA,NA,NA,NA,0,0,0,0,1,0,0,NA,NA,NA,NA,NA
PI_288240,13.096666666666668,0,0,1,1,12,NA,38,NA,3,NA,NA,NA,NA,0,1,NA,NA,NA,0,1,NA,NA,0,1,0
PI_292014,12.185,0,0,3,3,12,10,38,30,2,NA,NA,NA,NA,0,1,0,1,0,0,1,NA,NA,0,0,1
PI_299575,5.286666666666667,1,1,1,1,7,NA,7,NA,2,NA,NA,NA,NA,1,0,0,0,0,1,0,0,0,0,0,1
PI_306126,15.656666666666666,1,0,1,1,16,10,58,33,5,3,NA,NA,NA,NA,NA,0,1,0,0,1,NA,NA,0,0,1
PI_344357,16.256666666666668,1,1,1,1,16,9,33,25,2,NA,NA,NA,NA,NA,NA,NA,NA,NA,0,1,NA,NA,0,1,0
PI_344358,11.116666666666667,1,1,1,1,14,8,30,8,2,NA,NA,NA,NA,NA,NA,0,1,0,0,1,0,0,0,0,1
PI_357892,9.145,NA,1,NA,NA,NA,NA,NA,NA,NA,NA,NA,NA,NA,NA,NA,NA,NA,NA,NA,NA,NA,NA,NA,NA,NA
PI_357921,13.18,1,0,1,1,12,9,38,30,2,NA,NA,NA,NA,0,1,NA,NA,NA,0,1,NA,NA,NA,NA,NA
PI_357931,4.6225000000000005,1,1,1,1,7,4,12,6,1,NA,NA,NA,NA,0,0,NA,NA,NA,0,0,0,0,0,0,0
PI_364240,11.613333333333333,1,1,3,3,25,19,35,21,5,4,NA,NA,NA,NA,NA,NA,NA,NA,0,0,NA,NA,NA,NA,NA
PI_364241,14.04,1,1,3,3,24,18,24,NA,4,NA,NA,NA,NA,0,1,NA,NA,NA,0,0,NA,NA,0,1,0
PI_368593,15.99,1,1,2,2,30,24,34,27,5,4,NA,NA,NA,1,0,NA,NA,NA,0,0,0,1,1,0,0
PI_368597,13.39,1,1,2,2,21,20,26,21,4,3,NA,NA,NA,NA,NA,NA,NA,NA,NA,NA,NA,NA,0,1,0
PI_368608,18.945,1,1,3,3,25,22,27,25,4,3,NA,NA,NA,1,0,NA,NA,NA,NA,NA,0,1,1,0,0
PI_368614,19.054,1,1,2,2,26,NA,32,24,4,3,NA,NA,NA,1,0,NA,NA,NA,NA,NA,NA,NA,0,1,0
PI_368617,7.24,NA,1,NA,NA,NA,NA,NA,NA,NA,NA,NA,NA,NA,NA,NA,NA,NA,NA,NA,NA,NA,NA,NA,NA,NA
PI_379310,22,1,1,3,3,30,15,32,15,5,3,NA,NA,NA,NA,NA,0,0,1,NA,NA,0,1,0,1,0
PI_379311,14.33,1,1,3,3,28,18,30,17,5,2,NA,NA,NA,0,1,NA,NA,NA,NA,NA,NA,NA,NA,NA,NA
PI_379312,16.9,1,1,2,2,28,16,42,20,6,3,NA,NA,NA,0,1,NA,NA,NA,NA,NA,0,1,NA,NA,NA
PI_379314,19.11,1,1,3,3,21,15,42,25,4,2,NA,NA,NA,0,1,1,0,0,NA,NA,0,0,NA,NA,NA
PI_379315,11.555,NA,1,3,3,14,12,53,42,4,2,NA,NA,NA,1,0,NA,NA,NA,0,0,0,0,0,0,1
PI_379321,16.705,NA,1,NA,NA,25,22,19,14,3,2,NA,NA,NA,0,1,NA,NA,NA,0,0,0,0,0,1,0
PI_379324,17.22,1,1,NA,4,31,24,27,21,3,NA,NA,NA,NA,NA,NA,NA,NA,NA,0,0,NA,NA,0,1,0
PI_381323,14.607142857142858,1,1,3,5,14,11,27,18,3,2,NA,NA,NA,NA,NA,NA,NA,NA,0,0,0,0,0,0,1
PI_385969,14.678571428571429,0,0,4,4,13,10,50,30,4,3,NA,NA,NA,0,0,NA,NA,NA,0,1,0,0,NA,NA,NA
PI_385970,12.657499999999999,0,1,4,4,13,10,50,38,3,2,NA,NA,NA,0,1,0,0,1,0,1,0,0,NA,NA,NA
PI_418966,12.866666666666667,NA,0,NA,NA,NA,NA,NA,NA,NA,NA,NA,NA,NA,NA,NA,NA,NA,NA,NA,NA,NA,NA,NA,NA,NA
PI_420328,19.080000000000002,NA,1,NA,NA,NA,NA,NA,NA,NA,NA,NA,NA,NA,NA,NA,NA,NA,NA,NA,NA,NA,NA,NA,NA,NA
PI_427095,15.036666666666667,NA,0,NA,NA,NA,NA,NA,NA,NA,NA,NA,NA,NA,NA,NA,NA,NA,NA,NA,NA,NA,NA,NA,NA,NA
PI_431582,11.01,NA,0,NA,NA,NA,NA,NA,NA,NA,NA,NA,NA,NA,NA,NA,NA,NA,NA,NA,NA,NA,NA,NA,NA,NA
PI_438575,15.053333333333333,NA,1,NA,NA,NA,NA,NA,NA,NA,NA,NA,NA,NA,NA,NA,NA,NA,NA,NA,NA,NA,NA,NA,NA,NA
PI_438696,19.83,NA,1,NA,NA,NA,NA,NA,NA,NA,NA,NA,NA,NA,NA,NA,NA,NA,NA,NA,NA,NA,NA,NA,NA,NA
PI_438699,8.595,NA,1,NA,NA,NA,NA,NA,NA,NA,NA,NA,NA,NA,NA,NA,NA,NA,NA,NA,NA,NA,NA,NA,NA,NA
PI_438700,13.08,NA,1,NA,NA,NA,NA,NA,NA,NA,NA,NA,NA,NA,NA,NA,NA,NA,NA,NA,NA,NA,NA,NA,NA,NA
PI_438716,14.17,NA,1,NA,NA,NA,NA,NA,NA,NA,NA,NA,NA,NA,NA,NA,NA,NA,NA,NA,NA,NA,NA,NA,NA,NA
PI_438822,16.42,NA,1,NA,NA,NA,NA,NA,NA,NA,NA,NA,NA,NA,NA,NA,NA,NA,NA,NA,NA,NA,NA,NA,NA,NA
PI_438823,20.72,NA,1,NA,NA,NA,NA,NA,NA,NA,NA,NA,NA,NA,NA,NA,NA,NA,NA,NA,NA,NA,NA,NA,NA,NA
PI_442260,15.69,NA,1,NA,NA,NA,NA,NA,NA,NA,NA,NA,NA,NA,NA,NA,NA,NA,NA,NA,NA,NA,NA,NA,NA,NA
PI_442291,16.695,NA,1,NA,NA,NA,NA,NA,NA,NA,NA,NA,NA,NA,NA,NA,NA,NA,NA,NA,NA,NA,NA,NA,NA,NA
PI_442293,12.794999999999998,NA,1,NA,NA,NA,NA,NA,NA,NA,NA,NA,NA,NA,NA,NA,NA,NA,NA,NA,NA,NA,NA,NA,NA,NA
PI_442295,15.05,NA,1,NA,NA,NA,NA,NA,NA,NA,NA,NA,NA,NA,NA,NA,NA,NA,NA,NA,NA,NA,NA,NA,NA,NA
PI_442296,12.32,NA,1,NA,NA,NA,NA,NA,NA,NA,NA,NA,NA,NA,NA,NA,NA,NA,NA,NA,NA,NA,NA,NA,NA,NA
PI_442297,15.475,NA,1,NA,NA,NA,NA,NA,NA,NA,NA,NA,NA,NA,NA,NA,NA,NA,NA,NA,NA,NA,NA,NA,NA,NA
PI_442298,15.15,NA,1,NA,NA,NA,NA,NA,NA,NA,NA,NA,NA,NA,NA,NA,NA,NA,NA,NA,NA,NA,NA,NA,NA,NA
PI_442299,12.34,NA,1,NA,NA,NA,NA,NA,NA,NA,NA,NA,NA,NA,NA,NA,NA,NA,NA,NA,NA,NA,NA,NA,NA,NA
PI_442300,15.98,NA,1,NA,NA,NA,NA,NA,NA,NA,NA,NA,NA,NA,NA,NA,NA,NA,NA,NA,NA,NA,NA,NA,NA,NA
PI_442306,15.34,NA,1,NA,NA,NA,NA,NA,NA,NA,NA,NA,NA,NA,NA,NA,NA,NA,NA,NA,NA,NA,NA,NA,NA,NA
PI_442309,11.26,NA,1,NA,NA,NA,NA,NA,NA,NA,NA,NA,NA,NA,NA,NA,NA,NA,NA,NA,NA,NA,NA,NA,NA,NA
PI_442314,14.434999999999999,NA,1,NA,NA,NA,NA,NA,NA,NA,NA,NA,NA,NA,NA,NA,NA,NA,NA,NA,NA,NA,NA,NA,NA,NA
PI_442316,15.92,NA,1,NA,NA,NA,NA,NA,NA,NA,NA,NA,NA,NA,NA,NA,NA,NA,NA,NA,NA,NA,NA,NA,NA,NA
PI_442322,14.54,NA,1,NA,NA,NA,NA,NA,NA,NA,NA,NA,NA,NA,NA,NA,NA,NA,NA,NA,NA,NA,NA,NA,NA,NA
PI_442335,13.969999999999999,NA,1,NA,NA,NA,NA,NA,NA,NA,NA,NA,NA,NA,NA,NA,NA,NA,NA,NA,NA,NA,NA,NA,NA,NA
PI_442791,6.555,NA,1,NA,NA,NA,NA,NA,NA,NA,NA,NA,NA,NA,NA,NA,NA,NA,NA,NA,NA,NA,NA,NA,NA,NA
PI_442792,7.04,NA,1,NA,NA,NA,NA,NA,NA,NA,NA,NA,NA,NA,NA,NA,NA,NA,NA,NA,NA,NA,NA,NA,NA,NA
PI_451852,8.495000000000001,NA,0,3,3,NA,NA,NA,NA,3,2,NA,NA,NA,1,0,0,0,1,0,0,0,1,0,0,1
PI_482590,12.18,NA,1,4,4,NA,NA,NA,NA,3,NA,NA,NA,NA,1,0,NA,NA,NA,NA,NA,NA,NA,NA,NA,NA
PI_482593,10.219999999999999,NA,1,2,2,NA,NA,NA,NA,2,NA,NA,NA,NA,1,0,0,0,1,1,0,0,0,NA,NA,NA
PI_490274,12.56,NA,0,3,3,NA,NA,NA,NA,3,2,NA,NA,NA,NA,NA,0,0,1,0,1,0,0,NA,NA,NA
PI_490275,5.535,NA,1,NA,NA,NA,NA,NA,NA,NA,NA,NA,NA,NA,NA,NA,NA,NA,NA,NA,NA,NA,NA,NA,NA,NA
PI_490277,12.775,NA,1,2,2,NA,NA,NA,NA,3,2,NA,NA,NA,NA,NA,NA,NA,NA,1,0,NA,NA,NA,NA,NA
PI_506441,14.61,NA,1,NA,NA,NA,NA,NA,NA,NA,NA,NA,NA,NA,NA,NA,NA,NA,NA,NA,NA,NA,NA,NA,NA,NA
PI_506467,14.62,NA,0,NA,NA,NA,NA,NA,NA,NA,NA,NA,NA,NA,NA,NA,NA,NA,NA,NA,NA,NA,NA,NA,NA,NA
PI_507882,20.253333333333334,NA,1,NA,NA,NA,NA,NA,NA,NA,NA,NA,NA,NA,NA,NA,NA,NA,NA,NA,NA,NA,NA,NA,NA,NA
PI_507886,10.440000000000001,NA,0,NA,NA,NA,NA,NA,NA,NA,NA,NA,NA,NA,NA,NA,NA,NA,NA,NA,NA,NA,NA,NA,NA,NA
PI_508465,18.1,NA,0,NA,NA,NA,NA,NA,NA,NA,NA,NA,NA,NA,NA,NA,NA,NA,NA,NA,NA,NA,NA,NA,NA,NA
PI_508467,12.024999999999999,NA,0,NA,NA,NA,NA,NA,NA,NA,NA,NA,NA,NA,NA,NA,NA,NA,NA,NA,NA,NA,NA,NA,NA,NA
PI_508468,14.065000000000001,NA,0,NA,NA,NA,NA,NA,NA,NA,NA,NA,NA,NA,NA,NA,NA,NA,NA,NA,NA,NA,NA,NA,NA,NA
PI_508469,14.82,NA,0,NA,NA,NA,NA,NA,NA,NA,NA,NA,NA,NA,NA,NA,NA,NA,NA,NA,NA,NA,NA,NA,NA,NA
PI_511967,23.71333333333333,NA,1,NA,NA,NA,NA,NA,NA,NA,NA,NA,NA,NA,NA,NA,NA,NA,NA,NA,NA,NA,NA,NA,NA,NA
PI_511968,19.1725,NA,1,NA,NA,NA,NA,NA,NA,NA,NA,NA,NA,NA,NA,NA,NA,NA,NA,NA,NA,NA,NA,NA,NA,NA
PI_511969,20.225,NA,1,NA,NA,NA,NA,NA,NA,NA,NA,NA,NA,NA,NA,NA,NA,NA,NA,NA,NA,NA,NA,NA,NA,NA
PI_511974,18.759999999999998,NA,1,NA,NA,NA,NA,NA,NA,NA,NA,NA,NA,NA,NA,NA,NA,NA,NA,NA,NA,NA,NA,NA,NA,NA
PI_511978,12.120000000000001,NA,1,NA,NA,NA,NA,NA,NA,NA,NA,NA,NA,NA,NA,NA,NA,NA,NA,NA,NA,NA,NA,NA,NA,NA
PI_511981,18.2875,NA,1,NA,NA,NA,NA,NA,NA,NA,NA,NA,NA,NA,NA,NA,NA,NA,NA,NA,NA,NA,NA,NA,NA,NA
PI_511982,18.805,NA,1,NA,NA,NA,NA,NA,NA,NA,NA,NA,NA,NA,NA,NA,NA,NA,NA,NA,NA,NA,NA,NA,NA,NA
PI_511983,20.955,NA,1,NA,NA,NA,NA,NA,NA,NA,NA,NA,NA,NA,NA,NA,NA,NA,NA,NA,NA,NA,NA,NA,NA,NA
PI_512186,13.023333333333333,NA,1,NA,NA,NA,NA,NA,NA,NA,NA,NA,NA,NA,NA,NA,NA,NA,NA,NA,NA,NA,NA,NA,NA,NA
PI_512189,19.296666666666667,NA,1,NA,NA,NA,NA,NA,NA,NA,NA,NA,NA,NA,NA,NA,NA,NA,NA,NA,NA,NA,NA,NA,NA,NA
PI_512190,16.075,NA,1,NA,NA,NA,NA,NA,NA,NA,NA,NA,NA,NA,NA,NA,NA,NA,NA,NA,NA,NA,NA,NA,NA,NA
PI_512662,19.293333333333333,NA,1,NA,NA,NA,NA,NA,NA,NA,NA,NA,NA,NA,NA,NA,NA,NA,NA,NA,NA,NA,NA,NA,NA,NA
PI_512665,20.486666666666665,NA,1,NA,NA,NA,NA,NA,NA,NA,NA,NA,NA,NA,NA,NA,NA,NA,NA,NA,NA,NA,NA,NA,NA,NA
PI_512693,22.3925,NA,1,NA,NA,NA,NA,NA,NA,NA,NA,NA,NA,NA,NA,NA,NA,NA,NA,NA,NA,NA,NA,NA,NA,NA
PI_512701,12.92,NA,1,NA,NA,NA,NA,NA,NA,NA,NA,NA,NA,NA,NA,NA,NA,NA,NA,NA,NA,NA,NA,NA,NA,NA
PI_512703,21.689999999999998,NA,0,NA,NA,NA,NA,NA,NA,NA,NA,NA,NA,NA,NA,NA,NA,NA,NA,NA,NA,NA,NA,NA,NA,NA
PI_512709,19.196666666666665,NA,1,NA,NA,NA,NA,NA,NA,NA,NA,NA,NA,NA,NA,NA,NA,NA,NA,NA,NA,NA,NA,NA,NA,NA
PI_512739,10.795,NA,1,NA,NA,NA,NA,NA,NA,NA,NA,NA,NA,NA,NA,NA,NA,NA,NA,NA,NA,NA,NA,NA,NA,NA
PI_512741,14.106666666666667,NA,0,NA,NA,NA,NA,NA,NA,NA,NA,NA,NA,NA,NA,NA,NA,NA,NA,NA,NA,NA,NA,NA,NA,NA
PI_512744,3.84,NA,1,NA,NA,NA,NA,NA,NA,NA,NA,NA,NA,NA,NA,NA,NA,NA,NA,NA,NA,NA,NA,NA,NA,NA
PI_512749,17.677500000000002,NA,1,NA,NA,NA,NA,NA,NA,NA,NA,NA,NA,NA,NA,NA,NA,NA,NA,NA,NA,NA,NA,NA,NA,NA
PI_512751,20.365000000000002,NA,1,NA,NA,NA,NA,NA,NA,NA,NA,NA,NA,NA,NA,NA,NA,NA,NA,NA,NA,NA,NA,NA,NA,NA
PI_512754,14.835,NA,1,NA,NA,NA,NA,NA,NA,NA,NA,NA,NA,NA,NA,NA,NA,NA,NA,NA,NA,NA,NA,NA,NA,NA
PI_512755,15.67,NA,1,NA,NA,NA,NA,NA,NA,NA,NA,NA,NA,NA,NA,NA,NA,NA,NA,NA,NA,NA,NA,NA,NA,NA
PI_512757,13.098333333333333,NA,0,NA,NA,NA,NA,NA,NA,NA,NA,NA,NA,NA,NA,NA,NA,NA,NA,NA,NA,NA,NA,NA,NA,NA
PI_512773,15.59,NA,0,NA,NA,NA,NA,NA,NA,NA,NA,NA,NA,NA,NA,NA,NA,NA,NA,NA,NA,NA,NA,NA,NA,NA
PI_512776,16.244999999999997,NA,1,NA,NA,NA,NA,NA,NA,NA,NA,NA,NA,NA,NA,NA,NA,NA,NA,NA,NA,NA,NA,NA,NA,NA
PI_512779,10.105,NA,1,NA,NA,NA,NA,NA,NA,NA,NA,NA,NA,NA,NA,NA,NA,NA,NA,NA,NA,NA,NA,NA,NA,NA
PI_512780,12.175,NA,0,NA,NA,NA,NA,NA,NA,NA,NA,NA,NA,NA,NA,NA,NA,NA,NA,NA,NA,NA,NA,NA,NA,NA
PI_512785,15.355,NA,0,NA,NA,NA,NA,NA,NA,NA,NA,NA,NA,NA,NA,NA,NA,NA,NA,NA,NA,NA,NA,NA,NA,NA
PI_512789,26.856666666666666,NA,1,NA,NA,NA,NA,NA,NA,NA,NA,NA,NA,NA,NA,NA,NA,NA,NA,NA,NA,NA,NA,NA,NA,NA
PI_512796,26.14666666666667,NA,1,NA,NA,NA,NA,NA,NA,NA,NA,NA,NA,NA,NA,NA,NA,NA,NA,NA,NA,NA,NA,NA,NA,NA
PI_512800,19.875,NA,1,NA,NA,NA,NA,NA,NA,NA,NA,NA,NA,NA,NA,NA,NA,NA,NA,NA,NA,NA,NA,NA,NA,NA
PI_512805,14.6,NA,0,NA,NA,NA,NA,NA,NA,NA,NA,NA,NA,NA,NA,NA,NA,NA,NA,NA,NA,NA,NA,NA,NA,NA
PI_512806,15.285,NA,1,NA,NA,NA,NA,NA,NA,NA,NA,NA,NA,NA,NA,NA,NA,NA,NA,NA,NA,NA,NA,NA,NA,NA
PI_512812,14.705,NA,1,NA,NA,NA,NA,NA,NA,NA,NA,NA,NA,NA,NA,NA,NA,NA,NA,NA,NA,NA,NA,NA,NA,NA
PI_512813,18.735,NA,1,NA,NA,NA,NA,NA,NA,NA,NA,NA,NA,NA,NA,NA,NA,NA,NA,NA,NA,NA,NA,NA,NA,NA
PI_512822,14.126666666666667,NA,1,NA,NA,NA,NA,NA,NA,NA,NA,NA,NA,NA,NA,NA,NA,NA,NA,NA,NA,NA,NA,NA,NA,NA
PI_512823,13.873333333333333,NA,1,NA,NA,NA,NA,NA,NA,NA,NA,NA,NA,NA,NA,NA,NA,NA,NA,NA,NA,NA,NA,NA,NA,NA
PI_512826,14.786666666666667,NA,1,NA,NA,NA,NA,NA,NA,NA,NA,NA,NA,NA,NA,NA,NA,NA,NA,NA,NA,NA,NA,NA,NA,NA
PI_512831,11.59,NA,0,NA,NA,NA,NA,NA,NA,NA,NA,NA,NA,NA,NA,NA,NA,NA,NA,NA,NA,NA,NA,NA,NA,NA
PI_512834,13.321714285714286,NA,0,NA,NA,NA,NA,NA,NA,NA,NA,NA,NA,NA,NA,NA,NA,NA,NA,NA,NA,NA,NA,NA,NA,NA
PI_512840,18.275,NA,1,NA,NA,NA,NA,NA,NA,NA,NA,NA,NA,NA,NA,NA,NA,NA,NA,NA,NA,NA,NA,NA,NA,NA
PI_512857,5.956666666666666,NA,1,NA,NA,NA,NA,NA,NA,NA,NA,NA,NA,NA,NA,NA,NA,NA,NA,NA,NA,NA,NA,NA,NA,NA
PI_512861,7.826666666666666,NA,1,NA,NA,NA,NA,NA,NA,NA,NA,NA,NA,NA,NA,NA,NA,NA,NA,NA,NA,NA,NA,NA,NA,NA
PI_512863,8.67,NA,1,NA,NA,NA,NA,NA,NA,NA,NA,NA,NA,NA,NA,NA,NA,NA,NA,NA,NA,NA,NA,NA,NA,NA
PI_512869,12.855,NA,0,NA,NA,NA,NA,NA,NA,NA,NA,NA,NA,NA,NA,NA,NA,NA,NA,NA,NA,NA,NA,NA,NA,NA
PI_512870,17.393333333333334,NA,1,NA,NA,NA,NA,NA,NA,NA,NA,NA,NA,NA,NA,NA,NA,NA,NA,NA,NA,NA,NA,NA,NA,NA
PI_518688,9.655,NA,1,NA,NA,NA,NA,NA,NA,NA,NA,NA,NA,NA,NA,NA,NA,NA,NA,NA,NA,NA,NA,NA,NA,NA
PI_525170,14.12,NA,0,NA,NA,NA,NA,NA,NA,NA,NA,NA,NA,NA,NA,NA,NA,NA,NA,NA,NA,NA,NA,NA,NA,NA
PI_525171,16.575,NA,0,NA,NA,NA,NA,NA,NA,NA,NA,NA,NA,NA,NA,NA,NA,NA,NA,NA,NA,NA,NA,NA,NA,NA
PI_531315,26.22,NA,1,NA,NA,NA,NA,NA,NA,NA,NA,NA,NA,NA,NA,NA,NA,NA,NA,NA,NA,NA,NA,NA,NA,NA
PI_531316,11.7,NA,1,NA,NA,NA,NA,NA,NA,NA,NA,NA,NA,NA,NA,NA,NA,NA,NA,NA,NA,NA,NA,NA,NA,NA
PI_531319,22.096666666666668,NA,1,NA,NA,NA,NA,NA,NA,NA,NA,NA,NA,NA,NA,NA,NA,NA,NA,NA,NA,NA,NA,NA,NA,NA
PI_531320,8.085,NA,0,NA,NA,NA,NA,NA,NA,NA,NA,NA,NA,NA,NA,NA,NA,NA,NA,NA,NA,NA,NA,NA,NA,NA
PI_531323,17.98,NA,0,NA,NA,NA,NA,NA,NA,NA,NA,NA,NA,NA,NA,NA,NA,NA,NA,NA,NA,NA,NA,NA,NA,NA
PI_532354,2.5100000000000002,NA,1,NA,NA,NA,NA,NA,NA,NA,NA,NA,NA,NA,NA,NA,NA,NA,NA,NA,NA,NA,NA,NA,NA,NA
PI_532355,2.513333333333333,NA,1,NA,NA,NA,NA,NA,NA,NA,NA,NA,NA,NA,NA,NA,NA,NA,NA,NA,NA,NA,NA,NA,NA,NA
PI_532389,13.6425,NA,1,NA,NA,NA,NA,NA,NA,NA,NA,NA,NA,NA,NA,NA,NA,NA,NA,NA,NA,NA,NA,NA,NA,NA
PI_534558,14.148333333333333,NA,0,NA,NA,NA,NA,NA,NA,NA,NA,NA,NA,NA,NA,NA,NA,NA,NA,NA,NA,NA,NA,NA,NA,NA
PI_534561,10.36,NA,0,NA,NA,NA,NA,NA,NA,NA,NA,NA,NA,NA,NA,NA,NA,NA,NA,NA,NA,NA,NA,NA,NA,NA
PI_534620,9.215,NA,0,NA,NA,NA,NA,NA,NA,NA,NA,NA,NA,NA,NA,NA,NA,NA,NA,NA,NA,NA,NA,NA,NA,NA
PI_534623,12.695,NA,0,NA,NA,NA,NA,NA,NA,NA,NA,NA,NA,NA,NA,NA,NA,NA,NA,NA,NA,NA,NA,NA,NA,NA
PI_534626,16.59,NA,1,NA,NA,NA,NA,NA,NA,NA,NA,NA,NA,NA,NA,NA,NA,NA,NA,NA,NA,NA,NA,NA,NA,NA
PI_534632,12.925,NA,0,NA,NA,NA,NA,NA,NA,NA,NA,NA,NA,NA,NA,NA,NA,NA,NA,NA,NA,NA,NA,NA,NA,NA
PI_534634,10.25,NA,0,NA,NA,NA,NA,NA,NA,NA,NA,NA,NA,NA,NA,NA,NA,NA,NA,NA,NA,NA,NA,NA,NA,NA
PI_534638,12.32,NA,0,NA,NA,NA,NA,NA,NA,NA,NA,NA,NA,NA,NA,NA,NA,NA,NA,NA,NA,NA,NA,NA,NA,NA
PI_537508,19.57,NA,1,NA,NA,NA,NA,NA,NA,NA,NA,NA,NA,NA,NA,NA,NA,NA,NA,NA,NA,NA,NA,NA,NA,NA
PI_537519,28.62,NA,1,NA,NA,NA,NA,NA,NA,NA,NA,NA,NA,NA,NA,NA,NA,NA,NA,NA,NA,NA,NA,NA,NA,NA
PI_537532,17.42,NA,0,NA,NA,NA,NA,NA,NA,NA,NA,NA,NA,NA,NA,NA,NA,NA,NA,NA,NA,NA,NA,NA,NA,NA
PI_537555,15.2,NA,0,NA,NA,NA,NA,NA,NA,NA,NA,NA,NA,NA,NA,NA,NA,NA,NA,NA,NA,NA,NA,NA,NA,NA
PI_537560,27.9,NA,1,NA,NA,NA,NA,NA,NA,NA,NA,NA,NA,NA,NA,NA,NA,NA,NA,NA,NA,NA,NA,NA,NA,NA
PI_614694,2.855,NA,1,NA,NA,NA,NA,NA,NA,NA,NA,NA,NA,NA,NA,NA,NA,NA,NA,NA,NA,NA,NA,NA,NA,NA
PI_595364,13.71,NA,0,NA,NA,NA,NA,NA,NA,NA,NA,NA,NA,NA,NA,NA,NA,NA,NA,NA,NA,NA,NA,NA,NA,NA
PI_597784,9.94,NA,0,NA,NA,NA,NA,NA,NA,NA,NA,NA,NA,NA,NA,NA,NA,NA,NA,NA,NA,NA,NA,NA,NA,NA
Ames_25945,26.785,NA,1,NA,NA,NA,NA,NA,NA,NA,NA,NA,NA,NA,NA,NA,NA,NA,NA,NA,NA,NA,NA,NA,NA,NA
Ames_26609,3.8150000000000004,NA,1,NA,NA,NA,NA,NA,NA,NA,NA,NA,NA,NA,NA,NA,NA,NA,NA,NA,NA,NA,NA,NA,NA,NA
Ames_26610,4.0075,NA,1,NA,NA,NA,NA,NA,NA,NA,NA,NA,NA,NA,NA,NA,NA,NA,NA,NA,NA,NA,NA,NA,NA,NA
Ames_26617,4.657500000000001,NA,1,NA,NA,NA,NA,NA,NA,NA,NA,NA,NA,NA,NA,NA,NA,NA,NA,NA,NA,NA,NA,NA,NA,NA
Ames_26619,4.237500000000001,NA,1,NA,NA,NA,NA,NA,NA,NA,NA,NA,NA,NA,NA,NA,NA,NA,NA,NA,NA,NA,NA,NA,NA,NA
Ames_26878,3.6316666666666664,NA,1,NA,NA,NA,NA,NA,NA,NA,NA,NA,NA,NA,NA,NA,NA,NA,NA,NA,NA,NA,NA,NA,NA,NA
Ames_26882,2.435,NA,1,NA,NA,NA,NA,NA,NA,NA,NA,NA,NA,NA,NA,NA,NA,NA,NA,NA,NA,NA,NA,NA,NA,NA
Ames_26890,3.74,NA,1,NA,NA,NA,NA,NA,NA,NA,NA,NA,NA,NA,NA,NA,NA,NA,NA,NA,NA,NA,NA,NA,NA,NA
Ames_26891,3.7887500000000003,NA,1,NA,NA,NA,NA,NA,NA,NA,NA,NA,NA,NA,NA,NA,NA,NA,NA,NA,NA,NA,NA,NA,NA,NA
Ames_26893,2.84,NA,1,NA,NA,NA,NA,NA,NA,NA,NA,NA,NA,NA,NA,NA,NA,NA,NA,NA,NA,NA,NA,NA,NA,NA
Ames_26894,4.0006,NA,1,NA,NA,NA,NA,NA,NA,NA,NA,NA,NA,NA,NA,NA,NA,NA,NA,NA,NA,NA,NA,NA,NA,NA
Ames_26952,10.344999999999999,NA,1,NA,NA,NA,NA,NA,NA,NA,NA,NA,NA,NA,NA,NA,NA,NA,NA,NA,NA,NA,NA,NA,NA,NA
Ames_29179,16.2,NA,1,NA,NA,NA,NA,NA,NA,NA,NA,NA,NA,NA,NA,NA,NA,NA,NA,NA,NA,NA,NA,NA,NA,NA
Ames_29180,14.07,NA,1,NA,NA,NA,NA,NA,NA,NA,NA,NA,NA,NA,NA,NA,NA,NA,NA,NA,NA,NA,NA,NA,NA,NA
PI_176539,14.866666666666667,1,NA,1,1,21,NA,32,NA,4,NA,NA,0.48508642281537395,NA,1,0,NA,NA,NA,0,1,NA,NA,NA,NA,NA
PI_615087,6.913333333333333,NA,NA,NA,NA,NA,NA,NA,NA,NA,NA,NA,NA,NA,NA,NA,NA,NA,NA,NA,NA,NA,NA,NA,NA,NA
PI_169416,16.189999999999998,1,NA,1,1,15,11,35,NA,3,NA,0.24700280372201913,0.9151399447928732,2,0,1,NA,NA,NA,0,1,0,1,NA,NA,NA
PI_169417,19.442,1,NA,1,1,14,10,40,29,3,NA,-0.10798210347507059,0.8672659404144473,2,0,1,1,0,0,0,1,NA,NA,0,0,1
PI_169418,14.190000000000001,1,NA,1,1,13,NA,35,NA,3,NA,0.47027423933764617,0.8415702249823792,2,0,1,1,0,0,0,1,NA,NA,NA,NA,NA
PI_169420,12.443333333333333,1,NA,1,1,15,10,43,NA,3,NA,0.860405506103219,0.9151399447928732,2,0,1,1,0,0,0,1,NA,NA,NA,NA,NA
PI_169421,17.62,1,NA,1,1,19,NA,31,NA,5,3,0.47027423933764617,0.9794369903022488,2,1,0,NA,NA,NA,NA,NA,NA,NA,NA,NA,NA
PI_169422,17.235,1,NA,3,3,15,NA,51,NA,3,NA,0.42222318198801634,1.1612227260009638,3,1,0,NA,NA,NA,0,1,0,1,0,1,0
PI_169423,15.940000000000001,1,NA,1,1,12,8,28,25,2,NA,-0.3879330850442786,0.25089127436207614,2,0,1,NA,NA,NA,0,1,0,1,0,1,0
PI_169424,16.15,1,NA,1,1,13,NA,33,NA,3,NA,-0,0.6168199340555734,2,1,0,1,0,0,0,1,0,1,NA,NA,NA
PI_169425,15.58,1,NA,3,3,17,11,36,25,3,NA,-0.3879330850442786,0.48508642281537395,1,0,1,0,0,1,0,1,0,1,0,0,1
PI_169426,15.27,1,NA,1,1,16,10,52,36,3,NA,0.24700280372201913,0.25089127436207614,2,0,1,NA,NA,NA,0,1,NA,NA,0,0,1
PI_169427,14.235,1,NA,1,1,12,10,42,30,3,NA,-0.3879330850442786,0.9151399447928732,2,0,1,1,0,0,0,1,0,0,0,1,0
PI_169428,11.143333333333334,1,NA,3,3,NA,NA,NA,NA,3,2,1.9729934531219133,1.3003667301674666,1,0,1,NA,NA,NA,NA,NA,NA,NA,NA,NA,NA
PI_169429,15.658000000000001,1,NA,1,1,16,11,38,30,4,2,1.838945249370971,1.5320525483456744,2,0,1,1,0,0,0,1,NA,NA,NA,NA,NA
PI_169430,14.776666666666667,1,NA,1,1,21,16,17,11,3,2,1.910992654130365,1.889996929887079,1,1,0,NA,NA,NA,1,0,NA,NA,0,1,0
PI_169431,16.48,1,NA,1,1,13,NA,43,NA,3,NA,1.5406538399372156,0.9151399447928732,2,0,1,1,0,0,0,1,NA,NA,NA,NA,NA
PI_169432,14.84,1,NA,1,1,15,NA,43,NA,3,NA,-0.2351220181459704,0.8415702249823792,1,1,0,1,0,0,0,1,NA,NA,0,0,1
PI_169434,16.75,1,NA,1,1,25,NA,20,NA,3,NA,0.47027423933764617,0.6168199340555734,2,1,0,NA,NA,NA,0,0,0,1,0,1,0
PI_169435,15.248333333333333,NA,NA,5,5,16,12,45,37,3,2,0.3695604509559908,1.3196700454056092,2,0,1,NA,NA,NA,0,1,NA,NA,0,0,1
PI_169436,12.1325,NA,NA,3,3,10,NA,45,38,3,NA,1.879484220556251,1.9227544208277636,1,1,0,1,0,0,0,1,0,0,0,0,1
PI_169437,13.33,1,NA,1,1,27,24,20,18,4,NA,-1.6133995380685235,0.7243732283616842,2,1,0,0,0,1,0,0,0,1,0,1,0
PI_169438,18.26,1,NA,3,3,24,21,22,18,4,3,0.3695604509559908,1.1746813191556416,2,1,0,0,0,1,NA,NA,0,1,1,0,0
PI_169442,14.655,1,NA,3,3,13,NA,43,NA,3,NA,-1.6133995380685235,1.2004306578394248,1,0,1,1,0,0,0,1,NA,NA,0,0,1
PI_169443,13.6275,1,NA,1,1,13,NA,35,NA,2,NA,-0.3879330850442786,1.0538905584213403,2,0,1,1,0,0,0,1,NA,NA,0,0,1
PI_169445,14.5525,1,NA,1,1,13,NA,38,NA,3,NA,-0,0.48508642281537395,2,0,1,1,0,0,0,1,0,1,0,0,1
PI_169446,17.75,1,NA,1,1,13,NA,53,43,3,NA,-0,-0,2,0,1,1,0,0,0,1,0,1,0,1,0
PI_169447,15.526666666666667,1,NA,1,1,12,NA,40,30,2,NA,0.7955929605469937,0.7243732283616842,1,0,1,1,0,0,0,1,0,1,NA,NA,NA
PI_615115,7.0200000000000005,NA,NA,NA,NA,NA,NA,NA,NA,NA,NA,NA,NA,NA,NA,NA,NA,NA,NA,NA,NA,NA,NA,NA,NA,NA
PI_169449,19.310000000000002,1,NA,1,1,25,NA,18,NA,3,NA,0.24700280372201913,0.6168199340555734,1,1,0,NA,NA,NA,0,0,0,1,0,0,1
PI_179269,15.969999999999999,1,NA,1,1,13,8,55,43,3,NA,NA,0.9151399447928732,1,1,0,NA,NA,NA,0,1,0,0,0,0,1
PI_169451,19.77,1,NA,1,1,25,NA,15,NA,3,NA,1.1935179378678922,1.2004306578394248,2,1,0,0,0,1,0,0,0,1,0,1,0
Ames_7770,17.869999999999997,NA,NA,NA,NA,NA,NA,NA,NA,NA,NA,NA,NA,NA,NA,NA,NA,NA,NA,NA,NA,NA,NA,NA,NA,NA
PI_614683,4.75,NA,NA,NA,NA,NA,NA,NA,NA,NA,NA,NA,NA,NA,NA,NA,NA,NA,NA,NA,NA,NA,NA,NA,NA,NA
PI_169454,14.5925,1,NA,1,1,14,12,42,28,2,NA,0.24700280372201913,-0.10728992134153424,2,0,1,0,1,0,0,1,0,1,NA,NA,NA
PI_169456,20.086666666666666,1,NA,3,3,30,NA,23,NA,3,NA,-0.8177812039361222,-0.7826046778624883,2,1,0,0,0,1,1,0,NA,NA,NA,NA,NA
PI_614686,3.1900000000000004,NA,NA,NA,NA,NA,NA,NA,NA,NA,NA,NA,NA,NA,NA,NA,NA,NA,NA,NA,NA,NA,NA,NA,NA,NA
PI_169458,16.080000000000002,1,NA,1,1,13,NA,48,NA,3,NA,0.31148885138394206,1.1029744917915214,2,0,1,1,0,0,0,1,NA,NA,0,0,1
PI_614688,3.8150000000000004,NA,NA,NA,NA,NA,NA,NA,NA,NA,NA,NA,NA,NA,NA,NA,NA,NA,NA,NA,NA,NA,NA,NA,NA,NA
PI_614689,3.9899999999999998,NA,NA,NA,NA,NA,NA,NA,NA,NA,NA,NA,NA,NA,NA,NA,NA,NA,NA,NA,NA,NA,NA,NA,NA,NA
PI_614690,3.7350000000000003,NA,NA,NA,NA,NA,NA,NA,NA,NA,NA,NA,NA,NA,NA,NA,NA,NA,NA,NA,NA,NA,NA,NA,NA,NA
PI_614691,3.5966666666666667,NA,NA,NA,NA,NA,NA,NA,NA,NA,NA,NA,NA,NA,NA,NA,NA,NA,NA,NA,NA,NA,NA,NA,NA,NA
PI_615119,15.985,NA,NA,NA,NA,NA,NA,NA,NA,NA,NA,NA,NA,NA,NA,NA,NA,NA,NA,NA,NA,NA,NA,NA,NA,NA
PI_615120,16.2395,NA,NA,NA,NA,NA,NA,NA,NA,NA,NA,NA,NA,NA,NA,NA,NA,NA,NA,NA,NA,NA,NA,NA,NA,NA
PI_615121,18.58,NA,NA,NA,NA,NA,NA,NA,NA,NA,NA,NA,NA,NA,NA,NA,NA,NA,NA,NA,NA,NA,NA,NA,NA,NA
PI_169467,16.12,1,NA,1,1,24,NA,19,NA,4,3,0.5926040308240456,0.5760342820735265,2,1,0,NA,NA,NA,NA,NA,0,1,NA,NA,NA
PI_615123,17.525,NA,NA,NA,NA,NA,NA,NA,NA,NA,NA,NA,NA,NA,NA,NA,NA,NA,NA,NA,NA,NA,NA,NA,NA,NA
PI_615124,14.3,NA,NA,NA,NA,NA,NA,NA,NA,NA,NA,NA,NA,NA,NA,NA,NA,NA,NA,NA,NA,NA,NA,NA,NA,NA
PI_615125,14.385,NA,NA,NA,NA,NA,NA,NA,NA,NA,NA,NA,NA,NA,NA,NA,NA,NA,NA,NA,NA,NA,NA,NA,NA,NA
PI_182200,18.43,1,NA,1,1,20,NA,30,15,3,NA,-0.2351220181459704,0.9589077794854597,2,1,0,NA,NA,NA,NA,NA,NA,NA,NA,NA,NA
PI_615127,20.705,NA,NA,NA,NA,NA,NA,NA,NA,NA,NA,NA,NA,NA,NA,NA,NA,NA,NA,NA,NA,NA,NA,NA,NA,NA
PI_615128,18.34,NA,NA,NA,NA,NA,NA,NA,NA,NA,NA,NA,NA,NA,NA,NA,NA,NA,NA,NA,NA,NA,NA,NA,NA,NA
PI_357922,14.834999999999999,0,NA,5,5,13,NA,40,NA,3,2,NA,NA,NA,0,1,NA,NA,NA,0,1,NA,NA,0,1,0
PI_169477,15.225,1,NA,1,1,13,NA,43,NA,3,NA,-0.5765437375364302,-0.2319165400815417,2,0,1,1,0,0,0,1,NA,NA,0,0,1
PI_615131,13.191500000000001,NA,NA,NA,NA,NA,NA,NA,NA,NA,NA,NA,NA,NA,NA,NA,NA,NA,NA,NA,NA,NA,NA,NA,NA,NA
PI_171621,13.6175,1,NA,1,1,13,10,36,24,3,2,-1.142244685569768,-0.5583733829722902,2,0,1,0,0,0,0,1,NA,NA,0,0,1
PI_171622,15.616666666666667,1,NA,1,1,23,NA,20,NA,4,3,-0.2351220181459704,0.17673077664847603,2,NA,NA,NA,NA,NA,NA,NA,NA,NA,0,1,0
PI_601144,12.32,NA,NA,NA,NA,NA,NA,NA,NA,NA,NA,NA,NA,NA,NA,NA,NA,NA,NA,NA,NA,NA,NA,NA,NA,NA
PI_615135,13.100000000000001,NA,NA,NA,NA,NA,NA,NA,NA,NA,NA,NA,NA,NA,NA,NA,NA,NA,NA,NA,NA,NA,NA,NA,NA,NA
PI_171626,14.678333333333333,1,NA,1,1,14,10,44,30,3,NA,0.42222318198801634,1.1029744917915214,2,0,1,NA,NA,NA,0,1,NA,NA,NA,NA,NA
PI_171627,15.82,1,NA,3,3,15,11,58,37,4,3,0.47027423933764617,0.4340319326469891,2,0,1,NA,NA,NA,0,1,NA,NA,0,0,1
PI_171628,16.15,1,NA,3,3,20,19,68,19,3,2,0.6601634289521365,0.3785004715524708,2,0,1,NA,NA,NA,NA,NA,NA,NA,0,0,1
PI_171629,14.244,1,NA,1,1,20,18,20,18,4,3,0.5549879389390893,0.6907237397737466,2,NA,NA,NA,NA,NA,1,0,NA,NA,NA,NA,NA
PI_171631,12.469999999999999,1,NA,1,1,23,14,45,25,3,NA,-0,0.6168199340555734,2,0,1,1,0,0,NA,NA,NA,NA,0,0,1
PI_171633,17.759999999999998,1,NA,1,1,13,NA,45,35,3,2,NA,NA,NA,0,1,0,0,0,0,1,NA,NA,NA,NA,NA
PI_171635,15.323333333333334,1,NA,3,3,13,10,46,29,3,NA,-0.3879330850442786,0.8415702249823792,1,0,1,0,0,0,0,1,NA,NA,0,0,1
PI_171636,23.765,1,NA,1,1,25,20,40,18,4,3,NA,NA,NA,1,0,0,0,1,0,0,NA,NA,0,1,0
PI_172406,15.236,1,NA,1,1,19,13,40,35,3,NA,0.3695604509559908,0.7561125668259816,2,0,1,NA,NA,NA,0,1,NA,NA,NA,NA,NA
PI_204696,15.25,1,NA,1,1,12,7,40,25,3,2,NA,NA,NA,0,1,NA,NA,NA,0,1,NA,NA,NA,NA,NA
PI_357940,20.916666666666668,1,NA,5,5,20,NA,20,NA,3,NA,NA,NA,NA,1,0,0,0,1,1,0,NA,NA,0,1,0
PI_204698,14.34,1,NA,1,1,33,11,70,60,3,2,-0,0.5760342820735265,2,0,1,0,1,0,0,1,NA,NA,NA,NA,NA
PI_172861,13.796666666666667,1,NA,1,1,14,12,47,32,3,NA,0.5926040308240456,0.48508642281537395,2,0,1,0,0,0,0,1,NA,NA,0,0,1
PI_357943,24.09,1,NA,1,1,17,12,60,30,3,NA,NA,NA,NA,1,0,NA,NA,NA,0,1,NA,NA,0,0,1
PI_615151,8.0975,NA,NA,NA,NA,NA,NA,NA,NA,NA,NA,NA,NA,NA,NA,NA,NA,NA,NA,NA,NA,NA,NA,NA,NA,NA
PI_615152,6.48,NA,NA,NA,NA,NA,NA,NA,NA,NA,NA,NA,NA,NA,NA,NA,NA,NA,NA,NA,NA,NA,NA,NA,NA,NA
Ames_21644,15.510000000000002,NA,NA,NA,NA,NA,NA,NA,NA,NA,NA,NA,NA,NA,NA,NA,NA,NA,NA,NA,NA,NA,NA,NA,NA,NA
Ames_21645,15.01,NA,NA,NA,NA,NA,NA,NA,NA,NA,NA,NA,NA,NA,NA,NA,NA,NA,NA,NA,NA,NA,NA,NA,NA,NA
Ames_21649,14.596666666666666,NA,NA,NA,NA,NA,NA,NA,NA,NA,NA,NA,NA,NA,NA,NA,NA,NA,NA,NA,NA,NA,NA,NA,NA,NA
Ames_21650,16.625,NA,NA,NA,NA,NA,NA,NA,NA,NA,NA,NA,NA,NA,NA,NA,NA,NA,NA,NA,NA,NA,NA,NA,NA,NA
Ames_21651,12.64,NA,NA,NA,NA,NA,NA,NA,NA,NA,NA,NA,NA,NA,NA,NA,NA,NA,NA,NA,NA,NA,NA,NA,NA,NA
Ames_21653,14.316666666666666,NA,NA,NA,NA,NA,NA,NA,NA,NA,NA,NA,NA,NA,NA,NA,NA,NA,NA,NA,NA,NA,NA,NA,NA,NA
PI_172875,18.2075,1,NA,1,1,18,17,33,14,3,NA,0.42222318198801634,0.48508642281537395,2,NA,NA,NA,NA,NA,NA,NA,NA,NA,NA,NA,NA
Ames_24950,17.175,NA,NA,NA,NA,NA,NA,NA,NA,NA,NA,NA,NA,NA,NA,NA,NA,NA,NA,NA,NA,NA,NA,NA,NA,NA
Ames_24951,12.75,NA,NA,NA,NA,NA,NA,NA,NA,NA,NA,NA,NA,NA,NA,NA,NA,NA,NA,NA,NA,NA,NA,NA,NA,NA
PI_173683,16.685000000000002,1,NA,1,1,20,8,35,20,3,NA,0.5926040308240456,1.2364130739390815,1,1,0,NA,NA,NA,0,0,NA,NA,NA,NA,NA
PI_212010,16,1,NA,3,3,33,NA,25,NA,4,3,1.981145962611093,1.5211160655532705,2,0,1,0,0,1,0,0,NA,NA,0,0,1
PI_173685,15.91,1,NA,1,1,28,23,25,20,4,NA,0.860405506103219,1.2004306578394248,2,0,1,NA,NA,NA,1,0,0,1,0,1,0
PI_212013,19.5425,1,NA,1,1,14,11,40,30,2,NA,NA,0.8415702249823792,2,0,1,0,0,0,0,1,NA,NA,NA,NA,NA
PI_212014,17.665,1,NA,1,1,13,NA,30,NA,3,2,NA,0.6168199340555734,3,0,1,0,0,0,0,1,NA,NA,NA,NA,NA
PI_109486,17.7125,1,NA,1,1,15,13,40,25,3,NA,1.3030092418816386,1.372595423314182,2,0,1,NA,NA,NA,0,1,0,0,NA,NA,NA
PI_174180,13.33,1,NA,1,1,15,10,30,21,4,2,0.5143549472449804,0.8415702249823792,2,0,1,NA,NA,NA,0,1,NA,NA,0,0,1
PI_135394,8.023333333333333,1,NA,1,1,12,8,11,7,2,NA,1.5767736192516495,1.4608073792808618,1,0,0,NA,NA,NA,NA,NA,NA,NA,NA,NA,NA
PI_136448,14.2225,1,NA,1,1,13,10,25,20,2,1,1.3471088567810312,1.018093280335457,2,0,1,0,1,0,NA,NA,0,0,0,0,1
PI_137896,17.075,1,NA,1,1,18,13,28,23,3,2,NA,NA,NA,0,1,0,1,0,0,1,NA,NA,0,0,1
PI_141660,17.99,1,NA,3,3,20,13,25,7,3,NA,NA,NA,NA,1,0,NA,NA,NA,NA,NA,NA,NA,NA,NA,NA
PI_141666,13.49,1,NA,1,1,13,10,35,25,3,NA,NA,NA,NA,0,1,0,1,0,0,1,NA,NA,0,0,1
PI_357972,12.625,1,NA,NA,NA,12,10,30,NA,2,NA,NA,NA,NA,0,1,NA,NA,NA,NA,NA,NA,NA,NA,NA,NA
PI_143329,16.2175,1,NA,3,3,27,20,20,16,4,3,1.9238478235177223,1.6132561931662466,2,1,0,0,0,1,0,0,NA,NA,NA,NA,NA
PI_155301,15.2825,1,NA,1,1,12,10,43,25,2,NA,1.491482189719228,1.5821212481156437,2,0,1,NA,NA,NA,0,1,NA,NA,NA,NA,NA
PI_174190,10.62,1,NA,1,1,10,7,23,18,1,NA,0.24700280372201913,0.9151399447928732,2,0,1,0,1,0,0,1,0,0,0,0,1
PI_158990,12.485,1,NA,1,1,13,9,17,13,2,NA,1.8989035145846418,1.6642801314322089,2,NA,NA,NA,NA,NA,0,1,NA,NA,NA,NA,NA
PI_174195,17.796666666666667,1,NA,1,1,13,12,36,32,2,NA,-0.3879330850442786,0.7243732283616842,2,1,0,0,0,0,0,1,NA,NA,0,0,1
PI_164957,14.696666666666665,1,NA,1,1,12,10,44,32,2,NA,0.860405506103219,0.9151399447928732,2,1,0,1,0,0,0,1,NA,NA,NA,NA,NA
PI_164997,18.69,1,NA,1,1,18,12,33,26,4,2,-0.10798210347507059,0.814563116130351,2,1,0,NA,NA,NA,NA,NA,NA,NA,1,0,0
PI_165004,19.61,1,NA,1,1,30,NA,30,NA,5,4,0.47027423933764617,0.9794369903022488,3,1,0,0,0,1,1,0,0,1,NA,NA,NA
PI_175706,14.129999999999999,1,NA,1,1,12,10,30,22,2,NA,-0.2351220181459704,0.6168199340555734,2,0,1,0,1,0,0,1,NA,NA,0,0,1
PI_165023,15.682,1,NA,1,1,14,11,43,31,3,NA,1.8966359668935768,1.6569348393299212,2,1,0,NA,NA,NA,0,1,NA,NA,NA,NA,NA
PI_165047,16.23,1,NA,3,3,15,NA,48,NA,3,2,1.8152332849115997,2.1401809772698996,2,1,0,1,0,0,0,1,NA,NA,0,0,1
PI_165071,20.073333333333334,1,NA,3,3,12,NA,40,NA,3,NA,-0,1.0538905584213403,2,1,0,1,0,0,0,1,NA,NA,0,0,1
PI_165081,13.976666666666667,1,NA,1,1,16,NA,42,NA,2,2,0.860405506103219,0.9151399447928732,4,0,1,NA,NA,NA,0,1,0,0,NA,NA,NA
PI_165992,13.155000000000001,1,NA,1,1,15,NA,33,NA,4,NA,0.6906638743560909,1.2004306578394248,1,0,1,0,0,1,0,1,NA,NA,NA,NA,NA
PI_166992,14.2725,1,NA,1,1,10,NA,35,30,2,NA,NA,NA,NA,1,0,1,0,0,0,1,0,0,1,0,0
PI_167036,16.94,1,NA,5,5,13,10,29,24,3,NA,0.42222318198801634,0.3177592118979314,2,1,0,0,0,1,0,1,0,0,0,0,1
PI_167042,16.056666666666665,1,NA,1,1,10,NA,35,25,3,NA,0.5143549472449804,0.6549541441324297,2,0,1,1,0,0,0,1,NA,NA,0,0,1
PI_176532,17.88,1,NA,1,1,20,15,20,15,3,NA,NA,NA,NA,1,0,0,0,1,1,0,NA,NA,0,1,0
PI_167084,15.37,1,NA,1,1,16,NA,38,NA,3,NA,-0.3879330850442786,0.25089127436207614,2,0,1,1,0,0,0,1,NA,NA,0,0,1
PI_167097,18.903333333333332,1,NA,1,1,13,9,40,27,3,NA,-0.5765437375364302,0.17673077664847603,2,1,0,1,0,0,0,1,0,0,0,0,1
PI_167136,15.52,1,NA,1,1,13,10,40,NA,3,NA,1.2865222241387646,1.2477683199857104,1,0,1,1,0,0,0,1,NA,NA,NA,NA,NA
PI_176536,20.83,1,NA,1,1,24,21,32,24,3,NA,0.47027423933764617,0.9794369903022488,2,0,1,0,0,1,NA,NA,NA,NA,NA,NA,NA
PI_176537,14.384,1,NA,1,1,18,10,38,18,3,NA,NA,1.1029744917915214,2,0,1,NA,NA,NA,NA,NA,NA,NA,NA,NA,NA
PI_167364,18.314999999999998,1,NA,1,1,15,10,34,26,3,NA,2.022871765251278,1.3101321323487296,1,1,0,0,1,0,0,1,NA,NA,0,0,1
PI_260653,16.11,1,NA,3,3,23,18,25,19,2,NA,-0.10798210347507059,0.3177592118979314,1,0,1,NA,NA,NA,1,0,NA,NA,NA,NA,NA
PI_169414,14.216666666666667,NA,NA,NA,NA,NA,NA,NA,NA,NA,NA,NA,NA,NA,NA,NA,NA,NA,NA,0,0,NA,NA,NA,NA,NA
PI_176543,16.97,1,NA,1,1,13,7,51,33,3,NA,NA,0.9151399447928732,1,0,1,NA,NA,NA,0,1,0,0,NA,NA,NA
PI_176544,15.774000000000001,1,NA,1,1,28,15,43,15,3,2,NA,0.8415702249823792,1,NA,NA,NA,NA,NA,NA,NA,0,1,NA,NA,NA
PI_176545,16.6375,1,NA,1,1,20,NA,23,NA,4,3,NA,0.25089127436207614,1,0,1,NA,NA,NA,1,0,NA,NA,NA,NA,NA
PI_176546,17.560000000000002,1,NA,1,1,19,11,30,23,3,NA,NA,0.25089127436207614,2,1,0,NA,NA,NA,0,1,NA,NA,0,0,1
PI_176547,15.096,1,NA,1,1,23,20,20,18,3,NA,NA,1.2004306578394248,1,1,0,NA,NA,NA,NA,NA,NA,NA,NA,NA,NA
PI_176548,13.370000000000001,1,NA,1,1,18,7,53,23,3,NA,0.31148885138394206,0.09376717721588994,2,1,0,NA,NA,NA,0,1,NA,NA,0,0,1
PI_176549,12.64,1,NA,1,1,15,7,45,25,2,NA,NA,0.6168199340555734,1,0,1,NA,NA,NA,0,1,NA,NA,0,0,1
PI_176550,19.02,1,NA,1,1,30,18,30,15,3,NA,0.7192815974003709,0.8672659404144473,3,1,0,NA,NA,NA,1,0,NA,NA,NA,NA,NA
PI_176551,18.124000000000002,1,NA,1,1,30,20,20,18,4,NA,NA,0.8415702249823792,1,1,0,NA,NA,NA,1,0,NA,NA,1,0,0
PI_267756,13.82,1,NA,1,1,10,7,30,25,2,NA,NA,NA,NA,0,1,0,1,0,0,1,0,0,0,0,1
PI_176553,12.3475,1,NA,1,1,14,10,44,24,3,NA,NA,0.25089127436207614,1,0,1,NA,NA,NA,0,1,NA,NA,0,0,1
PI_267758,15.3825,1,NA,3,3,20,12,40,30,4,NA,NA,NA,NA,0,1,NA,NA,NA,NA,NA,NA,NA,NA,NA,NA
PI_176961,14.315,1,NA,1,1,13,9,45,30,3,NA,NA,0.8415702249823792,1,1,0,NA,NA,NA,0,1,NA,NA,0,0,1
PI_268381,16.5675,1,NA,3,3,18,NA,12,NA,3,2,NA,NA,NA,0,1,NA,NA,NA,1,0,NA,NA,NA,NA,NA
PI_176964,16.126666666666665,1,NA,1,1,15,9,51,25,3,NA,NA,0.7243732283616842,2,0,1,NA,NA,NA,0,1,0,0,0,0,1
PI_274336,16.325,1,NA,3,3,20,12,18,10,3,NA,NA,NA,NA,1,0,NA,NA,NA,NA,NA,NA,NA,NA,NA,NA
PI_177369,13.367142857142857,1,NA,1,1,13,9,53,28,2,NA,NA,NA,NA,0,1,NA,NA,NA,0,1,NA,NA,0,0,1
PI_177370,16.16,1,NA,1,1,12,9,48,33,2,NA,0.17481240004802578,0.3785004715524708,2,0,1,NA,NA,NA,0,1,NA,NA,0,0,1
PI_177372,18.46,1,NA,1,1,25,10,45,15,3,NA,NA,0.7243732283616842,2,0,1,NA,NA,NA,NA,NA,NA,NA,NA,NA,NA
PI_177374,18.490000000000002,1,NA,1,1,22,20,18,14,4,2,NA,NA,NA,0,1,1,0,0,NA,NA,NA,NA,NA,NA,NA
PI_177375,17.810000000000002,1,NA,5,5,14,NA,10,NA,NA,NA,1.8680788077915436,1.5266265273387916,1,NA,NA,NA,NA,NA,1,0,0,1,0,0,1
PI_177376,19.48,1,NA,1,1,23,18,45,18,4,3,0.42222318198801634,0.3177592118979314,2,NA,NA,0,0,1,NA,NA,NA,NA,0,0,1
PI_288241,13.562857142857142,0,NA,1,1,12,7,30,23,3,2,NA,NA,NA,0,0,0,0,1,NA,NA,NA,NA,0,0,1
PI_178896,16.035,1,NA,1,1,14,NA,30,NA,3,NA,0.31148885138394206,0.6907237397737466,2,0,1,NA,NA,NA,0,1,0,1,0,0,1
PI_178897,19.98,1,NA,1,1,22,NA,21,NA,2,NA,-0,0.6549541441324297,1,0,1,NA,NA,NA,NA,NA,0,1,0,0,1
PI_178898,14.5225,1,NA,1,1,20,13,38,20,4,NA,NA,0.48508642281537395,2,1,0,NA,NA,NA,NA,NA,NA,NA,NA,NA,NA
PI_293791,15.53,1,NA,1,1,30,25,30,25,5,4,NA,NA,NA,1,0,NA,NA,NA,1,0,NA,NA,0,1,0
PI_179268,15.672142857142857,1,NA,1,1,14,9,47,40,3,2,NA,0.25089127436207614,1,0,1,NA,NA,NA,0,1,NA,NA,0,0,1
PI_299574,10.803333333333333,NA,NA,NA,NA,NA,NA,NA,NA,NA,NA,NA,NA,NA,NA,NA,NA,NA,NA,NA,NA,NA,NA,NA,NA,NA
PI_179270,17.415,1,NA,1,1,30,20,20,15,4,NA,NA,0.6168199340555734,1,1,0,0,0,1,NA,NA,NA,NA,NA,NA,NA
PI_169452,17.875,1,NA,1,1,23,NA,15,NA,3,NA,1.0220337311627408,0.7243732283616842,3,1,0,NA,NA,NA,0,0,NA,NA,1,0,0
PI_169453,17.04,1,NA,1,1,13,NA,40,NA,3,NA,0.5926040308240456,0.6168199340555734,4,0,1,1,0,0,0,1,0,1,0,0,1
PI_179274,15.780000000000001,1,NA,1,1,16,13,45,30,3,2,0.860405506103219,0.9151399447928732,3,0,1,NA,NA,NA,0,1,NA,NA,0,0,1
PI_311102,11.535,1,NA,1,1,15,13,20,15,2,NA,NA,NA,NA,1,0,0,0,1,NA,NA,NA,NA,NA,NA,NA
PI_169457,14.33,1,NA,1,1,15,NA,40,NA,3,NA,0.47027423933764617,0.6168199340555734,2,0,1,1,0,0,0,1,NA,NA,NA,NA,NA
PI_181758,11.463333333333333,1,NA,1,1,12,9,25,NA,2,NA,1.8557959804892554,1.4405991174038788,2,0,1,NA,NA,NA,0,1,NA,NA,0,1,0
PI_169459,18.2,1,NA,1,1,12,NA,43,25,2,NA,-0,1.0538905584213403,2,0,1,1,0,0,0,1,0,1,NA,NA,NA
PI_181760,14.3,1,NA,1,1,13,10,30,20,2,NA,NA,0.48508642281537395,1,0,1,NA,NA,NA,0,1,NA,NA,0,0,1
PI_169461,17.619999999999997,1,NA,5,5,13,NA,51,NA,3,NA,-0.2351220181459704,-0,2,0,1,1,0,0,0,1,NA,NA,0,0,1
PI_169462,14.695,1,NA,1,1,15,13,61,45,3,NA,0.47027423933764617,0.8415702249823792,2,0,1,1,0,0,0,1,0,1,NA,NA,NA
PI_169463,18.880000000000003,1,NA,1,1,25,NA,23,NA,4,2,0.7955929605469937,0.8415702249823792,2,1,0,0,0,1,NA,NA,NA,NA,NA,NA,NA
PI_169464,13.735000000000001,1,NA,1,1,23,NA,20,NA,3,2,0.47027423933764617,0.6168199340555734,2,1,0,NA,NA,NA,1,0,NA,NA,NA,NA,NA
PI_169465,15.623333333333333,1,NA,1,1,12,9,47,26,3,NA,0.860405506103219,0.6168199340555734,2,0,1,NA,NA,NA,0,1,NA,NA,NA,NA,NA
PI_357961,13.3525,1,NA,NA,NA,15,11,55,42,2,NA,NA,NA,NA,0,0,NA,NA,NA,0,1,NA,NA,NA,NA,NA
PI_169468,18.55857142857143,1,NA,3,3,30,26,20,NA,4,NA,NA,NA,NA,1,0,NA,NA,NA,0,0,NA,NA,NA,NA,NA
PI_169469,13.969999999999999,1,NA,1,1,16,7,58,29,3,2,0.24700280372201913,0.8415702249823792,1,0,1,1,0,0,0,1,NA,NA,0,0,1
PI_169472,17.03,1,NA,1,1,13,NA,33,NA,3,NA,-0,0.9151399447928732,2,0,1,1,0,0,0,1,0,1,0,0,1
PI_512793,15.29,NA,NA,NA,NA,NA,NA,NA,NA,NA,NA,NA,NA,NA,NA,NA,NA,NA,NA,NA,NA,NA,NA,NA,NA,NA
PI_169474,13.748000000000001,1,NA,1,1,12,NA,35,NA,2,NA,-0.10798210347507059,0.4340319326469891,1,0,1,1,0,0,0,1,0,1,NA,NA,NA
PI_182202,15.398,1,NA,1,1,15,13,45,35,3,NA,0.17481240004802578,0.6549541441324297,1,0,1,NA,NA,NA,0,1,NA,NA,0,0,1
PI_512799,18.939999999999998,NA,NA,NA,NA,NA,NA,NA,NA,NA,NA,NA,NA,NA,NA,NA,NA,NA,NA,NA,NA,NA,NA,NA,NA,NA
PI_183232,15.192857142857143,1,NA,1,1,14,11,35,30,3,NA,0.860405506103219,0.9151399447928732,2,0,1,NA,NA,NA,0,1,NA,NA,NA,NA,NA
PI_169478,16.496666666666666,1,NA,1,1,18,13,43,NA,3,NA,1.7097213981246508,1.5040543798003196,2,0,1,1,0,0,0,1,NA,NA,0,0,1
PI_185032,14.466666666666667,1,NA,1,1,15,10,51,23,3,NA,0.860405506103219,0.9151399447928732,3,NA,NA,NA,NA,NA,0,1,NA,NA,NA,NA,NA
PI_357926,22.3,1,NA,1,1,27,20,40,20,4,3,NA,NA,NA,1,0,0,0,1,NA,NA,NA,NA,1,0,0
PI_357927,30.376,1,NA,1,1,20,12,20,12,3,2,NA,NA,NA,NA,NA,NA,NA,NA,1,0,NA,NA,NA,NA,NA
PI_357928,17.456,1,NA,1,1,27,17,27,17,3,2,NA,NA,NA,0,1,0,0,1,1,0,NA,NA,1,0,0
PI_193499,16.5,1,NA,1,1,20,10,28,25,3,NA,1.9359184180149567,1.3557211192486158,1,0,1,NA,NA,NA,NA,NA,NA,NA,NA,NA,NA
PI_193501,13.696666666666667,1,NA,1,1,19,14,54,36,6,4,1.7055625592669115,1.3101321323487296,3,1,0,1,0,0,0,1,NA,NA,0,0,1
PI_512810,21.255000000000003,NA,NA,NA,NA,NA,NA,NA,NA,NA,NA,NA,NA,NA,NA,NA,NA,NA,NA,NA,NA,NA,NA,NA,NA,NA
PI_357932,16.865000000000002,0,NA,1,1,10,NA,6,5,3,NA,NA,NA,NA,0,1,NA,NA,NA,0,1,NA,NA,0,0,1
PI_357933,17,1,NA,1,1,23,NA,20,NA,4,3,NA,NA,NA,1,0,0,0,1,1,0,NA,NA,0,0,1
PI_199015,15.715,1,NA,1,1,30,22,28,15,4,NA,NA,NA,NA,1,0,0,0,1,NA,NA,NA,NA,NA,NA,NA
PI_204693,17.173333333333332,1,NA,1,1,23,10,43,12,NA,NA,NA,NA,NA,NA,NA,NA,NA,NA,NA,NA,0,1,NA,NA,NA
PI_204694,16.43,1,NA,1,1,27,8,36,19,3,2,NA,NA,NA,0,0,0,1,0,NA,NA,NA,NA,NA,NA,NA
PI_204695,14.696666666666665,1,NA,1,1,13,9,32,22,3,2,NA,NA,NA,0,0,NA,NA,NA,0,1,NA,NA,0,0,1
PI_357939,18.896666666666665,1,NA,1,1,24,20,24,20,3,2,NA,NA,NA,1,0,0,0,1,1,0,NA,NA,0,1,0
Ames_26616,3.94375,NA,NA,NA,NA,NA,NA,NA,NA,NA,NA,NA,NA,NA,NA,NA,NA,NA,NA,NA,NA,NA,NA,NA,NA,NA
PI_357941,15.4325,0,NA,1,1,12,10,50,37,3,2,NA,NA,NA,0,1,0,1,0,0,1,NA,NA,0,0,1
PI_357942,25.325000000000003,1,NA,1,1,24,20,24,20,5,3,NA,NA,NA,1,0,NA,NA,NA,1,0,NA,NA,0,0,1
PI_512837,14.995000000000001,NA,NA,NA,NA,NA,NA,NA,NA,NA,NA,NA,NA,NA,NA,NA,NA,NA,NA,NA,NA,NA,NA,NA,NA,NA
PI_206957,14.434,1,NA,1,1,10,NA,38,30,2,NA,0.24700280372201913,0.25089127436207614,1,0,1,NA,NA,NA,0,1,NA,NA,0,0,1
PI_172867,15.551666666666666,1,NA,1,1,20,15,27,19,4,3,0.5143549472449804,0.17673077664847603,1,0,1,0,0,1,0,0,NA,NA,NA,NA,NA
PI_357948,13.353333333333333,1,NA,3,3,21,20,30,23,4,3,NA,NA,NA,0,1,NA,NA,NA,NA,NA,NA,NA,NA,NA,NA
PI_212000,18.38,1,NA,1,1,30,NA,40,NA,8,5,0.47027423933764617,0.5322580037749306,2,1,0,0,0,1,0,1,NA,NA,1,0,0
PI_172871,13.313333333333333,1,NA,1,1,15,12,36,29,3,2,0.7955929605469937,1.1029744917915214,2,0,1,0,0,0,0,1,NA,NA,0,0,1
PI_172872,9.965,1,NA,1,1,9,NA,18,13,2,NA,0.5926040308240456,0.25089127436207614,1,0,0,0,1,0,0,0,NA,NA,0,0,1
PI_172873,10.049999999999999,1,NA,1,1,13,NA,22,NA,2,NA,0.42222318198801634,0.3785004715524708,1,NA,NA,NA,NA,NA,0,1,NA,NA,NA,NA,NA
PI_172874,15.9,1,NA,1,1,20,13,35,15,4,2,0.47027423933764617,0.17673077664847603,2,NA,NA,NA,NA,NA,NA,NA,NA,NA,NA,NA,NA
PI_212005,15.165999999999999,1,NA,1,1,13,10,32,29,2,NA,1.735210877212916,1.479971468587119,2,0,1,NA,NA,NA,0,1,NA,NA,0,0,1
PI_173680,17.75,1,NA,1,1,23,18,30,23,5,3,NA,NA,NA,1,0,NA,NA,NA,NA,NA,NA,NA,NA,NA,NA
PI_212007,15.02,1,NA,1,1,15,10,35,15,3,2,NA,0.6168199340555734,2,1,0,NA,NA,NA,NA,NA,NA,NA,NA,NA,NA
PI_212008,15.73,1,NA,1,1,15,NA,33,25,3,2,1.7589568829596265,1.1612227260009638,1,1,0,NA,NA,NA,0,1,0,0,0,0,1
PI_368611,15.406666666666666,1,NA,3,3,20,NA,20,NA,4,2,NA,NA,NA,NA,NA,NA,NA,NA,1,0,NA,NA,0,0,1
PI_212012,10.899999999999999,1,NA,1,1,12,10,35,25,2,NA,NA,1.1029744917915214,2,0,1,0,0,0,0,1,NA,NA,0,0,1
PI_357963,17.156666666666666,1,NA,NA,NA,25,16,24,22,3,NA,NA,NA,NA,1,0,NA,NA,NA,NA,NA,NA,NA,NA,NA,NA
PI_357964,14.55,1,NA,2,2,17,NA,45,NA,4,2,NA,NA,NA,1,0,0,0,1,0,1,NA,NA,0,0,1
PI_174179,12.515,1,NA,1,1,30,20,35,33,5,NA,-0,2.3023147223063853,2,0,1,NA,NA,NA,0,0,NA,NA,0,1,0
PI_212214,15.712,1,NA,1,1,12,10,28,NA,2,NA,0.860405506103219,0.9151399447928732,4,0,1,0,0,1,0,1,NA,NA,1,0,0
PI_174182,14.97,1,NA,1,1,15,13,51,38,2,NA,0.47027423933764617,1.1029744917915214,2,0,1,0,1,0,0,1,NA,NA,0,0,1
PI_174183,14.732,1,NA,1,1,16,10,40,32,3,2,0.5926040308240456,0.7243732283616842,2,0,1,NA,NA,NA,0,1,NA,NA,NA,NA,NA
PI_174184,15.42,1,NA,1,1,15,13,38,33,3,NA,0.5926040308240456,0.6168199340555734,3,1,0,0,1,0,0,1,0,1,0,0,1
PI_357970,19.8,1,NA,2,2,28,25,32,24,5,3,NA,NA,NA,0,1,NA,NA,NA,NA,NA,NA,NA,NA,NA,NA
PI_174186,14.49,1,NA,1,1,15,7,48,23,3,NA,0.860405506103219,0.9151399447928732,4,1,0,0,1,0,0,1,NA,NA,0,0,1
PI_451854,16.516666666666666,NA,NA,2,2,NA,NA,NA,NA,3,2,NA,NA,NA,1,0,NA,NA,NA,NA,NA,0,1,NA,NA,NA
PI_174188,10.528,NA,NA,1,1,9,6,19,14,2,NA,0.09323056048330283,0.09376717721588994,1,0,0,0,0,0,0,1,0,0,NA,NA,NA
PI_174189,14.55,1,NA,1,1,15,13,41,33,3,NA,0.24700280372201913,0.4340319326469891,2,0,1,0,1,0,0,1,0,0,0,0,1
PI_458750,16.310000000000002,NA,NA,NA,NA,NA,NA,NA,NA,NA,NA,NA,NA,NA,NA,NA,NA,NA,NA,NA,NA,NA,NA,NA,NA,NA
PI_174192,18.99,1,NA,1,1,23,7,43,25,3,NA,1.866372601420932,1.3101321323487296,1,0,1,NA,NA,NA,NA,NA,NA,NA,NA,NA,NA
PI_223354,15.863333333333333,1,NA,1,1,20,14,28,23,4,2,-0.10798210347507059,0.6168199340555734,2,0,1,NA,NA,NA,NA,NA,NA,NA,NA,NA,NA
PI_175130,18.37666666666667,1,NA,1,1,18,15,33,25,4,NA,NA,NA,NA,1,0,NA,NA,NA,0,1,0,0,NA,NA,NA
PI_175704,13.716666666666667,1,NA,1,1,13,10,43,38,3,NA,0.860405506103219,0.9151399447928732,3,0,1,1,0,0,0,1,NA,NA,0,0,1
PI_175705,15.4875,1,NA,1,1,15,13,45,43,3,NA,-0.3879330850442786,0.3177592118979314,1,0,1,1,0,0,0,1,NA,NA,0,0,1
PI_227298,19,1,NA,1,1,12,NA,23,NA,3,2,1.713095430461599,1.692069710437531,2,0,1,NA,NA,NA,0,1,NA,NA,NA,NA,NA
PI_175707,16.02,1,NA,1,1,12,NA,35,30,2,NA,0.09323056048330283,0.17673077664847603,2,0,1,0,1,0,0,1,NA,NA,0,0,1
PI_175708,16.41,1,NA,1,1,16,14,35,28,2,NA,-0,0.48508642281537395,NA,0,1,NA,NA,NA,0,1,NA,NA,0,0,1
PI_175709,12.059999999999999,1,NA,1,1,15,10,33,30,3,NA,-0.3879330850442786,0.25089127436207614,1,1,0,1,0,0,0,1,NA,NA,0,0,1
PI_175710,14.216666666666667,1,NA,1,1,12,7,45,30,3,NA,-0.3879330850442786,-0,2,0,1,NA,NA,NA,0,1,NA,NA,0,0,1
PI_175711,15.305,1,NA,1,1,13,10,43,33,3,NA,NA,0.9794369903022488,2,0,1,0,1,0,0,1,NA,NA,0,0,1
PI_175712,14.175,1,NA,1,1,17,12,30,20,2,NA,0.6275620076154904,0.7561125668259816,2,1,0,NA,NA,NA,0,1,0,1,NA,NA,NA
PI_175713,16.483333333333334,1,NA,1,1,23,18,20,18,4,NA,NA,1.147346808378744,2,0,1,NA,NA,NA,NA,NA,NA,NA,NA,NA,NA
PI_175714,14.603333333333333,1,NA,1,1,15,10,40,30,3,NA,NA,NA,NA,0,1,NA,NA,NA,0,1,0,0,0,0,1
PI_368599,15.74,1,NA,3,3,18,12,48,26,4,3,NA,NA,NA,0,1,0,1,0,0,1,0,1,0,0,1
PI_176533,13.530000000000001,1,NA,1,1,15,10,43,18,3,NA,0.09323056048330283,0.09376717721588994,2,0,1,0,1,0,0,1,NA,NA,0,0,1
PI_176534,13.241666666666667,1,NA,1,1,14,11,45,34,3,NA,-0.10798210347507059,0.8415702249823792,2,0,1,0,1,0,0,1,NA,NA,0,0,1
PI_176535,21.533333333333335,1,NA,1,1,24,21,33,27,5,NA,NA,0.9794369903022488,2,1,0,NA,NA,NA,NA,NA,NA,NA,NA,NA,NA
PI_256063,12.405000000000001,NA,NA,NA,NA,NA,NA,NA,NA,NA,NA,NA,NA,NA,NA,NA,NA,NA,NA,NA,NA,NA,NA,NA,NA,NA
PI_368605,19.134999999999998,1,NA,2,2,14,12,54,45,4,3,NA,NA,NA,1,0,NA,NA,NA,0,1,0,1,0,0,1
PI_176538,14.48,1,NA,3,3,14,12,50,43,3,NA,NA,0.48508642281537395,2,0,1,NA,NA,NA,0,1,NA,NA,0,0,1
PI_368607,16.465,1,NA,3,3,20,NA,22,NA,4,3,NA,NA,NA,0,1,NA,NA,NA,1,0,0,1,NA,NA,NA
PI_534564,13.073333333333332,NA,NA,NA,NA,NA,NA,NA,NA,NA,NA,NA,NA,NA,NA,NA,NA,NA,NA,NA,NA,NA,NA,NA,NA,NA
PI_368609,16.655,1,NA,3,3,25,18,40,28,4,3,NA,NA,NA,0,1,NA,NA,NA,0,0,0,1,NA,NA,NA
PI_265560,19.96,1,NA,1,1,18,NA,12,NA,3,2,0.42222318198801634,0.9374981126308927,1,0,1,NA,NA,NA,0,0,NA,NA,NA,NA,NA
PI_344356,18.045,1,NA,1,1,23,19,28,16,3,NA,NA,NA,NA,0,1,NA,NA,NA,NA,NA,NA,NA,NA,NA,NA
PI_267660,11.576666666666666,1,NA,3,3,14,NA,25,NA,2,NA,NA,NA,NA,0,1,NA,NA,NA,0,1,0,0,NA,NA,NA
PI_511973,20.17,NA,NA,NA,NA,NA,NA,NA,NA,NA,NA,NA,NA,NA,NA,NA,NA,NA,NA,NA,NA,NA,NA,NA,NA,NA
PI_368615,16.413333333333334,1,NA,2,2,25,17,23,19,4,3,NA,NA,NA,NA,NA,NA,NA,NA,1,0,NA,NA,NA,NA,NA
PI_368616,15.883333333333333,1,NA,3,3,23,NA,23,NA,4,3,NA,NA,NA,NA,NA,NA,NA,NA,1,0,0,1,NA,NA,NA
PI_267664,14.492857142857142,1,NA,1,1,12,NA,28,NA,3,NA,NA,NA,NA,0,1,0,0,0,0,1,NA,NA,0,0,1
PI_267755,12.906666666666666,1,NA,1,1,16,12,26,19,4,2,NA,NA,NA,0,1,NA,NA,NA,0,1,NA,NA,0,1,0
PI_370463,15.29,1,NA,3,3,20,NA,20,16,3,2,NA,NA,NA,1,0,NA,NA,NA,1,0,NA,NA,NA,NA,NA
PI_370464,18.305,1,NA,3,3,25,NA,30,NA,4,2,NA,NA,NA,1,0,NA,NA,NA,0,0,0,1,NA,NA,NA
PI_370465,15.65,1,NA,3,3,20,15,20,14,3,2,NA,NA,NA,1,0,NA,NA,NA,1,0,0,1,NA,NA,NA
PI_267759,14.017499999999998,1,NA,1,1,18,10,46,23,3,2,NA,NA,NA,0,1,NA,NA,NA,0,1,NA,NA,0,0,1
PI_370467,19.11,1,NA,3,3,26,22,28,20,4,3,NA,NA,NA,1,0,NA,NA,NA,1,0,0,1,NA,NA,NA
PI_269483,7.63,1,NA,1,1,15,NA,18,10,3,NA,NA,NA,NA,0,0,0,1,0,NA,NA,NA,NA,0,0,1
PI_379307,18.314999999999998,NA,NA,3,3,15,11,63,49,4,2,NA,NA,NA,NA,NA,NA,NA,NA,0,0,0,0,NA,NA,NA
PI_274787,8.596666666666668,1,NA,3,3,12,NA,7,NA,2,NA,NA,NA,NA,0,1,0,0,0,0,0,NA,NA,0,0,1
PI_379309,17.216666666666665,1,NA,3,3,37,18,30,19,3,2,NA,NA,NA,0,1,NA,NA,NA,NA,NA,0,1,NA,NA,NA
PI_282487,9.466666666666667,1,NA,5,5,12,10,7,NA,2,NA,NA,NA,NA,0,1,0,0,0,1,0,NA,NA,NA,NA,NA
PI_285213,3.15,1,NA,1,1,12,6,18,9,2,NA,NA,NA,NA,0,0,NA,NA,NA,0,0,0,0,0,0,0
PI_285611,19.814999999999998,1,NA,3,3,11,9,12,10,2,1,NA,NA,NA,0,1,NA,NA,NA,0,0,NA,NA,0,1,0
PI_379313,26.2,1,NA,3,3,26,16,35,15,4,2,NA,NA,NA,NA,NA,NA,NA,NA,NA,NA,0,0,NA,NA,NA
PI_534640,13.06,NA,NA,NA,NA,NA,NA,NA,NA,NA,NA,NA,NA,NA,NA,NA,NA,NA,NA,NA,NA,NA,NA,NA,NA,NA
PI_291254,12.05,0,NA,3,3,15,NA,35,NA,3,NA,NA,NA,NA,0,1,0,1,0,0,1,NA,NA,0,0,1
PI_379316,14.056666666666667,NA,NA,4,4,17,12,63,49,3,NA,NA,NA,NA,0,0,NA,NA,NA,0,0,0,0,0,0,1
PI_293433,12.7375,0,NA,1,1,18,12,35,25,3,NA,NA,NA,NA,0,1,0,1,0,NA,NA,NA,NA,0,0,1
PI_379318,23.226666666666667,NA,NA,NA,NA,NA,NA,NA,NA,NA,NA,NA,NA,NA,NA,NA,NA,NA,NA,NA,NA,NA,NA,NA,NA,NA
PI_296388,15.12,NA,NA,NA,NA,NA,NA,NA,NA,NA,NA,NA,NA,NA,NA,NA,NA,NA,NA,0,0,NA,NA,NA,NA,NA
PI_537514,21.799999999999997,NA,NA,NA,NA,NA,NA,NA,NA,NA,NA,NA,NA,NA,NA,NA,NA,NA,NA,NA,NA,NA,NA,NA,NA,NA
PI_379322,13.67,1,NA,2,3,20,15,58,32,5,3,NA,NA,NA,NA,NA,NA,NA,NA,0,0,0,0,NA,NA,NA
PI_179271,15.6475,1,NA,1,1,18,10,38,33,2,NA,0.3695604509559908,0.8917574718477742,2,0,1,NA,NA,NA,0,1,NA,NA,0,0,1
PI_179273,15.124,1,NA,1,1,21,15,31,25,5,3,1.8582738080800176,1.4336135254519955,2,1,0,NA,NA,NA,NA,NA,0,1,NA,NA,NA
PI_357947,13.879999999999999,1,NA,5,5,20,16,16,14,3,2,NA,NA,NA,1,0,NA,NA,NA,1,0,NA,NA,NA,NA,NA
PI_512752,17.21,NA,NA,NA,NA,NA,NA,NA,NA,NA,NA,NA,NA,NA,NA,NA,NA,NA,NA,NA,NA,NA,NA,NA,NA,NA
PI_311103,12.41,1,NA,1,1,15,NA,28,10,2,NA,NA,NA,NA,NA,NA,0,0,1,NA,NA,NA,NA,NA,NA,NA
PI_311741,19.145,1,NA,1,1,25,20,20,15,3,NA,NA,NA,NA,0,1,0,0,1,0,0,NA,NA,NA,NA,NA
PI_314806,10.523333333333333,1,NA,1,1,15,13,23,NA,4,NA,NA,NA,NA,0,0,0,1,0,0,0,NA,NA,0,0,1
PI_318826,17.7025,1,NA,5,5,16,12,40,15,3,2,NA,NA,NA,0,1,NA,NA,NA,NA,NA,NA,NA,NA,NA,NA
PI_318830,13.55375,1,NA,1,1,17,12,17,12,2,1,NA,NA,NA,0,1,0,0,1,NA,NA,NA,NA,0,0,1
PI_181763,16.926666666666666,1,NA,1,1,15,10,40,27,4,2,0.24700280372201913,0.8672659404144473,3,0,1,NA,NA,NA,0,1,NA,NA,0,0,1
PI_181764,14.823333333333332,1,NA,1,1,12,10,29,NA,2,NA,-0,0.6168199340555734,2,1,0,NA,NA,NA,0,1,0,0,0,1,0
PI_344354,14.333333333333332,1,NA,3,3,12,10,30,NA,2,NA,NA,NA,NA,0,1,0,1,0,0,1,NA,NA,NA,NA,NA
PI_357960,16.105,1,NA,1,1,13,11,38,31,3,NA,NA,NA,NA,0,1,NA,NA,NA,0,1,NA,NA,NA,NA,NA
PI_442325,15.016666666666667,NA,NA,NA,NA,NA,NA,NA,NA,NA,NA,NA,NA,NA,NA,NA,NA,NA,NA,NA,NA,NA,NA,NA,NA,NA
PI_181944,11.294,1,NA,1,1,12,NA,23,19,3,2,0.860405506103219,0.9151399447928732,4,0,1,NA,NA,NA,0,1,NA,NA,0,0,1
PI_182198,12.6775,1,NA,1,1,12,10,33,23,3,2,NA,NA,NA,NA,NA,NA,NA,NA,0,1,NA,NA,NA,NA,NA
PI_182199,14.860000000000001,1,NA,1,1,15,10,35,28,2,NA,NA,0.25089127436207614,1,0,1,NA,NA,NA,0,1,0,0,NA,NA,NA
PI_608048,18.646,NA,NA,NA,NA,NA,NA,NA,NA,NA,NA,NA,NA,NA,NA,NA,NA,NA,NA,NA,NA,NA,NA,NA,NA,NA
PI_182201,15.404285714285715,1,NA,1,1,20,14,40,24,4,3,0.24700280372201913,-0.37944026644316875,2,0,1,NA,NA,NA,0,1,NA,NA,0,0,1
PI_438711,15.51,NA,NA,NA,NA,NA,NA,NA,NA,NA,NA,NA,NA,NA,NA,NA,NA,NA,NA,NA,NA,NA,NA,NA,NA,NA
Ames_25941,28.695,NA,NA,NA,NA,NA,NA,NA,NA,NA,NA,NA,NA,NA,NA,NA,NA,NA,NA,NA,NA,NA,NA,NA,NA,NA
PI_357923,8.333333333333334,1,NA,1,1,10,4,15,10,2,NA,NA,NA,NA,0,1,NA,NA,NA,0,0,NA,NA,NA,NA,NA
PI_183678,11.96,1,NA,1,1,15,13,28,25,2,NA,0.31148885138394206,1.3003667301674666,2,0,1,NA,NA,NA,0,1,0,0,0,0,1
PI_357925,17.52,0,NA,1,1,15,9,53,35,3,2,NA,NA,NA,0,1,NA,NA,NA,0,1,NA,NA,0,0,1
PI_512803,22.64,NA,NA,NA,NA,NA,NA,NA,NA,NA,NA,NA,NA,NA,NA,NA,NA,NA,NA,NA,NA,NA,NA,NA,NA,NA
PI_512804,15.793333333333335,NA,NA,NA,NA,NA,NA,NA,NA,NA,NA,NA,NA,NA,NA,NA,NA,NA,NA,NA,NA,NA,NA,NA,NA,NA
PI_442292,16.2,NA,NA,NA,NA,NA,NA,NA,NA,NA,NA,NA,NA,NA,NA,NA,NA,NA,NA,NA,NA,NA,NA,NA,NA,NA
PI_357929,19.8475,1,NA,1,1,30,20,30,20,4,3,NA,NA,NA,0,1,NA,NA,NA,1,0,NA,NA,NA,NA,NA
PI_357930,18.03,1,NA,1,1,20,18,25,23,3,NA,NA,NA,NA,1,0,NA,NA,NA,0,0,NA,NA,0,1,0
PI_612866,15.096666666666666,NA,NA,NA,NA,NA,NA,NA,NA,NA,NA,NA,NA,NA,NA,NA,NA,NA,NA,NA,NA,NA,NA,NA,NA,NA
PI_612867,13.6,NA,NA,NA,NA,NA,NA,NA,NA,NA,NA,NA,NA,NA,NA,NA,NA,NA,NA,NA,NA,NA,NA,NA,NA,NA
Ames_26607,3.2682,NA,NA,NA,NA,NA,NA,NA,NA,NA,NA,NA,NA,NA,NA,NA,NA,NA,NA,NA,NA,NA,NA,NA,NA,NA
PI_357935,20.74,1,NA,1,1,24,14,22,13,4,3,NA,NA,NA,NA,NA,NA,NA,NA,1,0,NA,NA,0,0,1
PI_357936,22.82,1,NA,1,1,23,14,17,12,2,1,NA,NA,NA,1,0,NA,NA,NA,1,0,NA,NA,NA,NA,NA
PI_357937,19.02,1,NA,1,1,18,15,20,15,3,1,NA,NA,NA,NA,NA,NA,NA,NA,1,0,NA,NA,NA,NA,NA
PI_357938,22.42,1,NA,1,1,25,NA,30,25,3,NA,NA,NA,NA,1,0,NA,NA,NA,1,0,0,1,0,1,0
PI_442305,11.54,NA,NA,NA,NA,NA,NA,NA,NA,NA,NA,NA,NA,NA,NA,NA,NA,NA,NA,NA,NA,NA,NA,NA,NA,NA
PI_368594,20.27,1,NA,3,3,30,21,40,18,3,NA,NA,NA,NA,1,0,NA,NA,NA,NA,NA,0,1,1,0,0
PI_442307,11.1,NA,NA,NA,NA,NA,NA,NA,NA,NA,NA,NA,NA,NA,NA,NA,NA,NA,NA,NA,NA,NA,NA,NA,NA,NA
PI_442308,13.490000000000002,NA,NA,NA,NA,NA,NA,NA,NA,NA,NA,NA,NA,NA,NA,NA,NA,NA,NA,NA,NA,NA,NA,NA,NA,NA
Ames_26620,3.7825,NA,NA,NA,NA,NA,NA,NA,NA,NA,NA,NA,NA,NA,NA,NA,NA,NA,NA,NA,NA,NA,NA,NA,NA,NA
PI_357944,23.23,1,NA,1,1,24,15,17,14,3,2,NA,NA,NA,1,0,NA,NA,NA,1,0,NA,NA,1,0,0
PI_304061,19.623333333333335,NA,NA,NA,NA,NA,NA,NA,NA,NA,NA,NA,NA,NA,NA,NA,NA,NA,NA,NA,NA,NA,NA,NA,NA,NA
PI_442313,14.76,NA,NA,NA,NA,NA,NA,NA,NA,NA,NA,NA,NA,NA,NA,NA,NA,NA,NA,NA,NA,NA,NA,NA,NA,NA
PI_357949,17.945,1,NA,2,2,16,11,49,38,4,NA,NA,NA,NA,0,1,0,1,0,0,1,NA,NA,0,0,1
PI_212001,18.035,1,NA,1,1,20,17,31,25,3,2,NA,-0,1,0,1,NA,NA,NA,NA,NA,NA,NA,NA,NA,NA
PI_357952,13.083333333333334,1,NA,2,2,14,10,47,25,4,2,NA,NA,NA,0,1,0,1,0,NA,NA,NA,NA,0,0,1
PI_212003,15,1,NA,1,1,20,12,34,12,2,1,NA,-0,1,0,1,NA,NA,NA,NA,NA,NA,NA,NA,NA,NA
PI_357954,13.766666666666666,1,NA,3,3,19,NA,30,24,3,2,NA,NA,NA,1,0,NA,NA,NA,NA,NA,NA,NA,NA,NA,NA
PI_357955,12.04,1,NA,NA,NA,12,11,50,45,2,NA,NA,NA,NA,0,1,NA,NA,NA,0,1,NA,NA,0,0,1
PI_212006,17.673333333333332,1,NA,1,1,12,10,35,25,3,NA,NA,0.48508642281537395,1,0,1,0,0,0,0,1,NA,NA,0,0,1
PI_357957,23.52,1,NA,3,3,16,NA,20,NA,3,NA,NA,NA,NA,1,0,NA,NA,NA,1,0,NA,NA,NA,NA,NA
PI_368610,21.44,1,NA,3,3,20,16,25,18,3,3,NA,NA,NA,NA,NA,NA,NA,NA,NA,NA,NA,NA,NA,NA,NA
PI_534567,12.205,NA,NA,NA,NA,NA,NA,NA,NA,NA,NA,NA,NA,NA,NA,NA,NA,NA,NA,NA,NA,NA,NA,NA,NA,NA
PI_357962,13.8375,1,NA,5,5,13,10,63,41,3,NA,NA,NA,NA,0,1,0,1,0,0,1,NA,NA,0,0,1
PI_512886,15.355,NA,NA,NA,NA,NA,NA,NA,NA,NA,NA,NA,NA,NA,NA,NA,NA,NA,NA,NA,NA,NA,NA,NA,NA,NA
PI_442339,12.77,NA,NA,NA,NA,NA,NA,NA,NA,NA,NA,NA,NA,NA,NA,NA,NA,NA,NA,NA,NA,NA,NA,NA,NA,NA
PI_212060,16.433333333333334,1,NA,1,1,16,9,33,16,4,2,0.31148885138394206,0.814563116130351,3,0,1,0,0,1,0,1,NA,NA,1,0,0
PI_357966,15.6525,1,NA,3,3,20,12,50,40,4,3,NA,NA,NA,0,1,NA,NA,NA,0,1,NA,NA,0,0,1
PI_214122,16.326,1,NA,3,3,18,12,28,18,3,2,NA,NA,NA,0,1,NA,NA,NA,NA,NA,NA,NA,NA,NA,NA
PI_216032,8.225,1,NA,1,1,14,9,7,6,3,2,1.7380133731979697,0.7561125668259816,1,0,1,NA,NA,NA,0,0,0,0,0,0,1
PI_357969,16.17,1,NA,NA,NA,14,12,51,32,3,2,NA,NA,NA,0,1,0,1,0,0,1,NA,NA,0,0,1
PI_534624,12.085,NA,NA,NA,NA,NA,NA,NA,NA,NA,NA,NA,NA,NA,NA,NA,NA,NA,NA,NA,NA,NA,NA,NA,NA,NA
PI_222246,15.913333333333334,1,NA,1,1,12,10,35,NA,3,2,1.9014515292406573,1.447457321149578,2,0,1,0,0,0,0,1,NA,NA,0,0,1
PI_525173,16.865,NA,NA,NA,NA,NA,NA,NA,NA,NA,NA,NA,NA,NA,NA,NA,NA,NA,NA,NA,NA,NA,NA,NA,NA,NA
PI_222721,17.02,1,NA,1,1,20,15,25,20,2,NA,0.5926040308240456,0.6907237397737466,2,0,1,NA,NA,NA,NA,NA,NA,NA,NA,NA,NA
PI_222722,15.6,1,NA,1,1,13,10,40,30,3,2,0.47027423933764617,0.6168199340555734,2,0,1,0,0,0,0,1,NA,NA,0,0,1
PI_525177,14.59,NA,NA,NA,NA,NA,NA,NA,NA,NA,NA,NA,NA,NA,NA,NA,NA,NA,NA,NA,NA,NA,NA,NA,NA,NA
PI_223352,16.366666666666667,1,NA,3,3,20,NA,34,22,3,NA,1.751187055874695,1.2477683199857104,2,1,0,0,0,0,NA,NA,NA,NA,0,0,1
PI_368586,10.905000000000001,1,NA,2,2,22,19,24,20,4,3,NA,NA,NA,0,1,NA,NA,NA,1,0,0,1,0,0,1
PI_223773,20.37,1,NA,1,1,24,16,26,20,4,NA,0.980344375945815,1.2477683199857104,2,NA,NA,NA,NA,NA,1,0,0,0,NA,NA,NA
PI_226511,14.576666666666666,1,NA,1,1,18,12,30,23,4,2,NA,0.7243732283616842,1,0,1,NA,NA,NA,0,1,0,1,0,0,1
PI_227237,14.997499999999999,1,NA,1,1,18,13,33,20,3,2,0.17481240004802578,0.814563116130351,1,0,1,NA,NA,NA,0,1,NA,NA,NA,NA,NA
PI_368590,12.015,1,NA,3,3,15,12,30,25,4,3,NA,NA,NA,1,0,NA,NA,NA,0,1,0,1,0,1,0
PI_227299,17.01,1,NA,3,3,20,17,27,21,3,2,NA,0.6168199340555734,1,0,1,NA,NA,NA,0,1,NA,NA,0,0,1
PI_229531,17.73,1,NA,3,3,18,12,36,30,3,2,0.5143549472449804,1.0363259197413515,2,0,1,NA,NA,NA,0,1,NA,NA,0,0,1
PI_229688,15.190000000000001,1,NA,3,3,12,10,38,30,3,NA,1.8303063820128096,1.258828321927629,1,NA,NA,NA,NA,NA,0,1,0,0,NA,NA,NA
PI_512729,13.745,NA,NA,NA,NA,NA,NA,NA,NA,NA,NA,NA,NA,NA,NA,NA,NA,NA,NA,NA,NA,NA,NA,NA,NA,NA
PI_368595,16.92,1,NA,3,3,20,16,20,15,NA,NA,NA,NA,NA,1,0,0,0,1,1,0,NA,NA,1,0,0
PI_234252,15.686666666666666,1,NA,1,1,15,10,43,35,3,2,1.3847121336155626,1.7522466414764462,1,0,1,NA,NA,NA,0,1,NA,NA,0,0,1
PI_234614,6.952,1,NA,1,1,9,5,9,5,2,NA,0.5143549472449804,0.7561125668259816,1,0,1,NA,NA,NA,1,0,0,0,0,1,0
PI_234615,13.022499999999999,1,NA,1,1,18,11,46,28,3,NA,-0.5765437375364302,0.5322580037749306,2,0,1,NA,NA,NA,0,1,NA,NA,NA,NA,NA
PI_442310,15.8,NA,NA,NA,NA,NA,NA,NA,NA,NA,NA,NA,NA,NA,NA,NA,NA,NA,NA,NA,NA,NA,NA,NA,NA,NA
PI_368600,20.43,1,NA,3,3,22,NA,27,15,4,3,NA,NA,NA,1,0,NA,NA,NA,NA,NA,NA,NA,NA,NA,NA
PI_368601,24.358,1,NA,3,3,25,21,30,25,4,3,NA,NA,NA,1,0,NA,NA,NA,NA,NA,NA,NA,1,0,0
PI_251791,17.66,1,NA,1,1,12,NA,56,43,3,NA,-0.5765437375364302,-0,2,0,1,0,1,0,0,1,NA,NA,NA,NA,NA
PI_368604,18.755,1,NA,3,3,20,17,40,23,4,3,NA,NA,NA,NA,NA,NA,NA,NA,0,1,0,1,NA,NA,NA
PI_406679,17.35,NA,NA,NA,NA,NA,NA,NA,NA,NA,NA,NA,NA,NA,NA,NA,NA,NA,NA,NA,NA,NA,NA,NA,NA,NA
PI_257287,16.927500000000002,1,NA,3,3,15,12,35,30,3,NA,0.42222318198801634,1.1330304595236755,2,0,1,0,0,1,0,1,NA,NA,NA,NA,NA
PI_534563,12.56,NA,NA,NA,NA,NA,NA,NA,NA,NA,NA,NA,NA,NA,NA,NA,NA,NA,NA,NA,NA,NA,NA,NA,NA,NA
PI_344070,21.13,1,NA,1,1,20,16,20,NA,3,NA,NA,NA,NA,NA,NA,NA,NA,NA,1,0,NA,NA,NA,NA,NA
PI_534565,11.866666666666667,NA,NA,NA,NA,NA,NA,NA,NA,NA,NA,NA,NA,NA,NA,NA,NA,NA,NA,NA,NA,NA,NA,NA,NA,NA
PI_420331,15.850000000000001,NA,NA,NA,NA,NA,NA,NA,NA,NA,NA,NA,NA,NA,NA,NA,NA,NA,NA,NA,NA,NA,NA,NA,NA,NA
PI_420332,13.959999999999999,NA,NA,NA,NA,NA,NA,NA,NA,NA,NA,NA,NA,NA,NA,NA,NA,NA,NA,NA,NA,NA,NA,NA,NA,NA
PI_368612,21.782,1,NA,2,2,17,NA,15,NA,3,2,NA,NA,NA,1,0,NA,NA,NA,1,0,0,1,NA,NA,NA
PI_534569,11.995000000000001,NA,NA,NA,NA,NA,NA,NA,NA,NA,NA,NA,NA,NA,NA,NA,NA,NA,NA,NA,NA,NA,NA,NA,NA,NA
PI_534571,10.425,NA,NA,NA,NA,NA,NA,NA,NA,NA,NA,NA,NA,NA,NA,NA,NA,NA,NA,NA,NA,NA,NA,NA,NA,NA
PI_511977,24.42,NA,NA,NA,NA,NA,NA,NA,NA,NA,NA,NA,NA,NA,NA,NA,NA,NA,NA,NA,NA,NA,NA,NA,NA,NA
PI_357965,13.5,NA,NA,NA,NA,NA,NA,NA,NA,NA,NA,NA,NA,NA,NA,NA,NA,NA,NA,1,0,NA,NA,0,0,1
PI_370462,18.64,1,NA,3,3,25,21,18,NA,3,NA,NA,NA,NA,1,0,NA,NA,NA,0,0,0,1,NA,NA,NA
PI_511980,17.9525,NA,NA,NA,NA,NA,NA,NA,NA,NA,NA,NA,NA,NA,NA,NA,NA,NA,NA,NA,NA,NA,NA,NA,NA,NA
PI_357968,15.7,1,NA,NA,NA,12,NA,50,NA,2,NA,NA,NA,NA,0,1,0,1,0,0,1,NA,NA,0,0,1
PI_438717,14.675,NA,NA,NA,NA,NA,NA,NA,NA,NA,NA,NA,NA,NA,NA,NA,NA,NA,NA,NA,NA,NA,NA,NA,NA,NA
PI_370466,19.095,1,NA,3,3,25,16,28,25,3,2,NA,NA,NA,1,0,NA,NA,NA,NA,NA,0,1,NA,NA,NA
PI_512185,12.13,NA,NA,NA,NA,NA,NA,NA,NA,NA,NA,NA,NA,NA,NA,NA,NA,NA,NA,NA,NA,NA,NA,NA,NA,NA
PI_379302,8.9925,NA,NA,NA,NA,NA,NA,NA,NA,NA,NA,NA,NA,NA,0,1,NA,NA,NA,NA,NA,NA,NA,NA,NA,NA
PI_512188,14.14,NA,NA,NA,NA,NA,NA,NA,NA,NA,NA,NA,NA,NA,NA,NA,NA,NA,NA,NA,NA,NA,NA,NA,NA,NA
PI_379308,16.345,1,NA,3,3,32,20,20,15,4,3,NA,NA,NA,1,0,NA,NA,NA,0,0,0,1,NA,NA,NA
PI_612864,15.309999999999999,NA,NA,NA,NA,NA,NA,NA,NA,NA,NA,NA,NA,NA,NA,NA,NA,NA,NA,NA,NA,NA,NA,NA,NA,NA
PI_512192,16.24,NA,NA,NA,NA,NA,NA,NA,NA,NA,NA,NA,NA,NA,NA,NA,NA,NA,NA,NA,NA,NA,NA,NA,NA,NA
PI_534636,15.633333333333333,NA,NA,NA,NA,NA,NA,NA,NA,NA,NA,NA,NA,NA,NA,NA,NA,NA,NA,NA,NA,NA,NA,NA,NA,NA
PI_368587,12.67,1,NA,3,3,22,19,22,17,4,3,NA,NA,NA,1,0,NA,NA,NA,NA,NA,0,1,1,0,0
PI_534639,15.225,NA,NA,NA,NA,NA,NA,NA,NA,NA,NA,NA,NA,NA,NA,NA,NA,NA,NA,NA,NA,NA,NA,NA,NA,NA
PI_512817,12.184999999999999,NA,NA,NA,NA,NA,NA,NA,NA,NA,NA,NA,NA,NA,NA,NA,NA,NA,NA,NA,NA,NA,NA,NA,NA,NA
PI_534641,13.515,NA,NA,NA,NA,NA,NA,NA,NA,NA,NA,NA,NA,NA,NA,NA,NA,NA,NA,NA,NA,NA,NA,NA,NA,NA
PI_537504,22.125,NA,NA,NA,NA,NA,NA,NA,NA,NA,NA,NA,NA,NA,NA,NA,NA,NA,NA,NA,NA,NA,NA,NA,NA,NA
PI_379317,15.67,NA,NA,4,5,15,10,55,40,4,2,NA,NA,NA,NA,NA,NA,NA,NA,0,0,0,0,0,0,1
Ames_26612,3.2925000000000004,NA,NA,NA,NA,NA,NA,NA,NA,NA,NA,NA,NA,NA,NA,NA,NA,NA,NA,NA,NA,NA,NA,NA,NA,NA
PI_379319,20.46,NA,NA,NA,NA,30,21,31,25,6,4,NA,NA,NA,0,1,0,0,1,NA,NA,0,1,0,1,0
PI_537513,21.25,NA,NA,NA,NA,NA,NA,NA,NA,NA,NA,NA,NA,NA,NA,NA,NA,NA,NA,NA,NA,NA,NA,NA,NA,NA
PI_512836,21.564999999999998,NA,NA,NA,NA,NA,NA,NA,NA,NA,NA,NA,NA,NA,NA,NA,NA,NA,NA,NA,NA,NA,NA,NA,NA,NA
PI_302418,11.26,1,NA,1,1,18,13,25,23,3,2,NA,NA,NA,0,1,0,0,0,NA,NA,NA,NA,0,0,1
PI_368598,22.94,1,NA,4,4,44,38,36,26,4,NA,NA,NA,NA,NA,NA,NA,NA,NA,0,0,NA,NA,0,1,0
PI_442311,13.4,NA,NA,NA,NA,NA,NA,NA,NA,NA,NA,NA,NA,NA,NA,NA,NA,NA,NA,NA,NA,NA,NA,NA,NA,NA
PI_537562,9.863333333333333,NA,NA,NA,NA,NA,NA,NA,NA,NA,NA,NA,NA,NA,NA,NA,NA,NA,NA,NA,NA,NA,NA,NA,NA,NA
PI_512753,17.3575,NA,NA,NA,NA,NA,NA,NA,NA,NA,NA,NA,NA,NA,NA,NA,NA,NA,NA,NA,NA,NA,NA,NA,NA,NA
PI_406678,16.755,NA,NA,NA,NA,NA,NA,NA,NA,NA,NA,NA,NA,NA,NA,NA,NA,NA,NA,NA,NA,NA,NA,NA,NA,NA
PI_512860,6.955,NA,NA,NA,NA,NA,NA,NA,NA,NA,NA,NA,NA,NA,NA,NA,NA,NA,NA,NA,NA,NA,NA,NA,NA,NA
PI_357953,20.7365,1,NA,3,3,21,NA,25,19,3,2,NA,NA,NA,NA,NA,0,0,1,0,0,NA,NA,1,0,0
PI_614695,2.44,NA,NA,NA,NA,NA,NA,NA,NA,NA,NA,NA,NA,NA,NA,NA,NA,NA,NA,NA,NA,NA,NA,NA,NA,NA
PI_442319,18.04,NA,NA,NA,NA,NA,NA,NA,NA,NA,NA,NA,NA,NA,NA,NA,NA,NA,NA,NA,NA,NA,NA,NA,NA,NA
PI_344071,10.885,1,NA,1,1,13,10,40,24,2,NA,NA,NA,NA,0,0,NA,NA,NA,0,1,NA,NA,NA,NA,NA
PI_442321,11.84,NA,NA,NA,NA,NA,NA,NA,NA,NA,NA,NA,NA,NA,NA,NA,NA,NA,NA,NA,NA,NA,NA,NA,NA,NA
PI_512874,14.794999999999998,NA,NA,NA,NA,NA,NA,NA,NA,NA,NA,NA,NA,NA,NA,NA,NA,NA,NA,NA,NA,NA,NA,NA,NA,NA
PI_512880,19.1675,NA,NA,NA,NA,NA,NA,NA,NA,NA,NA,NA,NA,NA,NA,NA,NA,NA,NA,NA,NA,NA,NA,NA,NA,NA
PI_512787,20.53333333333333,NA,NA,NA,NA,NA,NA,NA,NA,NA,NA,NA,NA,NA,NA,NA,NA,NA,NA,NA,NA,NA,NA,NA,NA,NA
PI_344359,15.82,0,NA,1,1,12,9,44,33,3,NA,NA,NA,NA,0,1,NA,NA,NA,0,1,NA,NA,NA,NA,NA
PI_355054,18.533333333333335,NA,NA,NA,NA,NA,NA,NA,NA,NA,NA,NA,NA,NA,NA,NA,NA,NA,NA,NA,NA,NA,NA,NA,NA,NA
PI_534572,16.925,NA,NA,NA,NA,NA,NA,NA,NA,NA,NA,NA,NA,NA,NA,NA,NA,NA,NA,NA,NA,NA,NA,NA,NA,NA
PI_357893,6.1883333333333335,NA,NA,NA,NA,NA,NA,NA,NA,NA,NA,NA,NA,NA,NA,NA,NA,NA,NA,NA,NA,NA,NA,NA,NA,NA
Ames_25701,13.580000000000002,NA,NA,NA,NA,NA,NA,NA,NA,NA,NA,NA,NA,NA,NA,NA,NA,NA,NA,NA,NA,NA,NA,NA,NA,NA
PI_534622,12.165,NA,NA,NA,NA,NA,NA,NA,NA,NA,NA,NA,NA,NA,NA,NA,NA,NA,NA,NA,NA,NA,NA,NA,NA,NA
PI_451851,14.15,NA,NA,2,2,NA,NA,NA,NA,3,NA,NA,NA,NA,1,0,NA,NA,NA,0,1,0,0,NA,NA,NA
PI_357924,19.03,0,NA,1,1,13,8,50,23,3,1,NA,NA,NA,0,1,0,1,0,0,1,NA,NA,0,0,1
PI_512802,18.593333333333334,NA,NA,NA,NA,NA,NA,NA,NA,NA,NA,NA,NA,NA,NA,NA,NA,NA,NA,NA,NA,NA,NA,NA,NA,NA
PI_534628,11.67,NA,NA,NA,NA,NA,NA,NA,NA,NA,NA,NA,NA,NA,NA,NA,NA,NA,NA,NA,NA,NA,NA,NA,NA,NA
PI_612862,19.31,NA,NA,NA,NA,NA,NA,NA,NA,NA,NA,NA,NA,NA,NA,NA,NA,NA,NA,NA,NA,NA,NA,NA,NA,NA
PI_612863,17.25,NA,NA,NA,NA,NA,NA,NA,NA,NA,NA,NA,NA,NA,NA,NA,NA,NA,NA,NA,NA,NA,NA,NA,NA,NA
PI_534633,14.03,NA,NA,NA,NA,NA,NA,NA,NA,NA,NA,NA,NA,NA,NA,NA,NA,NA,NA,NA,NA,NA,NA,NA,NA,NA
PI_442294,13.33,NA,NA,NA,NA,NA,NA,NA,NA,NA,NA,NA,NA,NA,NA,NA,NA,NA,NA,NA,NA,NA,NA,NA,NA,NA
PI_482592,11.71,NA,NA,3,3,NA,NA,NA,NA,3,NA,NA,NA,NA,0,1,NA,NA,NA,0,1,0,0,NA,NA,NA
PI_525179,16.7,NA,NA,NA,NA,NA,NA,NA,NA,NA,NA,NA,NA,NA,NA,NA,NA,NA,NA,NA,NA,NA,NA,NA,NA,NA
PI_368588,15.675,1,NA,1,1,22,NA,20,NA,4,3,NA,NA,NA,0,1,NA,NA,NA,1,0,NA,NA,1,0,0
PI_368589,16.9875,1,NA,4,4,20,NA,30,25,3,2,NA,NA,NA,0,1,NA,NA,NA,1,0,0,1,0,0,1
PI_512820,12.305,NA,NA,NA,NA,NA,NA,NA,NA,NA,NA,NA,NA,NA,NA,NA,NA,NA,NA,NA,NA,NA,NA,NA,NA,NA
PI_368591,14.585,1,NA,3,3,14,12,45,NA,2,NA,NA,NA,NA,0,0,0,1,0,0,1,NA,NA,0,0,1
PI_442304,11.76,NA,NA,NA,NA,NA,NA,NA,NA,NA,NA,NA,NA,NA,NA,NA,NA,NA,NA,NA,NA,NA,NA,NA,NA,NA
PI_491201,17.6,NA,NA,NA,NA,NA,NA,NA,NA,NA,NA,NA,NA,NA,NA,NA,NA,NA,NA,NA,NA,NA,NA,NA,NA,NA
PI_491202,14.745000000000001,NA,NA,NA,NA,NA,NA,NA,NA,NA,NA,NA,NA,NA,NA,NA,NA,NA,NA,NA,NA,NA,NA,NA,NA,NA
PI_420330,21.119999999999997,NA,NA,NA,NA,NA,NA,NA,NA,NA,NA,NA,NA,NA,NA,NA,NA,NA,NA,NA,NA,NA,NA,NA,NA,NA
PI_368596,21.255,1,NA,3,3,24,NA,24,NA,5,4,NA,NA,NA,NA,NA,NA,NA,NA,1,0,0,0,0,0,1
PI_532356,2.35,NA,NA,NA,NA,NA,NA,NA,NA,NA,NA,NA,NA,NA,NA,NA,NA,NA,NA,NA,NA,NA,NA,NA,NA,NA
PI_379323,18.053333333333335,1,NA,3,4,25,20,18,13,3,2,NA,NA,NA,NA,NA,NA,NA,NA,NA,NA,NA,NA,NA,NA,NA
PI_512750,17.395000000000003,NA,NA,NA,NA,NA,NA,NA,NA,NA,NA,NA,NA,NA,NA,NA,NA,NA,NA,NA,NA,NA,NA,NA,NA,NA
Ames_26833,3.77,NA,NA,NA,NA,NA,NA,NA,NA,NA,NA,NA,NA,NA,NA,NA,NA,NA,NA,NA,NA,NA,NA,NA,NA,NA
PI_512858,6.69,NA,NA,NA,NA,NA,NA,NA,NA,NA,NA,NA,NA,NA,NA,NA,NA,NA,NA,NA,NA,NA,NA,NA,NA,NA
PI_357950,13.006666666666666,1,NA,NA,NA,15,10,50,40,2,NA,NA,NA,NA,0,1,NA,NA,NA,0,1,NA,NA,NA,NA,NA
PI_507888,21.52,NA,NA,NA,NA,NA,NA,NA,NA,NA,NA,NA,NA,NA,NA,NA,NA,NA,NA,NA,NA,NA,NA,NA,NA,NA
PI_614692,2.9,NA,NA,NA,NA,NA,NA,NA,NA,NA,NA,NA,NA,NA,NA,NA,NA,NA,NA,NA,NA,NA,NA,NA,NA,NA
PI_442318,12.219999999999999,NA,NA,NA,NA,NA,NA,NA,NA,NA,NA,NA,NA,NA,NA,NA,NA,NA,NA,NA,NA,NA,NA,NA,NA,NA
PI_512862,8.145,NA,NA,NA,NA,NA,NA,NA,NA,NA,NA,NA,NA,NA,NA,NA,NA,NA,NA,NA,NA,NA,NA,NA,NA,NA
PI_357956,13.885714285714286,1,NA,3,3,24,23,30,25,5,3,NA,NA,NA,0,1,NA,NA,NA,1,0,0,1,NA,NA,NA
Ames_25944,26.07,NA,NA,NA,NA,NA,NA,NA,NA,NA,NA,NA,NA,NA,NA,NA,NA,NA,NA,NA,NA,NA,NA,NA,NA,NA
PI_534566,12.495000000000001,NA,NA,NA,NA,NA,NA,NA,NA,NA,NA,NA,NA,NA,NA,NA,NA,NA,NA,NA,NA,NA,NA,NA,NA,NA
PI_512782,18.285,NA,NA,NA,NA,NA,NA,NA,NA,NA,NA,NA,NA,NA,NA,NA,NA,NA,NA,NA,NA,NA,NA,NA,NA,NA
PI_442331,14.53,NA,NA,NA,NA,NA,NA,NA,NA,NA,NA,NA,NA,NA,NA,NA,NA,NA,NA,NA,NA,NA,NA,NA,NA,NA
Ames_26887,3.035,NA,NA,NA,NA,NA,NA,NA,NA,NA,NA,NA,NA,NA,NA,NA,NA,NA,NA,NA,NA,NA,NA,NA,NA,NA
PI_518687,9.101666666666667,NA,NA,NA,NA,NA,NA,NA,NA,NA,NA,NA,NA,NA,NA,NA,NA,NA,NA,NA,NA,NA,NA,NA,NA,NA
PI_615155,16.587500000000002,NA,NA,NA,NA,NA,NA,NA,NA,NA,NA,NA,NA,NA,NA,NA,NA,NA,NA,NA,NA,NA,NA,NA,NA,NA
PI_518689,12.055,NA,NA,NA,NA,NA,NA,NA,NA,NA,NA,NA,NA,NA,NA,NA,NA,NA,NA,NA,NA,NA,NA,NA,NA,NA
PI_357967,14.530000000000001,1,NA,4,4,16,NA,43,27,3,NA,NA,NA,NA,0,1,0,1,0,0,1,NA,NA,0,0,1
PI_449350,13.15,NA,NA,3,3,NA,NA,NA,NA,2,NA,NA,NA,NA,1,0,NA,NA,NA,NA,NA,0,1,1,0,0
PI_451849,14.475,NA,NA,3,3,NA,NA,NA,NA,2,NA,NA,NA,NA,1,0,0,0,0,1,0,0,1,NA,NA,NA
Ames_25942,19.925,NA,NA,NA,NA,NA,NA,NA,NA,NA,NA,NA,NA,NA,NA,NA,NA,NA,NA,NA,NA,NA,NA,NA,NA,NA
PI_357971,16.72,1,NA,3,3,38,28,31,21,5,3,NA,NA,NA,0,1,NA,NA,NA,NA,NA,NA,NA,1,0,0
PI_537505,19.060000000000002,NA,NA,NA,NA,NA,NA,NA,NA,NA,NA,NA,NA,NA,NA,NA,NA,NA,NA,NA,NA,NA,NA,NA,NA,NA
PI_357973,6.54,NA,NA,NA,NA,12,NA,8,NA,2,NA,NA,NA,NA,0,1,NA,NA,NA,0,0,0,0,NA,NA,NA
PI_357974,8.813333333333333,1,NA,NA,NA,15,14,32,13,NA,NA,NA,NA,NA,NA,NA,NA,NA,NA,NA,NA,NA,NA,0,0,1
PI_458748,17.185000000000002,NA,NA,NA,NA,NA,NA,NA,NA,NA,NA,NA,NA,NA,NA,NA,NA,NA,NA,NA,NA,NA,NA,NA,NA,NA
PI_525178,17.065,NA,NA,NA,NA,NA,NA,NA,NA,NA,NA,NA,NA,NA,NA,NA,NA,NA,NA,NA,NA,NA,NA,NA,NA,NA
PI_534635,10.065,NA,NA,NA,NA,NA,NA,NA,NA,NA,NA,NA,NA,NA,NA,NA,NA,NA,NA,NA,NA,NA,NA,NA,NA,NA
PI_612865,13.9175,NA,NA,NA,NA,NA,NA,NA,NA,NA,NA,NA,NA,NA,NA,NA,NA,NA,NA,NA,NA,NA,NA,NA,NA,NA
PI_525181,15.39,NA,NA,NA,NA,NA,NA,NA,NA,NA,NA,NA,NA,NA,NA,NA,NA,NA,NA,NA,NA,NA,NA,NA,NA,NA
PI_525182,16.655,NA,NA,NA,NA,NA,NA,NA,NA,NA,NA,NA,NA,NA,NA,NA,NA,NA,NA,NA,NA,NA,NA,NA,NA,NA
Ames_26608,3.38,NA,NA,NA,NA,NA,NA,NA,NA,NA,NA,NA,NA,NA,NA,NA,NA,NA,NA,NA,NA,NA,NA,NA,NA,NA
Ames_26873,4.35,NA,NA,NA,NA,NA,NA,NA,NA,NA,NA,NA,NA,NA,NA,NA,NA,NA,NA,NA,NA,NA,NA,NA,NA,NA
PI_368592,20.445,1,NA,3,3,26,22,26,20,4,3,NA,NA,NA,1,0,NA,NA,NA,NA,NA,0,1,NA,NA,NA
PI_512710,18.47625,NA,NA,NA,NA,NA,NA,NA,NA,NA,NA,NA,NA,NA,NA,NA,NA,NA,NA,NA,NA,NA,NA,NA,NA,NA
PI_420329,20.313333333333333,NA,NA,NA,NA,NA,NA,NA,NA,NA,NA,NA,NA,NA,NA,NA,NA,NA,NA,NA,NA,NA,NA,NA,NA,NA
PI_442320,12.870000000000001,NA,NA,NA,NA,NA,NA,NA,NA,NA,NA,NA,NA,NA,NA,NA,NA,NA,NA,NA,NA,NA,NA,NA,NA,NA
PI_614700,3.02,NA,NA,NA,NA,NA,NA,NA,NA,NA,NA,NA,NA,NA,NA,NA,NA,NA,NA,NA,NA,NA,NA,NA,NA,NA
PI_506443,13,NA,NA,NA,NA,NA,NA,NA,NA,NA,NA,NA,NA,NA,NA,NA,NA,NA,NA,NA,NA,NA,NA,NA,NA,NA
PI_511970,18.765,NA,NA,NA,NA,NA,NA,NA,NA,NA,NA,NA,NA,NA,NA,NA,NA,NA,NA,NA,NA,NA,NA,NA,NA,NA
Ames_26622,3.77,NA,NA,NA,NA,NA,NA,NA,NA,NA,NA,NA,NA,NA,NA,NA,NA,NA,NA,NA,NA,NA,NA,NA,NA,NA
PI_507885,7.213333333333334,NA,NA,NA,NA,NA,NA,NA,NA,NA,NA,NA,NA,NA,NA,NA,NA,NA,NA,NA,NA,NA,NA,NA,NA,NA
PI_534557,9.905,NA,NA,NA,NA,NA,NA,NA,NA,NA,NA,NA,NA,NA,NA,NA,NA,NA,NA,NA,NA,NA,NA,NA,NA,NA
PI_368602,21.732,1,NA,2,2,24,NA,25,NA,4,3,NA,NA,NA,1,0,NA,NA,NA,1,0,0,1,1,0,0
PI_615154,12.6375,NA,NA,NA,NA,NA,NA,NA,NA,NA,NA,NA,NA,NA,NA,NA,NA,NA,NA,NA,NA,NA,NA,NA,NA,NA
PI_534621,10.04,NA,NA,NA,NA,NA,NA,NA,NA,NA,NA,NA,NA,NA,NA,NA,NA,NA,NA,NA,NA,NA,NA,NA,NA,NA
PI_368606,13.68,1,NA,4,4,25,NA,25,NA,4,NA,NA,NA,NA,0,1,0,0,1,1,0,0,1,0,1,0
PI_534562,12.649999999999999,NA,NA,NA,NA,NA,NA,NA,NA,NA,NA,NA,NA,NA,NA,NA,NA,NA,NA,NA,NA,NA,NA,NA,NA,NA
PI_512801,20.18,NA,NA,NA,NA,NA,NA,NA,NA,NA,NA,NA,NA,NA,NA,NA,NA,NA,NA,NA,NA,NA,NA,NA,NA,NA
PI_451853,13.695,NA,NA,3,3,NA,NA,NA,NA,2,NA,NA,NA,NA,1,0,0,0,0,0,0,0,1,1,0,0
PI_534630,11.219999999999999,NA,NA,NA,NA,NA,NA,NA,NA,NA,NA,NA,NA,NA,NA,NA,NA,NA,NA,NA,NA,NA,NA,NA,NA,NA
PI_458730,11.625,NA,NA,NA,NA,NA,NA,NA,NA,NA,NA,NA,NA,NA,NA,NA,NA,NA,NA,NA,NA,NA,NA,NA,NA,NA
PI_525175,17.335,NA,NA,NA,NA,NA,NA,NA,NA,NA,NA,NA,NA,NA,NA,NA,NA,NA,NA,NA,NA,NA,NA,NA,NA,NA
PI_595838,7.21,NA,NA,NA,NA,NA,NA,NA,NA,NA,NA,NA,NA,NA,NA,NA,NA,NA,NA,NA,NA,NA,NA,NA,NA,NA
PI_512788,22.89,NA,NA,NA,NA,NA,NA,NA,NA,NA,NA,NA,NA,NA,NA,NA,NA,NA,NA,NA,NA,NA,NA,NA,NA,NA
Ames_26888,3.71425,NA,NA,NA,NA,NA,NA,NA,NA,NA,NA,NA,NA,NA,NA,NA,NA,NA,NA,NA,NA,NA,NA,NA,NA,NA
Ames_26889,3.38,NA,NA,NA,NA,NA,NA,NA,NA,NA,NA,NA,NA,NA,NA,NA,NA,NA,NA,NA,NA,NA,NA,NA,NA,NA
PI_511979,16.7325,NA,NA,NA,NA,NA,NA,NA,NA,NA,NA,NA,NA,NA,NA,NA,NA,NA,NA,NA,NA,NA,NA,NA,NA,NA
PI_442315,13.025,NA,NA,NA,NA,NA,NA,NA,NA,NA,NA,NA,NA,NA,NA,NA,NA,NA,NA,NA,NA,NA,NA,NA,NA,NA
PI_525166,14.39,NA,NA,NA,NA,NA,NA,NA,NA,NA,NA,NA,NA,NA,NA,NA,NA,NA,NA,NA,NA,NA,NA,NA,NA,NA
PI_525169,16.9,NA,NA,NA,NA,NA,NA,NA,NA,NA,NA,NA,NA,NA,NA,NA,NA,NA,NA,NA,NA,NA,NA,NA,NA,NA
Ames_26611,4.006666666666667,NA,NA,NA,NA,NA,NA,NA,NA,NA,NA,NA,NA,NA,NA,NA,NA,NA,NA,NA,NA,NA,NA,NA,NA,NA
Ames_26877,3.6879999999999997,NA,NA,NA,NA,NA,NA,NA,NA,NA,NA,NA,NA,NA,NA,NA,NA,NA,NA,NA,NA,NA,NA,NA,NA,NA
PI_614698,2.66,NA,NA,NA,NA,NA,NA,NA,NA,NA,NA,NA,NA,NA,NA,NA,NA,NA,NA,NA,NA,NA,NA,NA,NA,NA
Ames_26879,3.8075,NA,NA,NA,NA,NA,NA,NA,NA,NA,NA,NA,NA,NA,NA,NA,NA,NA,NA,NA,NA,NA,NA,NA,NA,NA
Ames_26951,3.705,NA,NA,NA,NA,NA,NA,NA,NA,NA,NA,NA,NA,NA,NA,NA,NA,NA,NA,NA,NA,NA,NA,NA,NA,NA
PI_525176,18.415,NA,NA,NA,NA,NA,NA,NA,NA,NA,NA,NA,NA,NA,NA,NA,NA,NA,NA,NA,NA,NA,NA,NA,NA,NA
PI_512807,19.7465,NA,NA,NA,NA,NA,NA,NA,NA,NA,NA,NA,NA,NA,NA,NA,NA,NA,NA,NA,NA,NA,NA,NA,NA,NA
PI_512851,15.54642857142857,NA,NA,NA,NA,NA,NA,NA,NA,NA,NA,NA,NA,NA,NA,NA,NA,NA,NA,NA,NA,NA,NA,NA,NA,NA
Ames_26624,3.725,NA,NA,NA,NA,NA,NA,NA,NA,NA,NA,NA,NA,NA,NA,NA,NA,NA,NA,NA,NA,NA,NA,NA,NA,NA
PI_540907,3.68,NA,NA,NA,NA,NA,NA,NA,NA,NA,NA,NA,NA,NA,NA,NA,NA,NA,NA,NA,NA,NA,NA,NA,NA,NA
PI_512794,13.13,NA,NA,NA,NA,NA,NA,NA,NA,NA,NA,NA,NA,NA,NA,NA,NA,NA,NA,NA,NA,NA,NA,NA,NA,NA
PI_534560,10.51,NA,NA,NA,NA,NA,NA,NA,NA,NA,NA,NA,NA,NA,NA,NA,NA,NA,NA,NA,NA,NA,NA,NA,NA,NA
PI_490278,9.705,NA,NA,NA,NA,NA,NA,NA,NA,NA,NA,NA,NA,NA,NA,NA,NA,NA,NA,NA,NA,NA,NA,NA,NA,NA
Ames_26875,3.9533333333333336,NA,NA,NA,NA,NA,NA,NA,NA,NA,NA,NA,NA,NA,NA,NA,NA,NA,NA,NA,NA,NA,NA,NA,NA,NA
Ames_26892,4.0905,NA,NA,NA,NA,NA,NA,NA,NA,NA,NA,NA,NA,NA,NA,NA,NA,NA,NA,NA,NA,NA,NA,NA,NA,NA
Ames_25943,20.7575,NA,NA,NA,NA,NA,NA,NA,NA,NA,NA,NA,NA,NA,NA,NA,NA,NA,NA,NA,NA,NA,NA,NA,NA,NA
PI_525172,17.9,NA,NA,NA,NA,NA,NA,NA,NA,NA,NA,NA,NA,NA,NA,NA,NA,NA,NA,NA,NA,NA,NA,NA,NA,NA
PI_614699,3.34,NA,NA,NA,NA,NA,NA,NA,NA,NA,NA,NA,NA,NA,NA,NA,NA,NA,NA,NA,NA,NA,NA,NA,NA,NA
Ames_26883,2.6449999999999996,NA,NA,NA,NA,NA,NA,NA,NA,NA,NA,NA,NA,NA,NA,NA,NA,NA,NA,NA,NA,NA,NA,NA,NA,NA
PI_506468,13.61,NA,NA,NA,NA,NA,NA,NA,NA,NA,NA,NA,NA,NA,NA,NA,NA,NA,NA,NA,NA,NA,NA,NA,NA,NA
Ames_26885,4.555,NA,NA,NA,NA,NA,NA,NA,NA,NA,NA,NA,NA,NA,NA,NA,NA,NA,NA,NA,NA,NA,NA,NA,NA,NA
PI_532385,15.545,NA,NA,NA,NA,NA,NA,NA,NA,NA,NA,NA,NA,NA,NA,NA,NA,NA,NA,NA,NA,NA,NA,NA,NA,NA
Ames_26872,3.48,NA,NA,NA,NA,NA,NA,NA,NA,NA,NA,NA,NA,NA,NA,NA,NA,NA,NA,NA,NA,NA,NA,NA,NA,NA
Ames_26871,3.51,NA,NA,NA,NA,NA,NA,NA,NA,NA,NA,NA,NA,NA,NA,NA,NA,NA,NA,NA,NA,NA,NA,NA,NA,NA
Ames_25700,15.285,NA,NA,NA,NA,NA,NA,NA,NA,NA,NA,NA,NA,NA,NA,NA,NA,NA,NA,NA,NA,NA,NA,NA,NA,NA
PI_442317,19.955,NA,NA,NA,NA,NA,NA,NA,NA,NA,NA,NA,NA,NA,NA,NA,NA,NA,NA,NA,NA,NA,NA,NA,NA,NA
PI_512859,7.206666666666666,NA,NA,NA,NA,NA,NA,NA,NA,NA,NA,NA,NA,NA,NA,NA,NA,NA,NA,NA,NA,NA,NA,NA,NA,NA
PI_490279,12.510000000000002,NA,NA,NA,NA,NA,NA,NA,NA,NA,NA,NA,NA,NA,NA,NA,NA,NA,NA,NA,NA,NA,NA,NA,NA,NA
Ames_26876,3.84,NA,NA,NA,NA,NA,NA,NA,NA,NA,NA,NA,NA,NA,NA,NA,NA,NA,NA,NA,NA,NA,NA,NA,NA,NA
Ames_29181,15.16,NA,NA,NA,NA,NA,NA,NA,NA,NA,NA,NA,NA,NA,NA,NA,NA,NA,NA,NA,NA,NA,NA,NA,NA,NA
PI_534568,11.59,NA,NA,NA,NA,NA,NA,NA,NA,NA,NA,NA,NA,NA,NA,NA,NA,NA,NA,NA,NA,NA,NA,NA,NA,NA
PI_534559,12.66625,NA,NA,NA,NA,NA,NA,NA,NA,NA,NA,NA,NA,NA,NA,NA,NA,NA,NA,NA,NA,NA,NA,NA,NA,NA
PI_512881,20.263333333333332,NA,NA,NA,NA,NA,NA,NA,NA,NA,NA,NA,NA,NA,NA,NA,NA,NA,NA,NA,NA,NA,NA,NA,NA,NA
PI_507887,15.706666666666667,NA,NA,NA,NA,NA,NA,NA,NA,NA,NA,NA,NA,NA,NA,NA,NA,NA,NA,NA,NA,NA,NA,NA,NA,NA
PI_614701,2.785,NA,NA,NA,NA,NA,NA,NA,NA,NA,NA,NA,NA,NA,NA,NA,NA,NA,NA,NA,NA,NA,NA,NA,NA,NA
PI_531318,13.98,NA,NA,NA,NA,NA,NA,NA,NA,NA,NA,NA,NA,NA,NA,NA,NA,NA,NA,NA,NA,NA,NA,NA,NA,NA
Ames_28296,11.79,NA,NA,NA,NA,NA,NA,NA,NA,NA,NA,NA,NA,NA,NA,NA,NA,NA,NA,NA,NA,NA,NA,NA,NA,NA
