country	accession_id	accession_name	taxonomy	improvement_status	cultivar_class	narrative	region
Afghanistan	G_21629	G 21629	Cucurbita maxima	NA	NA	NA	Asia
Afghanistan	G_21630	G 21630	Cucurbita maxima	NA	NA	NA	Asia
Afghanistan	PI_135396	No. 5057	Cucurbita maxima	NA	NA	Fruit somewhat flattened, 10 by 9 inches; rind pea green, heavily indented ribs; flesh orange, 2 to 3 inches thick, falirly good.	Asia
Afghanistan	PI_135353	No. 4921	Cucurbita maxima	NA	NA	Fruit subglobose, slightly flattened, 18 inches in length; weight about 50 pounds; rind grayish green; flesh yellow, 3 inches thick, not very sweet.	Asia
Afghanistan	PI_135355	No. 5016	Cucurbita maxima	NA	NA	Fruit 24 by 10 inches; rind smooth; unribbed, handsome salmon pink with green belly; flesh 2.5 inches thick, of good texture, and sweet.	Asia
Afghanistan	PI_135351	No. 4900	Cucurbita maxima	NA	NA	Fruits slightly flattened, 14 inches in length; rind salmon pink; flesh yellow, 2 inches thick, fair quality.	Asia
Afghanistan	PI_135352	No. 4911	Cucurbita maxima	NA	NA	Fruits slightly flattened, 15 inches in length; rind obscurely ribbed, gray green; flesh yellow, 2.5 inches thick, fair quality.	Asia
Afghanistan	PI_135387	No. 4930	Cucurbita maxima	NA	NA	Fruit globose, 10 inches in diameter; rind white, faintly ribbed; flesh pale orange, 2 inches thick, incipid.	Asia
Afghanistan	PI_223438	Kadoo	Cucurbita maxima	NA	NA	NA	Asia
Afghanistan	PI_135356	No. 5037	Cucurbita maxima	NA	NA	Fruit flattened, 11 by 7 inches; rind orange red with obscure rib lines of cream, smooth; flesh orange, not very sweet, smooth; flesh yellow, 3 inches thich, insipid.	Asia
Afghanistan	PI_135358	No. 5049	Cucurbita maxima	NA	NA	Fruit globose, 11 inches in diameter; rind creamy white, with indented ribs; flesh yellow, 2 inches thick, insipid.	Asia
Afghanistan	PI_135365	No. 4902	Cucurbita maxima	NA	NA	Fruit somewhat flattened, 8 inches in length; rind orange red; flesh bright orange, 1.5 inches thick, of fair quality.	Asia
Afghanistan	PI_135370	No. 4929	Cucurbita maxima	NA	NA	Fruit 24 by 10 inches; rind battleship gray, shiny, faintly ribbed; flesh bright orange, of good quality, but not very sweet.	Asia
Afghanistan	PI_222188	No. 737	Cucurbita maxima	NA	NA	Fruit round, orange; flesh white.	Asia
Afghanistan	PI_135382	No. 4725	Cucurbita maxima	NA	NA	Fruit flattened, 16 by14 inches; rind orange pink, with broken blotches of green and white; flesh yellow, 2.5 inches thick, insipid.	Asia
Afghanistan	PI_135368	No. 4909	Cucurbita maxima	NA	NA	Fruit somewhat flattened, 8 inches in length; rind black green; flesh orange, 1.5 inches thick, rather insipid.	Asia
Afghanistan	PI_135373	No. 5018	Cucurbita maxima	NA	NA	Fruit 14 by 9 inches; rind black green with blotches of Chinese red; flesh orange yellow, 2 to 2.25 inches thick, fair quality.	Asia
Afghanistan	PI_135363	Mekaekidu	Cucurbita maxima	NA	NA	Fruit round enlongate, 12 inches in length; rind ash gray, marbled with pink; flesh yellowish orange, 2 inches thick, insipid.	Asia
United States	G_26704	'Blue Hubbard'	Cucurbita maxima	Cultivar	Hubbard	NA	North America
United States	CItr_5666	'Sibley'	Cucurbita maxima	Cultivar	Banana	NA	North America
United States	G_26694	'Buttercup'	Cucurbita maxima	Cultivar	Buttercup	NA	North America
United States	G_33181	'Mammoth King'	Cucurbita maxima	Cultivar	Show	Note from Jesse Reil (donor):  Seed was harvested from Mammoth King seed acquired from the late Tom Knocke's collection that originally came from Gurney's Seeds back in the late 1970's - early 1980's.  The plants produced about 2 large pumpkins per vine.  The fruit is show-type; large and standardized with an almost florescent beige color.	North America
United States	PI_92835	'Nan Kwa'	Cucurbita maxima	NA	NA	South squash	North America
United States	G_23449	Buttercup, Burgess Strain	Cucurbita maxima	Cultivar	Buttercup	NA	North America
United States	G_30147	'Mayo Blusher'	Cucurbita maxima	Cultivar	NA	Large, white to light green fruit. Round to elongated shape and blush pink when fully ripe. Apricot flesh is sweet. Good keeper.	North America
United States	G_32997	Blue Hubbard	Cucurbita maxima	Cultivar	Hubbard	Info. from Harris Co. 1959 cat. -- 110 days. Developed and grown by us, this extra lg, heavy-yielding strain is the truest most uniform stock we know. The fruit is an attrac- tive bl gray color, rough and rugged, and grows to enormous size Flesh is thick, deep yel. clr and fine flavor and texture. This is a profitable farm crop due to high demand. Good for gard. use due to heavy yield and excellent storage qualities.	North America
United States	G_26705	'Buttercup'	Cucurbita maxima	Cultivar	Buttercup	NA	North America
United States	PI_600834	'Autumn Pride'	Cucurbita maxima	Cultivar	Hubbard	NA	North America
United States	G_26544	'770 Blue Hubbard'	Cucurbita maxima	Cultivar	Hubbard	NA	North America
United States	G_32227	Golden Eagle	Cucurbita maxima	Cultivar	Buttercup	NA	North America
United States	G_32295	'Buckskin'	Cucurbita maxima	Cultivar	Processing	NA	North America
United States	PI_508084	'Sibley'	Cucurbita maxima	Cultivar	Banana	Plant indeterminate, maturity Group I, high yielding.. Flowers white, pods brown with gray pubescence. Seeds yellow, dull. Resistance to races 1 and 2 of Phytophthora root rot.	North America
United States	G_30407	'Japan Cup F1'	Cucurbita maxima	Cultivar	Kobocha	NA	North America
United States	G_32612	Crown Squash	Cucurbita maxima	Cultivated	NA	A hardy squash with wonderful flavor; germinates well and needs little care besides appropriate watering.	North America
United States	G_30409	'Sweet Mama F1'	Cucurbita maxima	Cultivar	Kobocha	NA	North America
United States	G_30406	'Delica F1'	Cucurbita maxima	Cultivar	Kuri	NA	North America
United States	G_32229	Daytona	Cucurbita maxima	Cultivar	NA	NA	North America
United States	G_30408	'Nutty Delica F1'	Cucurbita maxima	Cultivar	Kobocha	NA	North America
United States	PI_224669	Bush Buttercup	Cucurbita maxima	Cultivar	Buttercup	Selected from an unknown PI number in 1938.	North America
United States	PI_318424	Ames 715	Cucurbita maxima	Breeding	NA	Inbred selection. Vigorous, medium maturing, bush. Fruits many, oblate 5 to 6 by 7 to 8 inches, orange or salmon; 3.57 pounds; flesh 1 to 2 inches, light orange.	North America
United States	PI_318425	Ames 716	Cucurbita maxima	Breeding	NA	Inbred selection. Vigorous, medium maturing, bush. Fruits many, oblate 5 by 7 to 8 inches, orange or salmon; 4.75 pounds; flesh 1 to 2 inches, light orange.	North America
United States	PI_318426	Ames 717	Cucurbita maxima	Breeding	NA	Inbred selection. Vigorous, medium maturing, bush. Fruits many, oblate 5 by 7 to 8 inches, copper; 4.90 pounds; flesh 1 to 2 inches, orange.	North America
United States	G_22762	'Aristocat'	Cucurbita maxima	Cultivar	NA	NA	North America
United States	PI_318427	Ames 718	Cucurbita maxima	Breeding	NA	Inbred selection. Vigorous, medium maturing, bush. Fruits many, oblate 4 to 5 by 6 to 7.75 inches, copper; 4.47 pounds; flesh 1.5 inches, orange.	North America
United States	PI_318415	Ames 706	Cucurbita maxima	Breeding	NA	Inbred selection. Vigorous, medium maturing, bush. Fruits many, oblate 5 to 6 by 6 to 8 inches, orange or salmon; 3.75 pounds; flesh .75 to 1.5 inches, orange.	North America
United States	PI_318416	Ames 707	Cucurbita maxima	Breeding	NA	Inbred selection. Vigorous, medium maturing, bush. Fruits many, oblate 4.5 to 5.5 by 6.5 to 8 inches, orange or salmon; 4.75 pounds; flesh 1 to 1.5 inches, orange.	North America
United States	PI_318417	Ames 708	Cucurbita maxima	Breeding	NA	Inbred selection. Vigorous, medium maturing, bush. Fruits many, oblate 5 to 6.5 by 7.75 inches, orange or salmon; 4.20 pounds; flesh .75 to 1.5  inches, orange.	North America
United States	PI_318418	Ames 709	Cucurbita maxima	Breeding	NA	Inbred selection. Vigorous, medium maturing, bush. Fruits oblate 4 by 7 to 9 inches, dark green with light stripes; 3.20 pounds; flesh .5 to 1.25  inches, orange.	North America
United States	PI_601256	'Dills Atlantic Giant'	Cucurbita maxima	Cultivar	Show	NA	North America
United States	G_11299	'Giant Walloper'	Cucurbita maxima	Cultivar	Show	NA	North America
United States	PI_318421	Ames 712	Cucurbita maxima	Breeding	NA	Inbred selection. Vigorous, medium maturing, bush. Fruits many, oblate 4.5 to 6.5 to 8 inches, dark green; 3.56 pounds; flesh 1 inch, bright orange.	North America
United States	PI_656589	Quality	Cucurbita maxima	NA	NA	Info. from Harris 1959 cat. Splendid, high qlty squash. 103 days. Extra thick meat and fine flav. Attract. hrt shape means deeper flesh at the shldrs and the seed cavity is small. Dark olive grn w/a thin, hard rind. It has deep orange-clrd flesh very dry, sweet and fine grained. Med. sized frt (5-10 lbs.) Running vines set hvy crops. Good keeper. Quality is excell- ent for the home garden and for market.	North America
United States	PI_656590	Red Gold Banana	Cucurbita maxima	Cultivar	Banana	Lit. refer.-Amer. Veg. Grower Var. List, 12/68. Modified banana type squash, red gold-red skin; sweet yellow flesh.	North America
United States	G_26105	'Buttercup, Burgess Strain'	Cucurbita maxima	Cultivar	Buttercup	NA	North America
United States	G_26542	786 Emerald	Cucurbita maxima	Cultivar	Buttercup	NA	North America
United States	PI_318430	Ames 721	Cucurbita maxima	Breeding	NA	Male sterile C.  Buttercup type. Segregates (approximately) 1 normal to 1 male sterile. Vigorous, medium maturing, medium-sized vines. Fruits many, oblate turbinate 4.25 by 6 to 9 inches, dark green; 4.5 pounds; flesh .75 to 1.25 inches, orange.	North America
United States	PI_318431	Ames 722	Cucurbita maxima	Breeding	NA	NA	North America
United States	PI_318428	Ames 719	Cucurbita maxima	Breeding	NA	NA	North America
United States	PI_318429	Ames 720	Cucurbita maxima	Breeding	NA	Male sterile B. Segregates (approximately) 1 normal to 1 male sterile. Vigorous, medium maturing, semibush. Fruits oblate 7 to 9 by 8 to 12 inches, orange-red; 10 pounds; flesh 1.25 to 2.25 inches, orange.	North America
United States	G_28224	'Sweet Mama'	Cucurbita maxima	Cultivar	Kobocha	NA	North America
United States	PI_318422	Ames 713	Cucurbita maxima	Breeding	NA	Inbred selection. Vigorous, medium maturing, bush. Fruits many, 6 to 7 by 7 to 8 inches, orange or salmon; 3.55 pounds; flesh 1 to 1.5 inches, orange.	North America
United States	PI_318419	Ames 710	Cucurbita maxima	Breeding	NA	Inbred selection. Vigorous, medium maturing, bush. Fruits 6 by 7.5 to 8.25 inches, orange or salmon; 3.21 pounds; flesh 1 to 2 inches, orange.	North America
United States	PI_318420	Ames 711	Cucurbita maxima	Breeding	NA	Inbred selection. Vigorous, medium maturing, bush. Fruits many, oblate 5 to 5.5 by 7.5 to 9 inches, orange or salmon; 4.82 pounds; flesh 1 to 1.5 inches, orange.	North America
United States	PI_267750	'Candy Roadster'	Cucurbita maxima	NA	NA	Grown for over 100 years in North Carolina mountains. Plants vigorous, early maturing; leaf large; fruit slate gray, oblong, smooth, 20 by 9 inches. Susceptible to powdery mildew.	North America
United States	G_27743	Big Max	Cucurbita maxima	Cultivar	Show	NA	North America
United States	PI_318423	Ames 714	Cucurbita maxima	Breeding	NA	Inbred selection. Vigorous, medium maturing, bush. Fruits many, oblate 4 to 4.5 by 7.5 to 8 inches, orange or salmon; 3.72 pounds; flesh .75 to 1.5 inches, yellow.	North America
United States	PI_220861	Hung	Cucurbita maxima	NA	NA	Fruits large, 14 inches by 15 inches, yellow.	North America
United States	PI_518679	Turban Squash	Cucurbita maxima	Cultivated	NA	Local type.	North America
United States	PI_325133	Gold Nugget	Cucurbita maxima	Cultivar	Kuri	Bush with short internodes. Fruits round oblate, 590 grams; shell hard, red orange; flesh dark gold orange, fine texture, no fiber, dense, 3 cm. thick; early; 8 per plant.	North America
United States	PI_245142	No Known Plant ID	Cucurbita maxima	NA	NA	Selection made from PI 176536. Fruits oblate, 8 by 10 inches; ribs 1 inch wide; flesh light yellow.	North America
United States	PI_349354	No Known Plant ID	Cucurbita maxima	NA	NA	NA	North America
United States	G_32304	'Mountaineer PS Hubbard'	Cucurbita maxima	Cultivar	Hubbard	NA	North America
United States	PI_518678	Banana Squash	Cucurbita maxima	Cultivated	NA	Local type. Peduncle tan, corky. Fruit pink, smooth and unmarked with a light green zone at flower end. Seeds deep tan.	North America
United States	G_32228	Black Eagle	Cucurbita maxima	Cultivar	NA	NA	North America
United States	PI_318433	Ames 724	Cucurbita maxima	Breeding	NA	Male sterile F.  Segregates (approximately) 1 normal to 1 male sterile. Vigorous, bush type. Fruits many, oblate 1 to 1.25 inches, light orange.	North America
United States	G_28226	'Orangetti'	Cucurbita maxima	Cultivar	NA	NA	North America
United States	G_30405	Uchiki Kuri	Cucurbita maxima	Cultivar	Kuri	NA	North America
United States	PI_302417	Banquet Squash	Cucurbita maxima	Cultivated	NA	Oblate shaped friut; 6 - 10 inches by 4 - 5.5 inches with grooves, flesh orange 1 to 1.5 inches thick.	North America
Argentina	G_23725	Alayo	Cucurbita maxima	NA	NA	NA	South/Latin America
Argentina	PI_458661	TW 1080	Cucurbita maxima	NA	NA	Probably a mixture of local types. Local name Zapallo.	South/Latin America
Argentina	PI_458678	TWW-48	Cucurbita maxima	NA	NA	Donated by L.O. Melis.  Bush type.  Seeds white, margins white.  Local name Tanca.	South/Latin America
Argentina	PI_458662	TW 1080	Cucurbita maxima	NA	NA	Fruit medium-sized with deep vein tracts, rough surface. Probably from Misiones. Local name Zapallo.	South/Latin America
Argentina	PI_458694	TWW-64	Cucurbita maxima	NA	NA	Donated by L.O. Melis. Bush type. Seeds medium-sized, white, more or less marginless. Local name Taplop.	South/Latin America
Argentina	G_23726	Alayo	Cucurbita maxima	NA	NA	NA	South/Latin America
Argentina	G_23731	Maluen	Cucurbita maxima	NA	NA	NA	South/Latin America
Argentina	PI_458693	TWW-63	Cucurbita maxima	NA	NA	Donated by L.O. Melis. Bush type. Seeds medium-sized, roundish, white, margins light. Local name Vinaca.	South/Latin America
Argentina	G_23728	Chiuque	Cucurbita maxima	NA	NA	NA	South/Latin America
Argentina	PI_458696	TWW-66	Cucurbita maxima	NA	NA	Donated by L.O. Melis. Seeds large, white, margins light. Local name Carla.	South/Latin America
Argentina	PI_458663	TW 1080	Cucurbita maxima	NA	NA	Fruit medium-sized, Probably elongate, with a rough surface. Probably from Misiones. Local name Zapallo.	South/Latin America
Argentina	PI_458688	TWW-58	Cucurbita maxima	NA	NA	Donated by L.O. Melis.  Bush type.  Seeds small, white, margins light. Local name Maguilta.	South/Latin America
Argentina	PI_458689	TWW-59	Cucurbita maxima	NA	NA	Donated by L.O. Melis. Seeds small, white, margins light. Local name Pallamay.	South/Latin America
Argentina	PI_458699	TWW-69	Cucurbita maxima	NA	NA	Seeds white, medium-sized, margins present. Local name Campana-Labanda-70.	South/Latin America
Argentina	PI_458676	TWW-46	Cucurbita maxima	NA	NA	Donated by L.O. Melis. Bush type. Seeds white, marginless. Local name Supupa.	South/Latin America
Argentina	PI_458677	TWW-47	Cucurbita maxima	NA	NA	Donated by L.O. Melis. Bush type. Seeds white, margins present. Local name Sipigua.	South/Latin America
Argentina	PI_458709	TWW-86	Cucurbita maxima	NA	NA	Donated by J. Camara-Hernandez. Seeds medium to large, white, margins darker.	South/Latin America
Argentina	PI_458710	TWW-87	Cucurbita maxima	NA	NA	Donated by J. Camara-Hernandez. Seeds large, white, margins slightly darker.	South/Latin America
Argentina	PI_458714	TWW-92	Cucurbita maxima	NA	NA	Donated by J. Camara-Hernandez.  Seeds medium-sized, pure white, margins same color.	South/Latin America
Argentina	PI_458682	TWW-52	Cucurbita maxima	NA	NA	Donated by L.O. Melis.  Bush type.  Seeds white, margins white.  Local name Malopara.	South/Latin America
Argentina	PI_458698	TWW-68	Cucurbita maxima	NA	NA	Seeds white, medium-sized, margins present. Local name Zapallito del Tronco (Cochi magnif.).	South/Latin America
Argentina	PI_458665	TW 1080	Cucurbita maxima	NA	NA	Fruit surface rough. Probably from Misiones. Local name Zapallo.	South/Latin America
Argentina	PI_458666	TW 1080	Cucurbita maxima	NA	NA	Fruit surface rough. Flesh yellow, thick. Seeds large, yellow. Probably from Misiones. Local name Zapallo.	South/Latin America
Argentina	PI_265557	No Known Plant ID	Cucurbita maxima	NA	NA	NA	South/Latin America
Argentina	PI_458701	TWW-71	Cucurbita maxima	NA	NA	Seeds white, small, margins broad. Local name Zipinki Campana.	South/Latin America
Argentina	PI_458702	TWW-72	Cucurbita maxima	NA	NA	Seeds Banana type, large, tan, margins broad, light. Local name Plomo ruso (Plaunorskja).	South/Latin America
Argentina	G_23732	Maluen	Cucurbita maxima	NA	NA	NA	South/Latin America
Argentina	G_23733	Pichagua	Cucurbita maxima	NA	NA	NA	South/Latin America
Argentina	PI_458692	TWW-62	Cucurbita maxima	NA	NA	Donated by L.O. Melis. Bush type. Seeds medium-sized, white, margins light. Local name Vistalba.	South/Latin America
Argentina	PI_458691	TWW-61	Cucurbita maxima	NA	NA	Donated by L.O. Melis.  Winter bush type.  Seeds large, white, margins white.  Local name Marino de Mendoza.	South/Latin America
Argentina	G_23734	Pichagua	Cucurbita maxima	NA	NA	NA	South/Latin America
Argentina	PI_458679	No Known Plant ID	Cucurbita maxima	NA	NA	Donated by L.O. Melis.  Seeds white, margins white.  Local name Relanta.	South/Latin America
Argentina	PI_458695	TWW-65	Cucurbita maxima	NA	NA	Donated by L.O. Melis. Seeds medium-sized, white, with slight sculpturing, margins light. Local name Sayanca.	South/Latin America
Argentina	PI_458697	TWW-67	Cucurbita maxima	NA	NA	Donated by L.O. Melis. Bush type. Seeds medium-sized, white, margins darker. Local name Pichagua.	South/Latin America
Argentina	PI_458664	TW 1080	Cucurbita maxima	NA	NA	Fruit surface rough. Probably from Misiones. Local name Zapallo.	South/Latin America
Argentina	PI_199508	Trouce	Cucurbita maxima	Cultivar	NA	NA	South/Latin America
Argentina	PI_458669	Hubbard Rojo	Cucurbita maxima	NA	NA	Warted Hubbard type, fruit skin orange. Local name Zapallo.	South/Latin America
Argentina	PI_458687	TWW-57	Cucurbita maxima	NA	NA	Donated by L.O. Melis.  Bush type.  Seeds white, margins light.  Local name Choay.	South/Latin America
Argentina	G_23729	Malopara	Cucurbita maxima	NA	NA	NA	South/Latin America
Argentina	G_23730	Malopara	Cucurbita maxima	NA	NA	NA	South/Latin America
Argentina	PI_458690	TWW-60	Cucurbita maxima	NA	NA	Donated by L.O. Melis. Bush type. Seeds medium-sized, white, more or less marginless. Local name Chacoriano.	South/Latin America
Argentina	PI_458704	TWW-78	Cucurbita maxima	NA	NA	Donated by J. Camara-Hernandez.  Seeds medium-sized, creamy white, margins darker.	South/Latin America
Argentina	PI_162671	Forrajero	Cucurbita maxima	NA	NA	NA	South/Latin America
Argentina	PI_458683	TWW-53	Cucurbita maxima	NA	NA	Donated by L.O. Melis.  Seeds white, sculptured, marginless.  Local name Vistalba.	South/Latin America
Argentina	PI_458660	TW 1080	Cucurbita maxima	NA	NA	Probably a mixture of local types. Local name Zapallo.	South/Latin America
Argentina	PI_458708	TWW-82	Cucurbita maxima	NA	NA	Donated by J. Camara-Hernandez. Seeds medium-sized, white, margins white.	South/Latin America
Argentina	PI_458686	TWW-56	Cucurbita maxima	NA	NA	Donated by L.O. Melis. Seeds white, margins almost white. Local name Chinque.	South/Latin America
Argentina	PI_458670	TW 1080	Cucurbita maxima	NA	NA	Probably imported from Misiones. Fruit yellow, rough surface, deep vein tracts,  skin orange. Flesh yellow. Local name Zapallo.	South/Latin America
Argentina	PI_458684	TWW-54	Cucurbita maxima	NA	NA	Donated by L.O. Melis.  Seeds small, white, almost marginless.  Local name Alayo.	South/Latin America
Argentina	G_23727	Chiuque	Cucurbita maxima	NA	NA	NA	South/Latin America
Argentina	PI_458675	TWW-45	Cucurbita maxima	NA	NA	Donated by L.O. Melis. Bush type. Fruit white. Local name Naclao.	South/Latin America
Argentina	PI_162670	No. 181	Cucurbita maxima	NA	NA	NA	South/Latin America
Argentina	PI_458672	TW 1080	Cucurbita maxima	NA	NA	Probably imported from Misiones.  Fruit flattish, smooth surface, orange, medium vein tracts, light color, producing stripes.  Flesh lemon, thin.  Seed cavity large. Local name Zapallo.	South/Latin America
Argentina	PI_458703	TWW-76	Cucurbita maxima	NA	NA	Donated by J. Camara-Hernandez. Seeds Banana type, large, golden brown, margins  lighter.	South/Latin America
Argentina	PI_458673	No Known Plant ID	Cucurbita maxima	NA	NA	Donated by L.O. Melis. Bush type. Fruit solid white. Local name Tabalque.	South/Latin America
Argentina	PI_162669	No. 182	Cucurbita maxima	NA	NA	NA	South/Latin America
Argentina	PI_458685	TWW-55	Cucurbita maxima	NA	NA	Donated by L.O. Melis. Seeds large, white, margins white. Local name Anton.	South/Latin America
Argentina	PI_458653	TW 1080	Cucurbita maxima	NA	NA	Donated by E. M. Zardini.	South/Latin America
Argentina	PI_458700	TWW-70	Cucurbita maxima	NA	NA	Seeds large, dirty white, margins present. Local name Capana-Ingles.	South/Latin America
Argentina	PI_414676	Zapinski	Cucurbita maxima	NA	NA	Bush type plant. Prolific in fruiting.	South/Latin America
Uruguay	G_24402	Zapallo Rotando	Cucurbita maxima	NA	NA	NA	South/Latin America
Peru	PI_470933	No. 2	Cucurbita maxima	NA	NA	Leaves wide. Spreading habit. Fruits up to 50 kg. Local name Zapallo grande.	South/Latin America
Peru	G_25854	P-8587	Cucurbita maxima	Cultivar	NA	NA	South/Latin America
Peru	G_25853	P-8579	Cucurbita maxima	Cultivar	NA	NA	South/Latin America
Brazil	PI_244702	Moranga	Cucurbita maxima	NA	NA	Fruits flattened; orange.	South/Latin America
Brazil	G_28472	'Varzea Alegre'	Cucurbita maxima	Cultivar	NA	NA	South/Latin America
Brazil	PI_244704	Ovo de Ganzo 619 Moganga	Cucurbita maxima	NA	NA	Fruits the size of small 'Table Queen'; buff. Quality good.	South/Latin America
Burundi	G_30649	GMN 152	Cucurbita maxima	NA	NA	NA	Africa
Burundi	G_32322	GMN 7	Cucurbita maxima	NA	NA	NA	Africa
Burundi	G_32319	GMN 138	Cucurbita maxima	NA	NA	NA	Africa
Burundi	G_30655	GMN 279	Cucurbita maxima	NA	NA	NA	Africa
Burundi	G_32321	GMN 80	Cucurbita maxima	NA	NA	NA	Africa
Greece	G_32379	G044	Cucurbita maxima	NA	NA	NA	Europe
India	PI_175124	Kadu	Cucurbita maxima	NA	NA	NA	Asia
India	PI_165558	Kadu	Cucurbita maxima	NA	NA	NA	Asia
India	PI_163227	No. 8470	Cucurbita maxima	NA	NA	NA	Asia
India	PI_183314	Sakatatti	Cucurbita maxima	NA	NA	NA	Asia
India	PI_175125	Kadu	Cucurbita maxima	NA	NA	Fruit elongate, 25 by 10 inches, ashy, unribbed; not sweet but tasty; flesh 2 1/2 inches thick and orange-colored.	Asia
India	PI_175126	Kadu	Cucurbita maxima	NA	NA	Fruit subvoid, 15 inches in diameter, ashy, unribbed.	Asia
India	PI_121912	No. 1629	Cucurbita maxima	NA	NA	NA	Asia
India	PI_174823	Kadu	Cucurbita maxima	NA	NA	Fruit subglobose, 15 by 12 inches, heavily ribbed, grey, squash-type. Not sweet but tasty.	Asia
India	PI_121915	No Known Plant ID	Cucurbita maxima	NA	NA	NA	Asia
India	PI_121913	Kadu	Cucurbita maxima	NA	NA	NA	Asia
India	PI_166046	Kadu	Cucurbita maxima	NA	NA	NA	Asia
India	PI_121910	No. 1680	Cucurbita maxima	NA	NA	NA	Asia
Iran	PI_141638	Kaduetambal	Cucurbita maxima	NA	NA	NA	Asia
Iran	PI_137889	Kadu	Cucurbita maxima	NA	NA	PI book claims this acc. is C.Pepo.	Asia
Iran	PI_137871	Kadu	Cucurbita maxima	NA	NA	NA	Asia
Iran	PI_143281	No. 7644	Cucurbita maxima	NA	NA	Fruit globose, 12 inches long, pale salmon; flesh orange, 1.5 to 2.5 inches thick, insipid.	Asia
Iran	PI_137887	Kadu	Cucurbita maxima	NA	NA	Fruit globose, 12 inches in diameter; rind red orange and deeply ribbed; flesh 2 inches thick, orange yellow ; good flavor but not very sweet. PI book claims this acc. is C.Pepo.	Asia
Iran	PI_137884	Kadu	Cucurbita maxima	Cultivar	NA	Fruit globose, 8 inches in diameter; rind orange red, with rib stripes of salmon; ribs faintly indented; flesh 1 1/4 inches thick, greenish yellow and insipid. PI book claims this acc. is C.Pepo	Asia
Iran	PI_143284	No. 7735	Cucurbita maxima	NA	NA	Cultivated for the seeds.	Asia
Iran	PI_222784	Kadoo	Cucurbita maxima	NA	NA	Fruit reddish-orange, up to 2 feet in diameter.	Asia
Iran	PI_141640	Kadu	Cucurbita maxima	NA	NA	NA	Asia
Iran	PI_211997	No. 5	Cucurbita maxima	NA	NA	NA	Asia
Iran	PI_137866	No. 5241	Cucurbita maxima	NA	NA	NA	Asia
Iran	PI_141632	Kadu	Cucurbita maxima	NA	NA	NA	Asia
Iran	PI_223353	No. 1478	Cucurbita maxima	NA	NA	Fruit pear-shaped, reddish, to 6 inches in diameter and 1 foot long.	Asia
Iran	PI_227361	No. 14869	Cucurbita maxima	NA	NA	NA	Asia
Iran	PI_137880	No. 5642	Cucurbita maxima	NA	NA	NA	Asia
Iran	PI_211992	No. 4	Cucurbita maxima	NA	NA	NA	Asia
Iran	PI_141633	Kadu	Cucurbita maxima	NA	NA	NA	Asia
Iran	PI_212009	No. 10	Cucurbita maxima	NA	NA	NA	Asia
Iran	PI_137862	Russian Kadu	Cucurbita maxima	NA	NA	Fruit 15 by 8 inches; rind orange red to paler, splotched with green, pinkish-white incomplete rib lines and heavily indented ribs; flesh orange, 2 inches thick, tender and insipid.	Asia
Iran	PI_143280	No. 7643	Cucurbita maxima	NA	NA	Fruit globose, 14 inches long, with deep irregular ribs, salmon, mottled paler; flesh 2 to 4 inches thick, pale orange, insipid.	Asia
Iran	PI_141637	Kaduetambal	Cucurbita maxima	NA	NA	NA	Asia
Iran	PI_143274	No. 7488	Cucurbita maxima	NA	NA	Fruit 18 inches long and 9 inches in diameter, orange red, with faint irregular ridb; flesh 1.25 inches thick, deep yellow, good quality.	Asia
Iran	PI_141661	Kadu	Cucurbita maxima	NA	NA	NA	Asia
Iran	PI_143278	No. 7595	Cucurbita maxima	NA	NA	Fruit subelliptical, 11 inches long, red; rind 2 inches thick, orange, insipid.	Asia
Iran	PI_211991	No. 3	Cucurbita maxima	NA	NA	NA	Asia
Iran	PI_226463	No. 14780	Cucurbita maxima	NA	NA	NA	Asia
Iran	PI_265558	Formerly PI 212010	Cucurbita maxima	NA	NA	NA	Asia
Iran	PI_143272	No. 7402	Cucurbita maxima	NA	NA	Fruit flattened, 11 inches long and 7 inches in diameter, deeply ribbed, orange red; flesh 5 inches thick, greenish yellow, firm, low in sugar.	Asia
Iran	PI_265561	Formerly PI 223353	Cucurbita maxima	NA	NA	NA	Asia
Iran	PI_137860	Kadu	Cucurbita maxima	NA	NA	Adapted to cotton country.	Asia
Iran	PI_211990	No. 2	Cucurbita maxima	NA	NA	NA	Asia
Iran	PI_211989	No. 1	Cucurbita maxima	NA	NA	NA	Asia
Iran	PI_137861	No. 5613	Cucurbita maxima	NA	NA	Said to be globose. Gorwn where summers are hot.	Asia
Iran	PI_137859	Kadu	Cucurbita maxima	NA	NA	Fruit elongate, 9 by 15 inches, rind gray green and unribbed; flesh yellow, 2 inches thich, and insipid.	Asia
Iran	PI_141665	No. 5927	Cucurbita maxima	NA	NA	Small, immature fruits, both round and elongate.	Asia
Iran	PI_141667	Kaduekombar	Cucurbita maxima	NA	NA	NA	Asia
Iran	PI_141648	Kaduehaluai	Cucurbita maxima	NA	NA	NA	Asia
Paraguay	PI_458741	TWW-107	Cucurbita maxima	NA	NA	Seeds medium-sized, white. From  Manjuy Indians. Local name Zapallo.	South/Latin America
Paraguay	PI_458742	TWW-108	Cucurbita maxima	NA	NA	Seeds small, white. From Manjuy Indians. Local name Zapallo.	South/Latin America
Paraguay	PI_475748	TWW-112	Cucurbita maxima	NA	NA	Plants grown by Manjuy Indians for centuries, endemic. Seeds small, white. Local name Zapallo.	South/Latin America
Paraguay	PI_475749	TWW-113	Cucurbita maxima	NA	NA	Plants grown by Manjuy Indians for centuries, endemic. Seeds medium-sized, white. Local name Zapallo.	South/Latin America
Paraguay	PI_162890	No. 242	Cucurbita maxima	NA	NA	NA	South/Latin America
Turkey	PI_224670	Balkabagi	Cucurbita maxima	NA	NA	An orange turban squash.	Europe
Turkey	PI_178893	No. 9682	Cucurbita maxima	NA	NA	NA	Europe
Turkey	PI_178892	No. 9679	Cucurbita maxima	NA	NA	NA	Europe
Turkey	PI_165077	Balkabagi	Cucurbita maxima	NA	NA	NA	Europe
Turkey	PI_165001	Balkabagi	Cucurbita maxima	NA	NA	NA	Europe
Turkey	PI_179265	Kestane	Cucurbita maxima	NA	NA	NA	Europe
Turkey	PI_178894	Balkabagi	Cucurbita maxima	NA	NA	NA	Europe
Turkey	PI_178890	Balkabagi	Cucurbita maxima	NA	NA	NA	Europe
Turkey	PI_199033	No. 10624	Cucurbita maxima	NA	NA	NA	Europe
Turkey	PI_164999	Balkabagi	Cucurbita maxima	NA	NA	NA	Europe
Turkey	PI_265555	No Known Plant ID	Cucurbita maxima	NA	NA	NA	Europe
Turkey	PI_165027	Kestane Kabak	Cucurbita maxima	NA	NA	NA	Europe
Turkey	PI_169419	No. 1475	Cucurbita maxima	NA	NA	NA	Europe
Turkey	PI_178891	No. 9670	Cucurbita maxima	NA	NA	NA	Europe
Turkey	PI_164995	Citili Kabak	Cucurbita maxima	NA	NA	NA	Europe
Turkey	PI_165005	Beyazbal	Cucurbita maxima	NA	NA	NA	Europe
Turkey	PI_169455	Kara Kabak	Cucurbita maxima	NA	NA	NA	Europe
Turkey	PI_173679	No. 8611	Cucurbita maxima	NA	NA	NA	Europe
Turkey	PI_175701	No. 9124	Cucurbita maxima	NA	NA	NA	Europe
Turkey	PI_175703	Kedi	Cucurbita maxima	NA	NA	NA	Europe
Turkey	PI_171624	No. 6724	Cucurbita maxima	NA	NA	NA	Europe
Turkey	PI_172853	No. 7386	Cucurbita maxima	NA	NA	NA	Europe
Turkey	PI_172854	No. 7404	Cucurbita maxima	NA	NA	NA	Europe
Turkey	PI_172869	No. 8145	Cucurbita maxima	NA	NA	NA	Europe
Turkey	PI_169440	No. 2188	Cucurbita maxima	NA	NA	NA	Europe
Turkey	PI_230180	No Known Plant ID	Cucurbita maxima	NA	NA	Fruit flat, ribbed, about 14 inches in diameter; color brownish-gray; flesh deep orange, about 2 inches thick; late maturing.	Europe
Turkey	PI_174191	No. 8448	Cucurbita maxima	NA	NA	NA	Europe
Turkey	PI_175698	No. 6023	Cucurbita maxima	NA	NA	NA	Europe
Turkey	PI_171614	No. 6542	Cucurbita maxima	NA	NA	NA	Europe
Turkey	PI_171615	No. 6543	Cucurbita maxima	NA	NA	NA	Europe
Turkey	PI_171616	Kestane	Cucurbita maxima	NA	NA	NA	Europe
Turkey	PI_169407	Kabak Beyaz	Cucurbita maxima	NA	NA	NA	Europe
Turkey	PI_169406	Kabak Helvaci	Cucurbita maxima	NA	NA	NA	Europe
Turkey	PI_177367	No. 6266	Cucurbita maxima	NA	NA	NA	Europe
Turkey	PI_178889	Balkabagi	Cucurbita maxima	NA	NA	NA	Europe
Turkey	PI_169411	Kestane Kabagi	Cucurbita maxima	NA	NA	NA	Europe
Turkey	PI_199031	Kestane	Cucurbita maxima	NA	NA	NA	Europe
Turkey	PI_169439	Galle Kabak	Cucurbita maxima	NA	NA	NA	Europe
Turkey	PI_164988	Balkabagi	Cucurbita maxima	NA	NA	NA	Europe
Turkey	PI_198672	Balkabaghi	Cucurbita maxima	NA	NA	NA	Europe
Turkey	PI_171617	Cerkez	Cucurbita maxima	NA	NA	NA	Europe
Turkey	PI_199032	Sitaphal	Cucurbita maxima	NA	NA	NA	Europe
Turkey	PI_169471	No. 3397	Cucurbita maxima	NA	NA	NA	Europe
Turkey	PI_176530	Kestane	Cucurbita maxima	NA	NA	NA	Europe
Turkey	PI_176960	Kus	Cucurbita maxima	NA	NA	NA	Europe
Turkey	PI_177366	No. 4954	Cucurbita maxima	NA	NA	NA	Europe
Turkey	PI_120440	No. 3249	Cucurbita maxima	NA	NA	NA	Europe
Turkey	PI_174181	Balkabagi	Cucurbita maxima	NA	NA	NA	Europe
Turkey	PI_176529	Balkabagi	Cucurbita maxima	NA	NA	NA	Europe
Turkey	PI_109277	No. T-282	Cucurbita maxima	NA	NA	NA	Europe
Turkey	PI_182195	No. 10427	Cucurbita maxima	NA	NA	NA	Europe
Turkey	PI_169466	No. 3284	Cucurbita maxima	NA	NA	NA	Europe
Turkey	PI_169433	No. 1960	Cucurbita maxima	NA	NA	NA	Europe
Turkey	PI_176528	Balkabagi	Cucurbita maxima	NA	NA	NA	Europe
Turkey	PI_183679	Tevriv	Cucurbita maxima	NA	NA	NA	Europe
Turkey	PI_171618	Kestane	Cucurbita maxima	NA	NA	NA	Europe
Turkey	PI_169405	Bal Kabagi	Cucurbita maxima	NA	NA	NA	Europe
Turkey	PI_176527	Kestane	Cucurbita maxima	NA	NA	NA	Europe
Turkey	PI_177365	Helvaci	Cucurbita maxima	NA	NA	NA	Europe
Turkey	PI_169404	Kestane	Cucurbita maxima	NA	NA	NA	Europe
Syria	PI_181911	Hama No. 10	Cucurbita maxima	NA	NA	NA	Arab States
Syria	PI_179272	No. 9798	Cucurbita maxima	NA	NA	NA	Arab States
Syria	PI_534548	OA 278	Cucurbita maxima	Cultivated	NA	NA	Arab States
Syria	G_32711	S029	Cucurbita maxima	Cultivar	NA	NA	Arab States
Syria	PI_534607	OD 10420	Cucurbita maxima	Cultivated	NA	NA	Arab States
Syria	PI_534550	OA 314	Cucurbita maxima	Cultivated	NA	NA	Arab States
Syria	PI_534547	OA 265	Cucurbita maxima	Cultivated	NA	NA	Arab States
Syria	PI_534612	OD 10569	Cucurbita maxima	Cultivated	NA	NA	Arab States
Syria	PI_534616	OM 10372	Cucurbita maxima	Cultivated	NA	NA	Arab States
Syria	PI_181943	Homs No. 8	Cucurbita maxima	NA	NA	NA	Arab States
Syria	PI_181877	Aleppo No. 11	Cucurbita maxima	NA	NA	NA	Arab States
Syria	PI_181879	Aleppo No. 44	Cucurbita maxima	NA	NA	NA	Arab States
Syria	PI_181751	No. 9739	Cucurbita maxima	NA	NA	NA	Arab States
Saudi Arabia	PI_183259	No. 2	Cucurbita maxima	NA	NA	NA	Arab States
Africa	PI_186488	No Known Pland ID	Cucurbita maxima	NA	NA	NA	Africa
Africa	PI_188694	No Known Plant ID	Cucurbita maxima	NA	NA	NA	Africa
Ethiopia	PI_194268	No. 9062	Cucurbita maxima	NA	NA	NA	Africa
Ethiopia	PI_196845	No. 10067	Cucurbita maxima	Cultivar	NA	NA	Africa
Ethiopia	PI_195929	No. 9902	Cucurbita maxima	NA	NA	NA	Africa
Ethiopia	PI_193500	No. 8751	Cucurbita maxima	NA	NA	NA	Africa
Ethiopia	PI_628618	2122	Cucurbita maxima	Uncertain	NA	Split from PI 273656 because of different species identification.	Africa
Ethiopia	PI_273654	2049	Cucurbita maxima	NA	NA	NA	Africa
South Africa	G_27894	G 27894	Cucurbita maxima	Cultivar	NA	NA	Africa
South Africa	PI_234612	Flat Boer	Cucurbita maxima	Cultivar	NA	NA	Africa
South Africa	PI_409734	No. 1937	Cucurbita maxima	NA	NA	NA	Africa
South Africa	PI_234608	Queensland Blue	Cucurbita maxima	Cultivar	Australian	NA	Africa
South Africa	PI_299573	AJO-0464	Cucurbita maxima	Cultivar	NA	NA	Africa
Australia	PI_234610	Turks Cap	Cucurbita maxima	Cultivar	NA	NA	Australia
Australia	PI_234609	Queensland Blue (Beaudesert)	Cucurbita maxima	Cultivar	Australian	NA	Australia
Australia	PI_295342	Butter Pumpkin	Cucurbita maxima	NA	NA	NA	Australia
Australia	PI_289699	Crown Prince	Cucurbita maxima	NA	NA	NA	Australia
Pakistan	PI_218072	Alva Kadu	Cucurbita maxima	NA	NA	Large red pumpkin.	Asia
Pakistan	PI_135893	No. 5088	Cucurbita maxima	NA	NA	Fruit subglobose, 17 inches long, rind salmon, with deeply indented ribs; flesh salmon, 2.75 inches thick, and incipid.	Asia
Pakistan	PI_135892	No. 5087	Cucurbita maxima	NA	NA	Fruit flattened, 17 by 9 inches; rind Chinese red, deeply indented ribs; flesh orange, 2 to 3 inches thick, and insipid.	Asia
Pakistan	PI_135889	No. 5084	Cucurbita maxima	NA	NA	Fruit subglobose, 15 inches long, faintly ribbed, creamy white; flest pale orange, 1.5 to 2.5 inches thick, and incipid.	Asia
Pakistan	PI_265559	Formerly PI 219694	Cucurbita maxima	NA	NA	NA	Asia
United Kingdom	PI_267749	'Turk's Cap Pumpkin'	Cucurbita maxima	NA	NA	Plants medium vigor, early maturing; fruit reddish orange, rough, 6 by 9 inches, convex swelling at blossom end.	Europe
Austria	G_13274	G 13274	Cucurbita maxima	Cultivar	NA	NA	Europe
Austria	PI_298036	No Known Plant ID	Cucurbita maxima	NA	NA	NA	Europe
Austria	PI_184745	No Known Plant ID	Cucurbita maxima	NA	NA	NA	Europe
Bulgaria	PI_306124	Plovdivska 48/4	Cucurbita maxima	Breeding	NA	NA	Europe
Macedonia	PI_357876	Vojnicka	Cucurbita maxima	NA	NA	NA	Europe
Macedonia	PI_368577	Pecenka	Cucurbita maxima	NA	NA	NA	Europe
Macedonia	PI_368561	Bela Pecenka	Cucurbita maxima	NA	NA	NA	Europe
Macedonia	PI_370453	Penceka Lokalna	Cucurbita maxima	NA	NA	NA	Europe
Macedonia	PI_357889	Stracinska Pecenka	Cucurbita maxima	NA	NA	NA	Europe
Macedonia	PI_357890	Pencenka	Cucurbita maxima	NA	NA	NA	Europe
Macedonia	PI_379304	Balka	Cucurbita maxima	NA	NA	NA	Europe
Macedonia	PI_357911	Pecenka Od Rastak	Cucurbita maxima	NA	NA	NA	Europe
Macedonia	PI_368567	Pecneka	Cucurbita maxima	NA	NA	NA	Europe
Macedonia	PI_370452	Golema	Cucurbita maxima	NA	NA	NA	Europe
Macedonia	PI_357880	Siva Stambolka	Cucurbita maxima	NA	NA	NA	Europe
Macedonia	PI_357898	Amzibegovska	Cucurbita maxima	NA	NA	NA	Europe
Macedonia	PI_370460	Pecenka Mestna	Cucurbita maxima	NA	NA	NA	Europe
Macedonia	PI_357896	Kumanovska	Cucurbita maxima	NA	NA	NA	Europe
Macedonia	PI_357888	Bela Pecenka	Cucurbita maxima	NA	NA	NA	Europe
Macedonia	PI_379294	Pecenka	Cucurbita maxima	NA	NA	NA	Europe
Macedonia	PI_368582	Stambolka	Cucurbita maxima	NA	NA	NA	Europe
Macedonia	PI_357912	Stambolka	Cucurbita maxima	NA	NA	NA	Europe
Macedonia	PI_370457	Kolacarka	Cucurbita maxima	NA	NA	NA	Europe
Macedonia	PI_357897	Vezenka	Cucurbita maxima	NA	NA	NA	Europe
Macedonia	PI_357891	UKRASNA CALMA	Cucurbita maxima	NA	NA	NA	Europe
Macedonia	PI_379303	Pecenka	Cucurbita maxima	NA	NA	NA	Europe
Macedonia	PI_357875	Kumanovska	Cucurbita maxima	NA	NA	NA	Europe
Macedonia	PI_357899	Zrnovska	Cucurbita maxima	NA	NA	NA	Europe
Macedonia	PI_368575	Pecenka	Cucurbita maxima	NA	NA	NA	Europe
Macedonia	PI_357882	Krusovidna	Cucurbita maxima	NA	NA	NA	Europe
Macedonia	PI_368583	Pecenka	Cucurbita maxima	NA	NA	NA	Europe
Macedonia	PI_368565	Pecneka	Cucurbita maxima	NA	NA	NA	Europe
Macedonia	PI_357903	Brzak	Cucurbita maxima	NA	NA	NA	Europe
Macedonia	PI_379295	Pecenka	Cucurbita maxima	NA	NA	NA	Europe
Macedonia	PI_379297	Pecenka	Cucurbita maxima	NA	NA	NA	Europe
Macedonia	PI_357894	Stambolka Pecenka	Cucurbita maxima	NA	NA	NA	Europe
Macedonia	PI_379300	Balka	Cucurbita maxima	NA	NA	NA	Europe
Macedonia	PI_379301	Balka	Cucurbita maxima	NA	NA	NA	Europe
Macedonia	PI_357910	Zelenikovska	Cucurbita maxima	NA	NA	NA	Europe
Macedonia	PI_370459	Pecenka Domasna	Cucurbita maxima	NA	NA	NA	Europe
Macedonia	PI_357908	Gostivarska	Cucurbita maxima	NA	NA	NA	Europe
Macedonia	PI_368576	Pecenka Srpska	Cucurbita maxima	NA	NA	NA	Europe
Macedonia	PI_368578	Pecenka	Cucurbita maxima	NA	NA	NA	Europe
Macedonia	PI_357887	Crna Stambolka	Cucurbita maxima	NA	NA	NA	Europe
Macedonia	PI_379290	Stambolka	Cucurbita maxima	NA	NA	NA	Europe
Macedonia	PI_379291	Pecenka	Cucurbita maxima	NA	NA	NA	Europe
Macedonia	PI_379292	Pecenka	Cucurbita maxima	NA	NA	NA	Europe
Macedonia	PI_370454	Pecenka Mestna	Cucurbita maxima	NA	NA	NA	Europe
Macedonia	PI_370456	Pecenka Mestna	Cucurbita maxima	NA	NA	NA	Europe
Macedonia	PI_368570	Stambolka	Cucurbita maxima	NA	NA	NA	Europe
Macedonia	PI_370458	Pecenka Lokalna	Cucurbita maxima	NA	NA	NA	Europe
Macedonia	PI_357871	Pencenka	Cucurbita maxima	NA	NA	NA	Europe
Macedonia	PI_357872	Grdovska	Cucurbita maxima	NA	NA	NA	Europe
Macedonia	PI_368563	Pecneka	Cucurbita maxima	NA	NA	NA	Europe
Macedonia	PI_370461	Badarska	Cucurbita maxima	NA	NA	NA	Europe
Macedonia	PI_357881	Sivobela	Cucurbita maxima	NA	NA	NA	Europe
Macedonia	PI_368580	Stambolka	Cucurbita maxima	NA	NA	NA	Europe
Macedonia	PI_368568	Balka	Cucurbita maxima	NA	NA	NA	Europe
Macedonia	PI_368564	Pecneka	Cucurbita maxima	NA	NA	NA	Europe
Macedonia	PI_357902	Tromak	Cucurbita maxima	NA	NA	NA	Europe
Macedonia	PI_368572	Pecenka Bela	Cucurbita maxima	NA	NA	NA	Europe
Macedonia	PI_368573	Stambolka Bela	Cucurbita maxima	NA	NA	NA	Europe
Macedonia	PI_357904	Romanska	Cucurbita maxima	NA	NA	NA	Europe
Macedonia	PI_379298	Balka	Cucurbita maxima	NA	NA	NA	Europe
Macedonia	PI_379305	Pecenka	Cucurbita maxima	NA	NA	NA	Europe
Macedonia	PI_379289	Stambolska	Cucurbita maxima	NA	NA	NA	Europe
Macedonia	PI_357915	Ukrasna	Cucurbita maxima	NA	NA	NA	Europe
Macedonia	PI_357900	Buciska	Cucurbita maxima	NA	NA	NA	Europe
Macedonia	PI_357901	Probistipska	Cucurbita maxima	NA	NA	NA	Europe
Macedonia	PI_357906	Siva Pecenka	Cucurbita maxima	NA	NA	NA	Europe
Macedonia	PI_357907	Struska	Cucurbita maxima	NA	NA	NA	Europe
Macedonia	PI_368562	Ukrasna Tikva	Cucurbita maxima	NA	NA	NA	Europe
Macedonia	PI_368571	Stambolka Kupasta	Cucurbita maxima	NA	NA	NA	Europe
Macedonia	PI_357879	Stambolka	Cucurbita maxima	NA	NA	NA	Europe
Macedonia	PI_357914	Bela Pecenka	Cucurbita maxima	NA	NA	NA	Europe
Macedonia	PI_357877	Opilska	Cucurbita maxima	NA	NA	NA	Europe
Macedonia	PI_357905	Debarska	Cucurbita maxima	NA	NA	NA	Europe
Slovenia	PI_379288	Pecenka	Cucurbita maxima	NA	NA	NA	Europe
China	PI_93801	No Known Plant ID	Cucurbita maxima	NA	NA	NA	Asia
China	PI_419138	No Known Plant ID	Cucurbita maxima	NA	NA	Summer type.	Asia
China	PI_419081	Pai Yu	Cucurbita maxima	NA	NA	NA	Asia
China	PI_419080	Hong Pi	Cucurbita maxima	NA	NA	NA	Asia
China	PI_419139	No Known Plant ID	Cucurbita maxima	NA	NA	Sugar type. Seeds white.	Asia
China	PI_407383	Lot 1	Cucurbita maxima	NA	NA	NA	Asia
China	PI_407385	Lot 3	Cucurbita maxima	NA	NA	NA	Asia
China	PI_93034	'Nan Kua'	Cucurbita maxima	NA	NA	A very large squash obtained through Dr. Hugh W. Hubbard, of Paotingfu, China.	Asia
Italy	PI_481619	70	Cucurbita maxima	Cultivated	NA	Local original source. Sown April, harvested September. Fruits round with brown  skin. Local name Kakara.	Europe
Italy	PI_481623	236	Cucurbita maxima	Cultivated	NA	Originally from Thimphu. Sown April, harvested August-September. Fruits very large (20kg or more), less favorable than PI 481622, used for animal feed.	Europe
Italy	PI_481624	312	Cucurbita maxima	Cultivated	NA	Local original source. Sown March, harvested September. Local name Brumsha.	Europe
Italy	PI_481626	472	Cucurbita maxima	Cultivated	NA	Local original source. Sown May, harvested September-October. Local name Kakura.	Europe
Italy	PI_481627	482	Cucurbita maxima	Cultivated	NA	Local original source. Sown February, harvested September. Local name Kukura.	Europe
Italy	PI_481625	358	Cucurbita maxima	Cultivated	NA	Local original source. Sown April, harvested September. Fruits large. Local name Brumsa Kathang.	Europe
Zimbabwe	PI_526246	AMM 928	Cucurbita maxima	Landrace	NA	NA	Africa
Zimbabwe	PI_494835	ZFA 3389	Cucurbita maxima	Landrace	NA	Received as Cucurbita moschata.	Africa
Zimbabwe	PI_494834	ZFA 3378	Cucurbita maxima	Landrace	NA	Leaves and fruit eaten. Local name Tumaka. Received as Cucurbita moschata.	Africa
Zimbabwe	PI_482485	Dindimanga	Cucurbita maxima	Cultivated	NA	Sown November, harvested April. Local name Dindimanga.	Africa
Zimbabwe	PI_482468	TGR 581	Cucurbita maxima	Cultivated	NA	Sown October, harvested April.	Africa
Zimbabwe	PI_482475	TGR 1107	Cucurbita maxima	Cultivated	NA	Fruits flat, round, creamy yellow.	Africa
Zimbabwe	PI_494830	ZFA 3252	Cucurbita maxima	Landrace	NA	Fruit shape elongated. Received as Cucurbita moschata.	Africa
Zimbabwe	PI_482483	TGR 1783	Cucurbita maxima	Cultivated	NA	Sown November, harvested April.	Africa
Zimbabwe	PI_494839	ZFA 3545	Cucurbita maxima	Landrace	NA	Received as Cucurbita moschata.	Africa
Zimbabwe	PI_494831	ZFA 3253	Cucurbita maxima	Landrace	NA	Fruit round. Received as Cucurbita moschata.	Africa
Zimbabwe	PI_482471	Mutala	Cucurbita maxima	Cultivated	NA	Local name Mutala.	Africa
Zimbabwe	PI_494827	ZFA 3177	Cucurbita maxima	Landrace	NA	Received as Cucurbita moschata.	Africa
Zimbabwe	PI_482482	TGR 1548	Cucurbita maxima	Cultivated	NA	Sown November, harvested April.	Africa
Zimbabwe	PI_482467	TGR 306	Cucurbita maxima	Cultivated	NA	Sown November, harvested April.	Africa
Zimbabwe	PI_482523	TGR 906B	Cucurbita maxima	Cultivated	NA	Sown October. Fruits of mixed types.	Africa
Zimbabwe	PI_482479	Nyamutumha	Cucurbita maxima	Cultivated	NA	Seeds white. Local name Nyamutumha and Nzururu.	Africa
Zimbabwe	PI_482472	Fere	Cucurbita maxima	Cultivated	NA	Sown December. Fruits flat, white. Local name Fere.	Africa
Zimbabwe	PI_482589	TGR 233	Cucurbita maxima	Cultivated	NA	Fruits white. Associated with pumpkins and other weedy, bitter watermelons.	Africa
Zimbabwe	PI_482477	Nyamutumha	Cucurbita maxima	Cultivated	NA	Local name Nyamutumba.	Africa
Zimbabwe	PI_482478	TGR 1243	Cucurbita maxima	Cultivated	NA	NA	Africa
Burkina Faso	PI_490350	Yogue	Cucurbita maxima	Cultivated	NA	Local name Yogue.	Africa
Burkina Faso	PI_490353	Gui	Cucurbita maxima	Cultivated	NA	Fruit cylindrical, 30cm long, 20cm in diameter. Local name Gui.	Africa
Burkina Faso	PI_490352	Yogorou	Cucurbita maxima	Cultivated	NA	Pulp cooked for sauce. Local name Yogorou.	Africa
Zambia	PI_500453	ZM-1207	Cucurbita maxima	Cultivated	NA	NA	Africa
Zambia	PI_500476	ZM-1681	Cucurbita maxima	Cultivated	NA	NA	Africa
Zambia	PI_500483	ZM-1767	Cucurbita maxima	Cultivated	NA	NA	Africa
Zambia	PI_500511	ZM-2329	Cucurbita maxima	Cultivated	NA	NA	Africa
Zambia	PI_500512	ZM-2338	Cucurbita maxima	Cultivated	NA	NA	Africa
Zambia	PI_500469	ZM-1412	Cucurbita maxima	Cultivated	NA	NA	Africa
Zambia	PI_500477	ZM-1692	Cucurbita maxima	Cultivated	NA	NA	Africa
Zambia	PI_500534	ZM-3066	Cucurbita maxima	Cultivated	NA	NA	Africa
Zambia	PI_500452	ZM-1201	Cucurbita maxima	Cultivated	NA	NA	Africa
Zambia	PI_500467	ZM-1319	Cucurbita maxima	Cultivated	NA	NA	Africa
Zambia	PI_500454	ZM-1213	Cucurbita maxima	Cultivated	NA	NA	Africa
Zambia	PI_500459	ZM-1251	Cucurbita maxima	Cultivated	NA	NA	Africa
Zambia	PI_500460	ZM-1254	Cucurbita maxima	Cultivated	NA	NA	Africa
Zambia	PI_500519	Fipushi	Cucurbita maxima	Cultivated	NA	Local name Fipushi.	Africa
Zambia	PI_500462	Mapusi	Cucurbita maxima	Cultivated	NA	Mixed with C. moschata. Local name Mapusi.	Africa
Zambia	PI_500465	ZM-1311	Cucurbita maxima	Cultivated	NA	NA	Africa
Zambia	PI_500517	ZM-2525	Cucurbita maxima	Cultivated	NA	NA	Africa
Zambia	PI_500472	ZM-1529	Cucurbita maxima	Cultivated	NA	NA	Africa
Zambia	PI_500533	ZM-2973	Cucurbita maxima	Cultivated	NA	NA	Africa
Zambia	PI_500486	ZM-1811	Cucurbita maxima	Cultivated	NA	NA	Africa
Zambia	PI_500492	ZM-1964	Cucurbita maxima	Cultivated	NA	NA	Africa
Zambia	PI_500481	ZM-1731	Cucurbita maxima	Cultivated	NA	Mixed with C. moschata.	Africa
Zambia	PI_500508	ZM-2223	Cucurbita maxima	Cultivated	NA	NA	Africa
Zambia	PI_500458	ZM-1250	Cucurbita maxima	Cultivated	NA	NA	Africa
Zambia	PI_500510	ZM-2318	Cucurbita maxima	Cultivated	NA	Mixed C. moschata.	Africa
Zambia	PI_500527	ZM-2759	Cucurbita maxima	Cultivated	NA	NA	Africa
Zambia	PI_500461	ZM-1263	Cucurbita maxima	Cultivated	NA	Mixed with C. moschata.	Africa
Zambia	PI_500446	ZM-1166	Cucurbita maxima	Wild	NA	NA	Africa
Zambia	PI_500515	ZM-2480	Cucurbita maxima	Cultivated	NA	NA	Africa
Zambia	PI_500450	Mgwunga	Cucurbita maxima	Cultivated	NA	Local name Mgwunga.	Africa
Zambia	PI_500518	Fipushi	Cucurbita maxima	Cultivated	NA	Local name Fipushi.	Africa
Zambia	PI_500468	ZM-1358	Cucurbita maxima	Cultivated	NA	NA	Africa
Zambia	PI_500509	Chipnushi	Cucurbita maxima	Cultivated	NA	Local name Chipnushi.	Africa
Zambia	PI_500521	Efipushi	Cucurbita maxima	Cultivated	NA	Local name Efipushi.	Africa
Zambia	PI_500457	ZM-1242	Cucurbita maxima	Cultivated	NA	NA	Africa
Zambia	PI_500456	ZM-1220	Cucurbita maxima	Cultivated	NA	NA	Africa
Zambia	PI_500445	ZM-1084	Cucurbita maxima	Cultivated	NA	NA	Africa
Zambia	PI_500526	ZM-2756	Cucurbita maxima	Cultivated	NA	NA	Africa
Zambia	PI_500442	Chipushila Bemba	Cucurbita maxima	Wild	NA	Leaves and fruits eaten. Local name Chipushilu Bemba.	Africa
Zambia	PI_500444	ZM-1071	Cucurbita maxima	Cultivated	NA	NA	Africa
Zambia	PI_500532	ZM-2948	Cucurbita maxima	Cultivated	NA	NA	Africa
Zambia	PI_500448	ZM-1169	Cucurbita maxima	Wild	NA	NA	Africa
Zambia	PI_500513	ZM-2348	Cucurbita maxima	Cultivated	NA	Mixed with C. moschata.	Africa
Zambia	PI_500451	Mgwunga	Cucurbita maxima	Cultivated	NA	Fruit more watery than PI 500450. Local name Mgwunga.	Africa
Zambia	PI_505614	ZM/A 5014	Cucurbita maxima	Landrace	NA	NA	Africa
Zambia	PI_500507	ZM-2209	Cucurbita maxima	Cultivated	NA	NA	Africa
Zambia	PI_500470	Namundalangive	Cucurbita maxima	Cultivated	NA	Fruit oblong. Local name Namundalangive.	Africa
Zambia	PI_500455	Mauwa	Cucurbita maxima	Cultivated	NA	Local name Mauwa.	Africa
Zambia	PI_500525	ZM-2753	Cucurbita maxima	Cultivated	NA	NA	Africa
Zambia	PI_494840	ZFA 3569	Cucurbita maxima	Landrace	NA	Received as Cucurbita moschata.	Africa
Zambia	PI_494843	ZFA 3665	Cucurbita maxima	Landrace	NA	Received as Cucurbita moschata.	Africa
Zambia	PI_500524	ZM-2750	Cucurbita maxima	Cultivated	NA	NA	Africa
Zambia	PI_500531	ZM-2901	Cucurbita maxima	Cultivated	NA	NA	Africa
Zambia	PI_500520	ZM-2614	Cucurbita maxima	Cultivated	NA	Mixed with C. moschata.	Africa
Zambia	PI_500528	ZM-2772	Cucurbita maxima	Cultivated	NA	NA	Africa
Zambia	PI_500529	Fipushi	Cucurbita maxima	Cultivated	NA	Local name Fipushi.	Africa
Zambia	PI_500471	Mupusi	Cucurbita maxima	Cultivated	NA	Fruit oblong. Seeds white. Local name Mupusi.	Africa
Zambia	PI_494841	ZFA 3576	Cucurbita maxima	Landrace	NA	Received as Cucurbita moschata.	Africa
Zambia	PI_500523	Chipusi	Cucurbita maxima	Cultivated	NA	Local name Chipusi.	Africa
Zambia	PI_500505	ZM-2144	Cucurbita maxima	Cultivated	NA	NA	Africa
Hungary	PI_507884	2701065	Cucurbita maxima	Landrace	NA	NA	Europe
Hungary	PI_507881	2701054	Cucurbita maxima	Landrace	NA	NA	Europe
Hungary	PI_507879	2700887	Cucurbita maxima	Landrace	NA	NA	Europe
Hungary	PI_507877	2700815	Cucurbita maxima	Landrace	NA	NA	Europe
Mexico	PI_260652	No. 2243	Cucurbita maxima	NA	NA	Bush type.	South/Latin America
Mexico	PI_512110	Calabaza de Castilla	Cucurbita maxima	Wild	NA	Single fruit, round, bright orange. Reportedly grown nearby in San Luis de la Paz. C. maxima rarely grown in Mexico.	South/Latin America
Mexico	G_28106	G 28106	Cucurbita maxima	Cultivar	NA	NA	South/Latin America
Democratic Republic of the Congo	PI_532720	Malenge, (Mbika)	Cucurbita maxima	Landrace	NA	Bandibu tribe, Kikongo language. Planted March, harvested June. Courge type.	Africa
Democratic Republic of the Congo	PI_532727	Mantete	Cucurbita maxima	Landrace	NA	Bampende tribe, Kimpende language. Planted September/October, harvested January/February. Mubungi type.	Africa
Democratic Republic of the Congo	PI_532737	Mantete (courge)	Cucurbita maxima	NA	NA	Bambala, Bangongo tribes, Kikongo language.	Africa
Democratic Republic of the Congo	PI_532715	Mbika	Cucurbita maxima	Landrace	NA	Bandibu tribe, Kikongo language. Planted March, harvested July. Courge type.	Africa
Democratic Republic of the Congo	PI_532736	Mbika, (courge), Mantete	Cucurbita maxima	NA	NA	Bangongo tribe, Kikongo language. Planted September harvested December.	Africa
Uzbekistan	PI_540417	U 047	Cucurbita maxima	Cultivated	NA	Bush; used for fodder.	Asia
Japan	G_23151	Tokyo Pumpkin	Cucurbita maxima	Cultivar	NA	NA	Asia
Japan	PI_234253	Uschiki	Cucurbita maxima	NA	NA	NA	Asia
Japan	G_23034	Hokkaido Pumpkin	Cucurbita maxima	Cultivar	NA	NA	Asia
Japan	G_9187	Ucike Kuri	Cucurbita maxima	Cultivar	Kuri	NA	Asia
France	G_27892	Stock No. 7G EMB 91115	Cucurbita maxima	Cultivar	NA	NA	Europe
Spain	PI_512797	E-CU-13	Cucurbita maxima	Landrace	NA	Sown April, harvested September. Used for stew.	Europe
Spain	PI_512734	AN-CU-31	Cucurbita maxima	Landrace	NA	Sown May-June, harvested September-October. Used cooked and for stew.	Europe
Spain	PI_249914	No. 16957	Cucurbita maxima	NA	NA	Summer squash.	Europe
Spain	PI_512781	CM-CU-2	Cucurbita maxima	Landrace	NA	Sown beginning May, harvested July-August.	Europe
Spain	PI_512684	V-CU-40	Cucurbita maxima	Cultivar	NA	Sown March, harvested July-August. Used for local consumption.	Europe
Spain	PI_512727	AN-CU-22	Cucurbita maxima	Landrace	NA	Sown April-May, harvested September-October. Used for stews.	Europe
Spain	PI_512667	AN-CU-16	Cucurbita maxima	Cultivar	NA	Sown May, harvested September-October.	Europe
Spain	G_29793	Calabaza Mediana	Cucurbita maxima	Landrace	NA	Sown February/March, harvested August/September.  Used as food (stew).	Europe
Spain	PI_512746	AN-CU-44	Cucurbita maxima	Landrace	NA	Sown April, harvested July-August. Used cooked and for stews.	Europe
Spain	G_29313	Verde de Espana	Cucurbita maxima	Landrace	NA	NA	Europe
Spain	PI_512671	V-CU-1	Cucurbita maxima	Landrace	NA	Sown April, harvested September. Leaves dry.	Europe
Spain	PI_512666	AN-CU-14	Cucurbita maxima	Cultivar	NA	Sown May, harvested September-October.	Europe
Spain	PI_512835	V-CU-52	Cucurbita maxima	Landrace	NA	Sown March, harvested September. Used for jam.	Europe
Spain	PI_512677	V-CU-29	Cucurbita maxima	Landrace	NA	Sown in spring, harvested in summer. Used domestically.	Europe
Spain	G_29317	Teta de Vaca	Cucurbita maxima	Landrace	NA	Sown May, harvested October.  Used as adornment	Europe
Spain	PI_512678	V-CU-33	Cucurbita maxima	Cultivar	NA	Sown March-April, harvested September-October. Used for local consumption.	Europe
Nepal	G_29515	2167a	Cucurbita maxima	Cultivar	NA	NA	Asia
Nepal	G_29517	2168b	Cucurbita maxima	Cultivar	NA	NA	Asia
Nepal	PI_174821	Kadu	Cucurbita maxima	NA	NA	Used as vegetable marrow.	Asia
Nigeria	G_29642	TB 84/2164 Plot 2 Rep 1 Fruit 1 Plt. 1	Cucurbita maxima	Cultivated	NA	Fruit oblong elipsoid. Fruit lenght 39cm, width 57.5cm. diameter 19.5cm, weight 5.16kg. Average seed yeild 263, seed weight 20gm.  present. Leaves pinnately and deeply lobed, small size with smooth margins. Days to germination in field 7.3. Days to 50% flowering 72.3. Average stem length 161.3, rounded with tendrils present. Leaves cordate, large, dented with shallow lobes.	Africa
Nigeria	G_29643	TB 84/2164 Plot 2 Rep 2 Fruit 1 Plt. 1	Cucurbita maxima	Cultivated	NA	Fruit oblong elipsoid, fruit lenght 39cm, width 57.5cm. diameter 19.5cm, weight 5.16kg. Average seed yeild 263, seed weight 20gm.  present. Leaves pinnately and deeply lobed, small size with smooth margins. Days to germination in field 7.3. Days to 50% flowering 72.3. Average stem length 161.3, rounded with tendrils present. Leaves cordate, large, dented with shallow lobes.	Africa
Nigeria	PI_166198	No Known Plant ID	Cucurbita maxima	NA	NA	NA	Africa
Kazakhstan	G_31131	Stolovar Zemnaya	Cucurbita maxima	NA	NA	NA	Asia
Kazakhstan	G_31128	Russiya	Cucurbita maxima	NA	NA	NA	Asia
Kazakhstan	G_31133	'Vitamin Sweet'	Cucurbita maxima	NA	NA	NA	Asia
Kazakhstan	G_31130	Mamornaya	Cucurbita maxima	NA	NA	NA	Asia
Kazakhstan	G_31129	Lindaniya	Cucurbita maxima	NA	NA	NA	Asia
Reunion	G_31832	G 31832	Cucurbita maxima	Cultivar	NA	NA	Europe
Canada	PI_136446	No. 9	Cucurbita maxima	NA	NA	NA	North America
Canada	PI_136445	No. 8	Cucurbita maxima	NA	NA	NA	North America
Canada	PI_136444	No. 7	Cucurbita maxima	NA	NA	NA	North America
Lebanon	PI_181762	Potiron	Cucurbita maxima	NA	NA	NA	Arab States
Bolivia	PI_214121	Zapallo	Cucurbita maxima	NA	NA	NA	South/Latin America
Bolivia	PI_349348	No Known Plant ID	Cucurbita maxima	Cultivated	NA	Fruit not seen; seeds medium sized, dark brown, margin same as seeds.	South/Latin America
Bolivia	PI_560951	Zapallo	Cucurbita maxima	Cultivated	NA	Cylindrical squash, 40cm long, 15cm diam., shallowly ribbed. Color orange and olive drab. Peduncle corky. Flesh thick, firm, dark orange. Seeds white. Grown locally.	South/Latin America
Bolivia	PI_560947	Joco	Cucurbita maxima	Cultivated	NA	Elongate, semi-cylindrical, ribbed squash, 35cm long, 15cm diam. Color predominantly salmon orange with some green at apex. Peduncle swollen, corky, green. Flesh orange. Seeds white. Grown locally.	South/Latin America
Bolivia	PI_349350	No Known Plant ID	Cucurbita maxima	Cultivated	NA	Reported to have come from local market. Vine typical maxima, poor vigor; fruit flattened 15 by 25 cm.; grayish mottled skin, smooth; very hard; flesh well colored, thick. Seeds yellowish brown, margin light brown. Fruit 'Hubbard' type.	South/Latin America
Bolivia	PI_349347	No Known Plant ID	Cucurbita maxima	Cultivated	NA	Fruit about 15 cm. diameter, 30 cm. long, skin light grayish green, warted overall; very hard skin; thin flesh, light salmon. Seeds light brown with margin lighter than body.	South/Latin America
Bolivia	PI_560950	Zapallo	Cucurbita maxima	Cultivated	NA	Spheroid squash, 15cm long, 22cm diam., deeply ribbed. Color drab olive. Peduncle insertion depressed, corky, stigma scar corky. Flesh thick, firm, orange. Seeds white, 1.5cm long. Grown locally.	South/Latin America
Bolivia	PI_543227	Jemi (Esse Ejja)	Cucurbita maxima	Cultivated	NA	Fruit spherical or egg-shaped, to 30cm long, strongly ribbed, orange, with corky peduncle. Flesh is firm, thick and orange, seeds white and numerous. Squash cultivated locally by Indians on sandbars and in chacos.	South/Latin America
Eswatini	PI_365106	AJO 0271	Cucurbita maxima	NA	NA	NA	Africa
South Korea	PI_508462	'Golden Cooker'	Cucurbita maxima	Cultivar	NA	Vine type. Maturity 30-35 days after flowering. Fruit flesh orange, dry, fine textured. Widely adapted to various soil types. Noted for excellent nut-like flavor when cooked. Cold tolerant.	Asia
