country	accession_id	accession_name	taxonomy	narrative	improvement_status	total_reads	region
Guatemala	PI_451835	NA	Cucurbita moschata	Fruit star-shaped. Local name Ayote.	"NA"	1321113	South/Latin America
Guatemala	PI_195312	2646	Cucurbita moschata	"NA"	"NA"	1104948	South/Latin America
Guatemala	PI_438578	HW 0179	Cucurbita moschata	Commonly called Ayote.	"NA"	2160063	South/Latin America
Guatemala	PI_449348	NA	Cucurbita moschata	Local name Ixchilcum.	"NA"	950651	South/Latin America
Guatemala	PI_451839	NA	Cucurbita moschata	Fruit figure 8-shaped with upper half ribbed. Local name Ayote.	"NA"	804109	South/Latin America
Guatemala	PI_438579	HW 0179	Cucurbita moschata	"NA"	"NA"	2720056	South/Latin America
Guatemala	PI_194570	2543	Cucurbita moschata	"NA"	"NA"	870209	South/Latin America
Guatemala	PI_449349	NA	Cucurbita moschata	Local name Pepita.	"NA"	829609	South/Latin America
Guatemala	PI_197154	AYOTE	Cucurbita moschata	"NA"	"NA"	740680	South/Latin America
Guatemala	PI_312125	AYOTE	Cucurbita moschata	"NA"	"NA"	669676	South/Latin America
Guatemala	Grif_14225	Grif 14225	Cucurbita moschata	"NA"	Cultivated material	1587183	South/Latin America
Guatemala	PI_489695	K801-30	Cucurbita moschata	Fruits large, bottle-gourd shape, dark tan with few spots, 1.6kg. Local name Ayote.	Cultivated material	639860	South/Latin America
Guatemala	PI_451845	NA	Cucurbita moschata	Fruit pear-shaped. Local name Ayote.	"NA"	932019	South/Latin America
Guatemala	PI_451846	NA	Cucurbita moschata	Fruit small, round. Local name Ayote.	"NA"	894470	South/Latin America
Guatemala	PI_451841	NA	Cucurbita moschata	Fruit crook-neck shaped. Local name Ayote.	"NA"	874132	South/Latin America
Guatemala	PI_489694	K801-27	Cucurbita moschata	Warm, humid area. Fruits large, round, cream colored. Flesh about 3cm thick, dark orange. Seeds with deep brown margin. Local name Ayote.	Cultivated material	872273	South/Latin America
Guatemala	PI_200737	3512	Cucurbita moschata	"NA"	"NA"	830620	South/Latin America
Guatemala	PI_458746	M 27172	Cucurbita moschata	Fruit 2.6kg, whitish, shaped like acorn squash. Received as Cucurbita sp.  Local name Ayote.	"NA"	1553871	South/Latin America
Guatemala	PI_458745	M 27171	Cucurbita moschata	Fruit 2.8kg, long. Received as Cucurbita sp. Local name Ayote.	"NA"	1013641	South/Latin America
Guatemala	PI_451848	NA	Cucurbita moschata	Local name Ayote.	"NA"	878589	South/Latin America
India	PI_164168	KADU	Cucurbita moschata	Good keeper, but flesh of poor quality	"NA"	1288945	Asia
India	PI_271345	Indor	Cucurbita moschata	Received as Cucurbita maxima.	"NA"	1307737	Asia
India	PI_381808	P-5	Cucurbita moschata	"NA"	"NA"	1157763	Asia
India	PI_163230	Kadu	Cucurbita moschata	"NA"	"NA"	1401781	Asia
India	PI_164312	PUSHNIKAI	Cucurbita moschata	"NA"	"NA"	1142221	Asia
India	PI_271341	NA	Cucurbita moschata	"NA"	"NA"	2825470	Asia
India	PI_174819	KADU	Cucurbita moschata	fruit flattened, 12 by 15in, buff with paler spots, deeply ribbed	"NA"	1052853	Asia
India	PI_381818	P-22	Cucurbita moschata	"NA"	"NA"	2086506	Asia
India	Grif_14488	CP-99-02	Cucurbita moschata	"NA"	Uncertain improvement status	875589	Asia
India	PI_214156	KUMBALKA 13453	Cucurbita moschata	Yellow, ribbed, oblate medium-sized; cooked and eaten as a vegetable	"NA"	1258382	Asia
India	Grif_5606	USM 298	Cucurbita moschata	"NA"	"NA"	1132037	Asia
India	PI_174818	9865	Cucurbita moschata	Fruit subelongate, 15 by 12in, buff, deeply ribbed	"NA"	616745	Asia
India	PI_165575	KADU	Cucurbita moschata	Fruit flattened, 15in across, heavily ribbed, pale-buff	"NA"	985297	Asia
India	PI_271338	Indor	Cucurbita moschata	"NA"	"NA"	1252222	Asia
India	PI_381807	P-4	Cucurbita moschata	"NA"	"NA"	2187028	Asia
India	PI_381820	P-25	Cucurbita moschata	"NA"	"NA"	1841068	Asia
India	PI_381812	P-11	Cucurbita moschata	"NA"	"NA"	2720670	Asia
India	PI_165561	KADU	Cucurbita moschata	"NA"	"NA"	1249467	Asia
India	PI_174817	KADU	Cucurbita moschata	Fruit buff, spotted with white	"NA"	923581	Asia
India	Grif_5603	USM 109	Cucurbita moschata	"NA"	"NA"	606111	Asia
India	PI_381817	P-20	Cucurbita moschata	"NA"	"NA"	973744	Asia
India	PI_381815	P-16	Cucurbita moschata	"NA"	"NA"	940179	Asia
India	PI_165995	KADU	Cucurbita moschata	Fruit subglobose, 10in in diameter, buff	"NA"	700491	Asia
India	PI_381814	P-15	Cucurbita moschata	"NA"	"NA"	762585	Asia
India	PI_212899	13474	Cucurbita moschata	"NA"	"NA"	1403188	Asia
India	PI_381819	P-23	Cucurbita moschata	"NA"	"NA"	1897967	Asia
United States	PI_201772	NA	Cucurbita moschata	"NA"	Wild material	1388408	North America
United States	PI_550690	DERIVED CROOKNECK (87-2)	Cucurbita moschata	Crookneck line derived from the self progeny of a rouge crookneck plant in a population of the unstable cultivar Butternut	Breeding material	782726	North America
United States	PI_267752	G8753	Cucurbita moschata	Plants medium vigor, midseason variety leaf small; fruit 14in long with 6in bulb and 4in neck; light green, long, slender, smooth, curved neck; flesh orange; seed brown.	"NA"	1170690	North America
United States	PI_358507	GOLDEN CUSHAW	Cucurbita moschata	"NA"	"NA"	1642703	North America
United States	Grif_15151	Cow Pumpkin	Cucurbita moschata	"""Jack o'latern shaped"", solid green at first maturing to an orange tan, fairly good table quality, large seed cavity, thin fruit walls.  Probably polymorphic."	Uncertain improvement status	805295	North America
United States	PI_550694	REGULAR BUTTERNUT (87-5)	Cucurbita moschata	A direct descendent from the original cultivar Butternut. Unstable for butternut type fruit. Must be rogued at flowering by examination of ovary shape	Cultivar	865064	North America
United States	Grif_9457	TWW 119	Cucurbita moschata	Shows good resistance to powdery mildew.	"NA"	1294849	North America
United States	PI_267753	G8754	Cucurbita moschata	Plants vigorous, midseason variety; fruit 22in long with 10in bulk and 8in neck, 10-20 grooves, tan netted, green, waxy; flesh 3in thick, orange. 3 large fruits per plant, often weighing over 100lbs.	"NA"	906356	North America
United States	PI_604505	KENTUCKY FIELD	Cucurbita moschata	"Info. from Asgrow cat. No. 19 (1957) -- (NSSL application shows notation of ""obsolete""). Length in inches - 10-18. Dia. in inches - 13. 120 days. Widely used for canning and suitable for stock feed. Fruits variable in shape, but usually deeper than they are wide, tapered at ends, 10-15 lb. Rind smooth, dull orange-yellow, distinctly sutured, thin, hard. Flesh thick, coarse, deep yellow, sweet."	Cultivar	1077643	North America
United States	PI_550689	CANADA CROOKNECK (87-1)	Cucurbita moschata	Variety which spontaneoulsy gave rise to the first butternut-type squash. Only recorded instance of spontaneous change from crookneck to butternut fruit	Cultivar	1028377	North America
United States	PI_550693	PONCA CR (87-6)	Cucurbita moschata	Part of isogenic set derived from hand pollinator of 2 branches of a rare dimorphic plant in a field of Ponca Butternut. Produces mostly Crookneck type fruit. Only crookneck line that produces dimorphic and Crookneck F1 progeny when used to pollinate a stable butternut cultivar	Breeding material	845128	North America
United States	PI_427212	NA	Cucurbita moschata	Large Butternut Squash. Elongate cylindrical, curved, blossom end bulbous, 10cm diameter. Used for pies.	"NA"	973854	North America
United States	PI_427213	NA	Cucurbita moschata	Flattened at blossom end and tapers gradually to stem end, weight 2kg, brownish orange.	"NA"	1150446	North America
United States	PI_427214	NA	Cucurbita moschata	Brittingham. Vine type. Fruit depressed globose, weight 2kg, brownish orange. Used for pies.	"NA"	1932830	North America
United States	PI_634704	HERCULES	Cucurbita moschata	Large butternut, thick neck, sometimes dumb-bell shape.  Tan skin, bright orange flesh; rather late.	Uncertain improvement status	1131262	North America
United States	PI_634982	Waltham Butternut	Cucurbita moschata	"NA"	Cultivar	784204	North America
United States	PI_550692	PONCA BN (87-4)	Cucurbita moschata	Part of isogenic set derived from hand pollinator of 2 branches of a rare dimorphic plant in a field of Ponca Butternut. Relatively stable producer of butternut type fruit	Breeding material	756668	North America
United States	PI_604506	Large Cheese	Cucurbita moschata	"Info. from Corneli cat. No. 14 -- 110 days. Uses - Home, market and canning. Derives name from the cheese box shape of fruits. Fruit 7"" deep, 15 inches in dia., sometimes larger. Weigh 12 to 15 lbs. Very flat shape, slightly grooved. Shell hard. Skin deep yellow. Flesh fairly thick, of fine quality and flavor. Orange-yellow."	Cultivar	1056106	North America
United States	PI_326320	WHITE AFRICAN	Cucurbita moschata	Vine trailing; fruit white, 10 to 20 pounds. Good table quality; good winter keeper.	"NA"	3199568	North America
United States	PI_600843	BUNUTKIN	Cucurbita moschata	"NA"	Cultivar	872299	North America
China	PI_419137	NA	Cucurbita moschata	Sweet type	"NA"	1053077	Asia
China	Grif_1583	FENG ZHEN FAN GUA	Cucurbita moschata	NA	NA	1636063	Asia
China	PI_418965	Sui-De-Fu	Cucurbita moschata	Fruit round, sweet. Midseason.	"NA"	2392486	Asia
China	PI_419083	Mou Pan	Cucurbita moschata	"NA"	"NA"	2773699	Asia
China	PI_419202	NA	Cucurbita moschata	"NA"	"NA"	1175985	Asia
China	PI_634695	ZHAN YANG XI HU LU	Cucurbita moschata	NA	NA	1400569	Asia
Nepal	PI_634705	8083	Cucurbita moschata	"NA"	Uncertain improvement status	681407	Asia
Nepal	Grif_1738	Grif 1738	Cucurbita moschata	Identifications by Dr. C. R. Gunn.	"NA"	1032417	Asia
Nepal	Grif_935	86-44	Cucurbita moschata	Received as Cucurbita sp.	"NA"	1215140	Asia
Turkey	PI_174194	8766	Cucurbita moschata	"NA"	"NA"	1318100	Europe
Turkey	PI_169413	3184	Cucurbita moschata	"NA"	"NA"	1688075	Europe
Turkey	PI_169410	2111	Cucurbita moschata	Sweet type	"NA"	1781329	Europe
Turkey	PI_169415	3615	Cucurbita moschata	"NA"	"NA"	1047575	Europe
Turkey	PI_182197	10624	Cucurbita moschata	"NA"	"NA"	1124483	Europe
Turkey	PI_165033	KARAKABAK	Cucurbita moschata	"NA"	"NA"	1467177	Europe
Turkey	PI_169441	BOGUNLER 2196	Cucurbita moschata	"NA"	"NA"	1173391	Europe
Mexico	PI_438784	HW 0179	Cucurbita moschata	Fruit ovate, slightly ribbed, orange, 30cm diam., 30cm long.	"NA"	1563975	South/Latin America
Mexico	PI_438781	HW 0179	Cucurbita moschata	Fruit ovoid, ribbed tan with buff mottling, 25cm diam., 20cm long.	"NA"	1664742	South/Latin America
Mexico	PI_438782	HW 0179	Cucurbita moschata	Fruit flattened globose, slightly ribbed, warty, buff.	"NA"	929096	South/Latin America
Mexico	PI_438731	HW 0179	Cucurbita moschata	Fruit flattened-oblate, deeply ribbed at base, dark buff. Rind hard. Flesh  medium thick, light orange. Locally called Knoc kun (Cascara dura).	"NA"	1347071	South/Latin America
Mexico	PI_312165	CALABASA LECHONGA	Cucurbita moschata	"NA"	"NA"	749264	South/Latin America
Mexico	PI_438780	HW 0179	Cucurbita moschata	"NA"	"NA"	809025	South/Latin America
Mexico	PI_442263	NA	Cucurbita moschata	Fruits green, light green striped, yellow at maturity, pyriform with pronounced  neck, 23cm long, 15cm diam. Rind 1 mm thick. Flesh lemon yellow. Local name  Calabaza de Castilla.	"NA"	1967403	South/Latin America
Mexico	PI_438724	HW 0179	Cucurbita moschata	Obtained from Moises Gomez. Fruit flattened ovoid, ribbed, buff. Rind hard.  Flesh thick, orange. Locally called Tockun.	"NA"	1620632	South/Latin America
Mexico	PI_438767	HW 0179	Cucurbita moschata	Fruit bluntly obovate, shallow ribs, deep tan, 15cm long.	"NA"	1001985	South/Latin America
Mexico	PI_442262	NA	Cucurbita moschata	Fruits tan, large, oblong, slightly bell-shaped, 40cm long, 26cm diam. Rind 2mm  thick. Flesh deep orange. Local name Calabaza de Castilla.	"NA"	1062331	South/Latin America
Mexico	PI_438722	NA	Cucurbita moschata	Obtained from F. Cardenas R. Fruit pear shaped, 1.8kg. Seeds white with dark border.	"NA"	1178789	South/Latin America
Mexico	PI_438737	HW 0179	Cucurbita moschata	Fruit large, ovoid, ribbed, light tan, mottled dark green. Rind very hard.  Seeds many, plump.	"NA"	1165806	South/Latin America
Mexico	PI_438723	HW 0179	Cucurbita moschata	Fruit flat, many lobed, dull yellow. Eaten when young. Locally called Kanasin.	"NA"	1051536	South/Latin America
Mexico	PI_262890	CALABASRO SEGUALCA	Cucurbita moschata	Fruit large, oblong, dark green; squash and seeds eaten	"NA"	1979342	South/Latin America
Mexico	PI_438725	HW 0179	Cucurbita moschata	Obtained from Moises Gomez. Fruit ovoid, slightly ribbed, buff. Locally called  Tockun.	"NA"	1361050	South/Latin America
Mexico	PI_172344	PEPITO	Cucurbita moschata	Seeds are roasted, shelled, and eaten	"NA"	2710448	South/Latin America
Mexico	PI_438732	HW 0179	Cucurbita moschata	Fruit extremely flat, deeply lobed, dark buff, reticulated dark green. Flesh  thin, dark orange.	"NA"	1019405	South/Latin America
Mexico	PI_438733	HW 0179	Cucurbita moschata	Fruit small, flat, ribbed, dark brown. Rind thin. Flesh medium thick, dark  orange.	"NA"	1155177	South/Latin America
Mexico	PI_438735	HW 0179	Cucurbita moschata	Fruit oblate-flattened, ribbed, buff. Rind hard. Many seeded.	"NA"	925756	South/Latin America
Mexico	PI_438736	HW 0179	Cucurbita moschata	Fruit spherical, ribbed, light tan. Rind very hard.	"NA"	959582	South/Latin America
Mexico	PI_574552	xmehen k'uum = early squash	Cucurbita moschata	Fruit dark green-skinned, with dark orange flesh, patty pan shaped. Seeds small, white with brown margins	Landrace	698319	South/Latin America
Mexico	PI_442264	NA	Cucurbita moschata	Fruits tan, pyriform, 25cm long, 22cm diam. Rind 0.5mm thick. Placenta deep orange. Flesh lemon yellow. Local name Calabaza de Castilla.	"NA"	837965	South/Latin America
Mexico	PI_438741	HW 0179	Cucurbita moschata	Fruit spherical, slightly ribbed, orange-buff. Rind hard. Flesh thin, pale  orange.	"NA"	791371	South/Latin America
Mexico	PI_438771	HW 0179	Cucurbita moschata	Fruit club shaped, tan with dark green spots, 10cm diam., 28cm long.	"NA"	891110	South/Latin America
Mexico	PI_438788	HW 0179	Cucurbita moschata	Obtained by Juan Santo.	"NA"	830055	South/Latin America
Mexico	PI_442271	NA	Cucurbita moschata	Fruits light green, tan mottling, turban-shaped, 16m long, 25cm diam. Local  name Calabaza.	"NA"	1168642	South/Latin America
Mexico	PI_438791	HW 0179	Cucurbita moschata	"NA"	"NA"	1051959	South/Latin America
Mexico	PI_442273	NA	Cucurbita moschata	Fruits green, light green striped, turban-shaped, 16cm long, 20cm diam.	"NA"	899736	South/Latin America
Mexico	PI_438792	HW 0179	Cucurbita moschata	"NA"	"NA"	931534	South/Latin America
Mexico	PI_438794	HW 0179	Cucurbita moschata	Fruit spindle shaped, light buff, 30cm diam., 64cm long.	"NA"	575785	South/Latin America
Mexico	PI_438795	HW 0179	Cucurbita moschata	Fruit long elliptic, shallow ribs, light buff, mottled tan and green,  20cm diam., 45cm long. Many seeds germinating. Locally called Tomala.	"NA"	1159744	South/Latin America
Mexico	PI_442258	NA	Cucurbita moschata	Fruits dark green, tan-striped, turban-shaped, 11cm long, 18cm diam. Local name  Calabaza.	"NA"	768581	South/Latin America
Mexico	PI_438798	HW 0179	Cucurbita moschata	Fruit long necked, 12cm diam. at widest part, 30cm long, orange buff, green  on neck.	"NA"	957158	South/Latin America
Mexico	PI_438799	HW 0179	Cucurbita moschata	"NA"	"NA"	832695	South/Latin America
Mexico	PI_438800	HW 0179	Cucurbita moschata	"NA"	"NA"	1418010	South/Latin America
Mexico	PI_438739	HW 0179	Cucurbita moschata	Fruit small, deeply ribbed at stem end, apically dome-shaped, smooth, dark  orange buff, marked brown. Rind soft.	"NA"	1434348	South/Latin America
Mexico	PI_438802	HW 0179	Cucurbita moschata	Obtained from Alfonso Lopez. Forage type.	"NA"	1190078	South/Latin America
Mexico	PI_438708	NA	Cucurbita moschata	Locally called Tallallota.	"NA"	1850871	South/Latin America
Mexico	PI_438747	HW 0179	Cucurbita moschata	"NA"	"NA"	1606799	South/Latin America
Mexico	PI_438790	HW 0179	Cucurbita moschata	Obtained from Jose Sinica Fiscal.	"NA"	1562733	South/Latin America
Mexico	PI_438750	HW 0179	Cucurbita moschata	"NA"	"NA"	939432	South/Latin America
Mexico	PI_438751	HW 0179	Cucurbita moschata	"NA"	"NA"	978771	South/Latin America
Mexico	PI_438752	HW 0179	Cucurbita moschata	"NA"	"NA"	880280	South/Latin America
Mexico	PI_438753	HW 0179	Cucurbita moschata	Fruit flat, 10 lobed, 25cm diam., tan with dark green reticulations.	"NA"	893097	South/Latin America
Mexico	PI_438796	HW 0179	Cucurbita moschata	Seeds mixed.	"NA"	1038222	South/Latin America
Mexico	PI_442278	NA	Cucurbita moschata	Fruits dark tan, black mottling, slight bloom, turban-shaped, 12cm long, 14cm  diam. Local name Calabaza.	"NA"	856726	South/Latin America
Mexico	PI_438759	HW 0179	Cucurbita moschata	Fruit flattened ovate, shallow ribs, white, 23cm diam.	"NA"	953835	South/Latin America
Mexico	PI_438760	HW 0179	Cucurbita moschata	Fruit ovoid, shallow ribs, white, 17cm diam., 23cm long. Flesh cream.	"NA"	1391575	South/Latin America
Mexico	PI_442247	NA	Cucurbita moschata	Vines. Fruits light tan, slightly green mottled, 16cm long, 18cm diam. Local name Calabasa.	"NA"	776171	South/Latin America
Mexico	PI_438770	HW 0179	Cucurbita moschata	Fruit short club shaped, ribbed, neck 11.5cm diam., 15cm long, body 23cm diam.,  13cm long.	"NA"	816803	South/Latin America
Mexico	PI_438743	HW 0179	Cucurbita moschata	Fruit large, curved, club-shaped, ribbed, pale tan, 15cm diam., 45cm long. Rind  hard. Flesh thin, dark orange.	"NA"	1161728	South/Latin America
Mexico	PI_438772	HW 0179	Cucurbita moschata	Fruit globose, smooth, striped and reticulated dark green, 20cm long.	"NA"	931905	South/Latin America
Mexico	PI_438748	HW 0179	Cucurbita moschata	"NA"	"NA"	973519	South/Latin America
Mexico	PI_438775	HW 0179	Cucurbita moschata	"NA"	"NA"	987680	South/Latin America
Mexico	PI_438776	HW 0179	Cucurbita moschata	"NA"	"NA"	1948268	South/Latin America
Mexico	PI_438777	HW 0179	Cucurbita moschata	Seeds large.	"NA"	1053918	South/Latin America
Mexico	PI_438778	HW 0179	Cucurbita moschata	"NA"	"NA"	1744587	South/Latin America
Mexico	PI_438779	HW 0179	Cucurbita moschata	"NA"	"NA"	1361255	South/Latin America
Mexico	PI_438756	HW 0179	Cucurbita moschata	Fruit oblate, deeply lobed, warty, 25cm diam.	"NA"	1202467	South/Latin America
Mexico	PI_442280	NA	Cucurbita moschata	Fruits tan, dark green mottling, slight bloom, Canadian Crookneck shape, 31cm long, 13cm diam.	"NA"	850424	South/Latin America
Mexico	PI_442283	NA	Cucurbita moschata	Fruits tan, dark green mottling, tan mottling at maturity, turban-shaped, 15.8  long, 20cm diam. Local name Calabaza criolla.	"NA"	829126	South/Latin America
Mexico	PI_442284	NA	Cucurbita moschata	Fruits dark tan, ovate, 20cm long, 18.4cm diam. Local name Calabaza criolla.	"NA"	808611	South/Latin America
Mexico	PI_438785	HW 0179	Cucurbita moschata	Fruit elliptical, slightly ribbed, orange marked green, 28cm diam., 46cm long.	"NA"	1460347	South/Latin America
Mexico	PI_442249	NA	Cucurbita moschata	Local name Calabaza.	"NA"	1008938	South/Latin America
Mexico	PI_438787	HW 0179	Cucurbita moschata	Fruit depressed globose, ribbed. Rind soft, mottled green and tan, 33cm diam.,  20cm long.	"NA"	1143062	South/Latin America
Mexico	PI_438808	HW 0179	Cucurbita moschata	Obtained from F. Cardenas R.	"NA"	1192849	South/Latin America
Mexico	PI_442272	NA	Cucurbita moschata	Fruits light green, tan mottling, turban-shaped, 23cm long, 22cm diam. Local  name Calabaza camotuda.	"NA"	893010	South/Latin America
Mexico	PI_634696	Castillo	Cucurbita moschata	"NA"	Cultivated material	1347733	South/Latin America
Mexico	PI_442274	NA	Cucurbita moschata	Fruits tan, flattened-round, warty, 14cm long, 19cm diam. Primitive type.	"NA"	1130380	South/Latin America
Mexico	PI_442275	NA	Cucurbita moschata	Fruits mottled green and tan, heavy bloom, top-shaped, 21cm long, 15cm diam.	"NA"	727976	South/Latin America
Mexico	PI_442277	NA	Cucurbita moschata	Fruits tan, turban-shaped, 12cm long, 19cm diam. Local name Calabaza.	"NA"	896667	South/Latin America
Mexico	PI_442257	NA	Cucurbita moschata	Fruits dark green, splotchy yellow at maturity, slight bloom, surface slightly  lumpy, pear-shaped, 23cm long, 24cm diam. Local name Calabaza.	"NA"	629873	South/Latin America
Mexico	PI_438758	HW 0179	Cucurbita moschata	Fruit obovate, faintly ribbed, nearly white, 15cm diam., 25cm long.	"NA"	991649	South/Latin America
Mexico	PI_512177	Calabaza de Castilla.	Cucurbita moschata	Two fruits, round, slightly flattened with shallow ribs, rind dark green with tan mottling.	Cultivated material	1191044	South/Latin America
Mexico	PI_634703	965b	Cucurbita moschata	Pepos purchased in market from woman from San Juan del Rio.	Cultivated material	691772	South/Latin America
Mexico	PI_438801	HW 0179	Cucurbita moschata	Vegetable variety.	"NA"	937275	South/Latin America
Mexico	PI_442286	NA	Cucurbita moschata	Fruits dark orange, dark green and tan mottled, bell-shaped, 16.7cm long, 13.2  cm diam. Local name Calabaza criolla.	"NA"	1304642	South/Latin America
Mexico	PI_438803	HW 0179	Cucurbita moschata	"NA"	"NA"	1664560	South/Latin America
Mexico	PI_442250	NA	Cucurbita moschata	Local name Calabaza.	NA	554408	South/Latin America
Mexico	PI_438811	HW 0179	Cucurbita moschata	Fruit flat, many lobes, dull yellow. Locally called Kanasin.	"NA"	1257026	South/Latin America
Mexico	PI_438815	HW 0179	Cucurbita moschata	Fruit flat, ribbed, dark brown with heavy bloom. Rind soft, thick. Flesh dark orange.	"NA"	788417	South/Latin America
Mexico	PI_438826	HW 0179	Cucurbita moschata	Locally called Tamala.	"NA"	1197898	South/Latin America
Mexico	PI_438827	HW 0179	Cucurbita moschata	"NA"	"NA"	1475911	South/Latin America
Mexico	PI_438828	HW 0179	Cucurbita moschata	Fruit depressed globose, ribbed. Rind rough, wrinkled dark buff, 25cm diam., 18 cm long.	"NA"	1105159	South/Latin America
Mexico	PI_634700	Tamalajote	Cucurbita moschata	Pepo obtained from Sr. Donaciano Cruz Reyes.  This calabasa is the more common of the two cultivated in this region and is preferred for its flesh.  N.V. Tamala	Cultivated material	1229864	South/Latin America
Mexico	PI_634701	944	Cucurbita moschata	Pepo obtained from Sr. Sesilio Escobar Matus.  This is one of two commonly cultivated calabasas in this area.  This type matures in 2 months, the fruit is highly prized for consumption when the skin has hardened, prior to this time it is not worth eating.  The mature fruit color is beige, immature fruits may be white, green or green\white striped.  This type provides more fruit than tamalajota, the second typed cultivated in this area.	Cultivated material	1712830	South/Latin America
Mexico	PI_634702	965b	Cucurbita moschata	Pepos purchased in market from woman from San Juan del Rio.	Cultivated material	1118605	South/Latin America
Mexico	PI_442268	NA	Cucurbita moschata	Seed large. Local name Calabaza de Castilla.	"NA"	870701	South/Latin America
Mexico	PI_511948	Segualca.	Cucurbita moschata	Plants mature later and are less predictable than Cucurbita mixta. Sown in June and July, harvested in November. Cook mature fruit. Sample donated by Encornacion Torres Legarra.	Landrace	995813	South/Latin America
Mexico	PI_442248	NA	Cucurbita moschata	Fruits dark green, tan markings, bell-shaped, 15cm long, 18cm diam. Local name  Calabasa.	"NA"	1102407	South/Latin America
Mexico	PI_532378	130	Cucurbita moschata	Fruit obovate, oblong, ellipsoid, ovate or clavate 14-73cm long, 13-26.5cm wide. Some green, some warted. Flesh orange, 2.5-4cm thick. Rind soft-hard. Plant in June, harvest in December.	Cultivated material	1332696	South/Latin America
Mexico	PI_442254	NA	Cucurbita moschata	Fruits dark green, light green striped, slightly bell-shaped, 25.5cm long, 16  cm diam. Local name Calabaza.	"NA"	1403744	South/Latin America
Mexico	PI_438773	HW 0179	Cucurbita moschata	Fruit flattened globose, deeply ribbed, buff, 20cm diam.	"NA"	1288873	South/Latin America
Mexico	PI_442252	NA	Cucurbita moschata	Fruits tan, pear-shaped, 28cm long, 15cm diam., cracks horizontally at maturity. Local name Calabaza.	"NA"	854945	South/Latin America
Mexico	PI_442253	NA	Cucurbita moschata	Fruits spheroid, tapering toward top and bottom, 21cm long, 19cm diam. Local  name Calabaza.	"NA"	694721	South/Latin America
Mexico	PI_512169	Calabaza de Castilla.	Cucurbita moschata	Single fruit flat, round.	Cultivated material	1219033	South/Latin America
Mexico	PI_442255	NA	Cucurbita moschata	Fruits tan, green striped, oblong, 22cm long, 15cm diam. Local name Calabaza.	"NA"	1267590	South/Latin America
Mexico	PI_449347	NA	Cucurbita moschata	Local name Calabasa.	"NA"	932611	South/Latin America
Mexico	PI_438830	HW 0179	Cucurbita moschata	"NA"	"NA"	930773	South/Latin America
Mexico	PI_438786	HW 0179	Cucurbita moschata	Fruit depressed globose, ribbed. Rind hard, mottled tan and orange, 36cm wide,  20cm long.	"NA"	875424	South/Latin America
Mexico	PI_442287	NA	Cucurbita moschata	Fruits deep orange, elongate, 32cm long, 12cm diam. Placenta greenish-brown. Flesh deep orange. Local name Calabaza criolla.	"NA"	851378	South/Latin America
Mexico	PI_442288	NA	Cucurbita moschata	Fruits tan, dark green and tan mottled, turban-shaped, 15cm long, 22.7cm diam.  Placenta brown. Flesh greenish. Local name Calabaza criolla.	"NA"	1440666	South/Latin America
Mexico	PI_442265	NA	Cucurbita moschata	Fruits green with white stripes, bell-shaped, 21cm long, 17.5cm diam. Local name Calabaza de Castilla.	"NA"	921321	South/Latin America
Mexico	PI_512146	Chinche	Cucurbita moschata	Seeds white with tan margin. Said to be produced at high elevation in the state of Mexico.	Cultivated material	927095	South/Latin America
Mexico	PI_634698	Tamalajote	Cucurbita moschata	Pepos obtained from Blas Lucano Diaz. Planted with maize in early May. N.V. Tamalajota.	Cultivated material	1150407	South/Latin America
Mexico	PI_634699	Tamalajote	Cucurbita moschata	Pepos obtained from Sr. Juan Bailon, Avenida Revolucion	NA	1074632	South/Latin America
Mexico	PI_442289	NA	Cucurbita moschata	"NA"	"NA"	970124	South/Latin America
Mexico	PI_512151	Pepita menuda	Cucurbita moschata	Seeds small, white with tan margin.	Cultivated material	923360	South/Latin America
Mexico	PI_512161	Calabaza de castilla.	Cucurbita moschata	Two fruits flask-shaped with waxy dark green rind.	Cultivated material	920305	South/Latin America
Mexico	PI_442267	NA	Cucurbita moschata	Local name Calabaza de Castilla.	"NA"	2439838	South/Latin America
Mexico	PI_512150	Calabaza de tamala.	Cucurbita moschata	Single fruit large, club-shaped with tan rind and bright orange flesh.	Cultivated material	1117238	South/Latin America
Mexico	PI_442285	NA	Cucurbita moschata	Fruits tan, dark-tan mottled, necked pyriform, 15.4cm long, 15cm diam. Local  name Calabaza criolla.	"NA"	819187	South/Latin America
Mexico	PI_511951	Segualca.	Cucurbita moschata	Fruits diverse in shape. Sown in July, harvested in October and November. Cook mature flesh as a sweet, toast and eat seeds. Sample donated by Manuel Pina Corrales.	Landrace	1097390	South/Latin America
Mexico	PI_449345	NA	Cucurbita moschata	Local name Pepita de calabasa.	"NA"	788027	South/Latin America
Mexico	PI_532381	161	Cucurbita moschata	Fruits acorn/heart to scallop shape, ribbed, 9-10cm long, 16.5-28cm wide. Rind hard. Flesh orange, 4-5cm thick. Immature fruits cut up and fried. Seeds of mature fruit eaten. Used for dulce.	Cultivated material	821791	South/Latin America
Mexico	PI_442251	NA	Cucurbita moschata	Local name Calabaza.	"NA"	921974	South/Latin America
Mexico	PI_511955	Segualca.	Cucurbita moschata	Plants had few fruits due to animal consumption of plants. Sown in July, harvested in October and November. Cook mature fruits. Powdery mildew present. Virus caused yellow streaks in fruit and vegetative parts. Sample donated by Lorenzo Gastelum Mazo.	Landrace	1237386	South/Latin America
Mexico	PI_532373	43	Cucurbita moschata	Fruit clavate with long neck 10-47cm long, 8-13cm long, green mottlings and broken stripes with or without waxy bloom. Flesh sweet and orange. Rind soft to moderately hard. Seeds partly or readily separate from flesh.	Cultivated material	897462	South/Latin America
Mexico	PI_449346	NA	Cucurbita moschata	Local name Calabasa.	"NA"	1002659	South/Latin America
Mexico	PI_511952	Segualca.	Cucurbita moschata	Fruits diverse in shape. Sown in July, harvested in October and November. Cook mature flesh as a sweet, toast and eat seeds. Sample donated by Manuel Pina Corrales.	Landrace	1234966	South/Latin America
Mexico	PI_511954	Segualca.	Cucurbita moschata	Sown in June and July, harvested in October and November. Cook mature fruit as a sweet.	Landrace	1304864	South/Latin America
Mexico	PI_511949	Segualca.	Cucurbita moschata	Plants mature later, are less predictable and require better soil than Cucurbita mixta. Sown in June and July, harvested in November. Cook mature fruits. Sample donated by Encornacion Torres Legarra.	Landrace	804329	South/Latin America
Mexico	PI_512147	Sopoma	Cucurbita moschata	Fruit dark green, flask-shaped. Seeds white with tan margin. Favored variety for flesh quality.	Cultivated material	575578	South/Latin America
Saudi Arabia	PI_183258	No.1	Cucurbita moschata	"NA"	"NA"	751567	Arab States
Myanmar	PI_200823	72	Cucurbita moschata	Fruits oblate, green with yellow spots	"NA"	935402	Asia
Myanmar	PI_200822	64	Cucurbita moschata	Fruits round-flattened, small, salmon, flesh bright-orange; common	"NA"	1036803	Asia
Iran	PI_211998	NA	Cucurbita moschata	"NA"	"NA"	776389	Asia
Iran	PI_211999	NA	Cucurbita moschata	"NA"	"NA"	1755505	Asia
Iran	PI_222760	NA	Cucurbita moschata	"NA"	"NA"	1699042	Asia
Iran	PI_211993	RIZAIYEH	Cucurbita moschata	"NA"	"NA"	468072	Asia
Iran	PI_212011	12	Cucurbita moschata	"NA"	"NA"	1081597	Asia
Thailand	PI_249565	NA	Cucurbita moschata	"NA"	"NA"	1629050	Asia
Spain	PI_257532	NA	Cucurbita moschata	"NA"	"NA"	1040663	Europe
Egypt	PI_288239	NA	Cucurbita moschata	Probably similar to 'Butternut' in color, but larger and very variable in shape.	"NA"	3641559	Africa
Costa Rica	PI_369346	NA	Cucurbita moschata	"NA"	"NA"	947276	South/Latin America
Honduras	PI_406848	NA	Cucurbita moschata	"NA"	"NA"	841863	South/Latin America
Belize	PI_438551	NA	Cucurbita moschata	Fruit top-shape, whitish with tan, 26cm wide, 20cm long.	"NA"	958232	South/Latin America
Belize	PI_438553	Xnu Kun	Cucurbita moschata	fruit depressed globose, ribbed, dark orange-brown, 28cm in diameter.	"NA"	3073953	South/Latin America
Belize	PI_438549	NA	Cucurbita moschata	Fruit long necked.	"NA"	1007874	South/Latin America
Belize	PI_438548	Pepita menuda	Cucurbita moschata	"NA"	"NA"	2908063	South/Latin America
Brazil	PI_441726	HTE0778	Cucurbita moschata	Fruits flattened-globose. Rind tan and green. Flesh dark orange. Local name  Abobora.	"NA"	748776	South/Latin America
Brazil	PI_441725	HTE0778	Cucurbita moschata	Fruits elongated. Rind cream-color. Flesh bright orange. Local name Abobora.	"NA"	1021966	South/Latin America
Brazil	PI_441723	HTE0778	Cucurbita moschata	Fruits oval. Rind greenish.	"NA"	1101417	South/Latin America
Argentina	PI_458728	TW 1080	Cucurbita moschata	Seeds small, dirty white, margins lighter. Local name Zapallito anguito (Butternut).	"NA"	1029806	South/Latin America
Paraguay	PI_475750	Calabazo	Cucurbita moschata	Plants grown by Manjuy Indians for centuries, endemic. Seeds banana type, buff-colored.	Cultivated material	1271232	South/Latin America
Zimbabwe	PI_482492	TGR 149	Cucurbita moschata	Sown October, harvested April. Fruits whitish. Local name Fere.	Cultivated material	936547	Africa
Zimbabwe	PI_482488	TGR 27B	Cucurbita moschata	Sown November, harvested April.	Cultivated material	2416097	Africa
Zimbabwe	PI_482491	TGR 148	Cucurbita moschata	Sown October, harvested April. Plants associated with Cucumis. Local name Mkoko.	Cultivated material	1866181	Africa
Zimbabwe	PI_482513	TGR 699	Cucurbita moschata	Local name Nhengere (Nzunzu).	Cultivated material	999969	Africa
Zimbabwe	PI_482567	TGR 1618	Cucurbita moschata	Sown November, harvested April.	Cultivated material	655137	Africa
Zimbabwe	PI_482487	TGR 27A	Cucurbita moschata	Sown November, harvested April.	Cultivated material	2287585	Africa
Zimbabwe	PI_482565	TGR 1568	Cucurbita moschata	Sown November, harvested April. Fruits creamy yellow. Local name Mhengere.	Cultivated material	655770	Africa
Zimbabwe	PI_482588	TGR 2073	Cucurbita moschata	Fruits elongated, ridged shape.	Cultivated material	918603	Africa
Zimbabwe	PI_482535	TGR 1290	Cucurbita moschata	Local name Musonde.	Cultivated material	1168614	Africa
Zimbabwe	PI_482493	TGR 169	Cucurbita moschata	Sown November, harvested April.	Cultivated material	939732	Africa
Zimbabwe	PI_482586	TGR 1963	Cucurbita moschata	Sown November, harvested October. Local name Ndodo.	Cultivated material	762367	Africa
Zimbabwe	PI_482545	TGR 1442	Cucurbita moschata	"NA"	Cultivated material	1069006	Africa
Zimbabwe	PI_482506	TGR 596	Cucurbita moschata	Sown October, harvested April.	Cultivated material	865302	Africa
Zimbabwe	PI_482573	TGR 1645C	Cucurbita moschata	Sown November, harvested April.	Cultivated material	1694198	Africa
Zimbabwe	PI_482516	TGR 747	Cucurbita moschata	"NA"	Cultivated material	958958	Africa
Zimbabwe	PI_482521	TGR 865	Cucurbita moschata	Sown November, harvested April.	Cultivated material	761523	Africa
Zimbabwe	PI_482524	TGR 1060	Cucurbita moschata	Fruits large, round, green and yellow striped.	Cultivated material	816531	Africa
Zimbabwe	PI_482525	TGR 1081	Cucurbita moschata	Fruits flat and fluted. Flesh white. Local name Nboko.	Cultivated material	1720569	Africa
Zimbabwe	PI_482527	TGR 1143	Cucurbita moschata	Fruits large, oval creamy yellow skinned types and green striped types.	Cultivated material	855355	Africa
Zimbabwe	PI_482528	TGR 1155	Cucurbita moschata	Fruits green and cream.	Cultivated material	935478	Africa
Zimbabwe	PI_482534	TGR 1268	Cucurbita moschata	Sown November, harvested April.	Cultivated material	1244969	Africa
Zimbabwe	PI_482564	TGR 1563	Cucurbita moschata	Sown November, harvested April. Fruits mixture of spotted green speckled and white brownish types.	Cultivated material	941565	Africa
Zimbabwe	PI_482546	TGR 1445	Cucurbita moschata	"NA"	Cultivated material	1099350	Africa
Zimbabwe	PI_524428	TGR 1243a	Cucurbita moschata	Originally a mixed collection with TGR 1243 (PI 482478)	Cultivated material	941611	Africa
Zimbabwe	PI_482569	TGR 1631	Cucurbita moschata	Sown November, harvested April. Local name Nzunzu.	Cultivated material	951198	Africa
Zimbabwe	PI_482570	TGR 1634	Cucurbita moschata	Sown November, harvested April.	Cultivated material	1410642	Africa
Zimbabwe	PI_482578	TGR 1684	Cucurbita moschata	Sown November, harvested April.	Cultivated material	1099529	Africa
Zimbabwe	PI_482575	TGR 1654	Cucurbita moschata	Sown November, harvested April.	Cultivated material	574335	Africa
Zimbabwe	PI_482576	TGR 1662	Cucurbita moschata	Sown November, harvested April.	Cultivated material	1123868	Africa
Zimbabwe	PI_482577	TGR 1669	Cucurbita moschata	Sown November, harvested April.	Cultivated material	1174825	Africa
Zimbabwe	PI_482560	TGR 1531	Cucurbita moschata	Sown November, harvested April.	Cultivated material	574788	Africa
Zimbabwe	PI_482583	TGR 1885	Cucurbita moschata	Sown November, harvested April. Fruits white.	Cultivated material	823421	Africa
Zimbabwe	PI_482585	TGR 1926	Cucurbita moschata	Sown November, harvested April. Fruits oval, angular to penduncle shaped, green  to yellow.	Cultivated material	1383605	Africa
Zimbabwe	PI_482556	TGR 1507	Cucurbita moschata	Sown November, harvested April.	Cultivated material	1783809	Africa
Zimbabwe	PI_482501	TGR 490	Cucurbita moschata	Sown September, harvested April.	Cultivated material	1089138	Africa
Zimbabwe	PI_482552	TGR 1474	Cucurbita moschata	"NA"	Cultivated material	720687	Africa
Zimbabwe	PI_482538	TGR 1340	Cucurbita moschata	Local name Nzururu.	Cultivated material	812840	Africa
Zimbabwe	PI_482500	TGR 358	Cucurbita moschata	"NA"	Cultivated material	752166	Africa
Zimbabwe	PI_482549	TGR 1456	Cucurbita moschata	Mixed types.	Cultivated material	1328230	Africa
Zimbabwe	PI_482547	TGR 1446	Cucurbita moschata	Fruits green and cream colored.	Cultivated material	960953	Africa
Zimbabwe	PI_482548	TGR 1453	Cucurbita moschata	"NA"	Cultivated material	1397145	Africa
Zimbabwe	PI_482542	TGR 1422	Cucurbita moschata	"NA"	Cultivated material	912535	Africa
Zimbabwe	PI_482553	TGR 1475	Cucurbita moschata	"NA"	Cultivated material	1078756	Africa
Zimbabwe	PI_482554	TGR 1488	Cucurbita moschata	Sown November, harvested April.	Cultivated material	1091810	Africa
South Korea	PI_483345	Aehobag F1	Cucurbita moschata	Maturity early.	Cultivar	1119697	Asia
South Korea	PI_483346	Sachul F1 (Oriental Wonder)	Cucurbita moschata	Maturity early.	Cultivar	1079211	Asia
Burkina Faso	PI_490354	Yobir	Cucurbita moschata	Fruit pulp and embryo's cooked for sauce. Flowers 4cm long, 2cm in diameter, yellow. Fruit roundish, 12cm long, 11cm in diameter.	Cultivated material	1279381	Africa
Zambia	PI_524427	ZFA 3633a	Cucurbita moschata	Originally a mixed collection with ZFA 3633 (PI 494842)	Landrace	754969	Africa
Zambia	PI_500559	NA	Cucurbita moschata	"NA"	Wild material	755232	Africa
Zambia	PI_500562	NA	Cucurbita moschata	"NA"	Cultivated material	1541532	Africa
Zambia	PI_500558	NA	Cucurbita moschata	"NA"	Cultivated material	897088	Africa
Zambia	PI_500488	ZM-1889	Cucurbita moschata	"NA"	Cultivated material	763616	Africa
Zambia	PI_494832	ZFA 3266	Cucurbita moschata	Fruit large. Received as Cucurbita moschata.	Landrace	1705536	Africa
Zambia	PI_500555	NA	Cucurbita moschata	"NA"	Cultivated material	794275	Africa
Zambia	PI_500557	NA	Cucurbita moschata	"NA"	Cultivated material	937032	Africa
Zambia	PI_500536	NA	Cucurbita moschata	"NA"	Cultivated material	1247546	Africa
Colombia	PI_498429	NA	Cucurbita moschata	Collected by H. Sardi and J. Jaramillo. Local name Colombian black squash.	Cultivated material	755986	South/Latin America
Bolivia	PI_560946	joco.	Cucurbita moschata	Fruit elongated, pear shaped, 40cm long, 13cm max. diam., very slightly ribbed. Color dark green with flesh-colored spots and speckles. Flesh stringy, orange. Seeds off-white with tan border. Grown locally, purchased in store.	Cultivated material	1325663	South/Latin America
Bolivia	PI_560952	joco.	Cucurbita moschata	Elongate squash, 50cm long, 8cm diam., slightly twisted, slightly ribbed. Color light green variegated with yellow, turning mostly yellow when ripe. Peduncle woody, ribbed, flared at insertion. Flesh thick, firm, light orange. Seeds light brown, 1cm long. Ovary only in distal half of fruit, proximal half solid. Grown locally.	Cultivated material	1123146	South/Latin America
Yemen	PI_634692	Grif 1573	Cucurbita moschata	"NA"	"NA"	807247	Arab States
Sri Lanka	PI_634706	CP-00-01	Cucurbita moschata	Large fruited.	Uncertain improvement status	1340127	Asia
NA	Black_Futsu	NA	Cucurbita moschata	NA	NA	3141770	NA
NA	Burpees_Butterbush	NA	Cucurbita moschata	NA	NA	1443072	NA
NA	Chirimen	NA	Cucurbita moschata	NA	NA	2993342	NA
NA	Fairytale	NA	Cucurbita moschata	NA	NA	1891210	NA
NA	Greek_Sweet_Red	NA	Cucurbita moschata	NA	NA	2092646	NA
Puerto Rico	PI_209116	NA	Cucurbita moschata	"NA"	"NA"	902610	NA
Puerto Rico	PI_209117	NA	Cucurbita moschata	"NA"	"NA"	1271597	NA
NA	Violina_Rugosa	NA	Cucurbita moschata	NA	NA	3748322	NA
NA	La_Estrella	NA	Cucurbita moschata	NA	NA	2263358	NA
Puerto Rico	PI_595436	FORTUNA	Cucurbita moschata	"NA"	Cultivar	1474951	NA
NA	Kikuza	NA	Cucurbita moschata	NA	NA	2700797	NA
NA	Kogiku	NA	Cucurbita moschata	NA	NA	3009892	NA
NA	PI_448806	NA	wrong PI	NA	NA	1350216	NA
Serbia	PI_357918	NA	Cucurbita moschata	"NA"	"NA"	2823901	NA
Afghanistan	PI_135371	4947	Cucurbita moschata	Fruit globose with an exceptionally long neck (13in), 22in in length; rind gold buff with splashes of paler gold, faintly ribbed; flesh orange, sweet, and tender; seed cavity heart-shaped, 5 by 8in, an excellent variety	"NA"	1481535	NA
NA	Tromboncino	NA	Cucurbita moschata	NA	NA	3024787	NA
Africa	PI_199014	NA	Cucurbita moschata	Presented by Frank Pellet, Pellet Gardens, Atlantic, Iowa, in 1949	"NA"	735980	NA
NA	Meot_Jaeng_I_Ae	NA	Cucurbita moschata	NA	NA	2963635	NA
NA	Thai_Kang_Kob	NA	Cucurbita moschata	NA	NA	1609990	NA
NA	Seminole	NA	Cucurbita moschata	NA	NA	2580225	NA
NA	Teot_Bat_Put	NA	Cucurbita moschata	NA	NA	3032868	NA
NA	Shishigatani	NA	Cucurbita moschata	NA	NA	1830520	NA
NA	Thai_Rai_Kaw_Tok	NA	Cucurbita moschata	NA	NA	2603666	NA
Suriname	PI_458650	PRT 1	Cucurbita moschata	Fruit ovate to round, 15.2-30.5cm diameter, green with greenish-yellow blotches. Flesh 2.5-5.1cm thick, orange.	Cultivated material	1022642	NA
Maldives	PI_536494	KLM-1689	Cucurbita moschata	"NA"	"NA"	862821	NA
Africa	PI_653064	Nigerian Local	Cucurbita moschata	"NA"	Cultivar	1302831	NA
