accession_id	accession_name	taxonomy	country	narrative	improvement_status	total_reads
Ames_21644	TWW 165	Cucurbita pepo	Mexico	Two pollinations split into 2 seed lots probably based on fruit type.	Cultivated material	1370285
Ames_21645	TWW 153	Cucurbita pepo	Brazil	One pollination split into 2 seed lots.	Cultivated material	1386322
Ames_21649	TWW 152	Cucurbita pepo	Brazil	One pollination split into 2 seed lots.	Cultivated material	1272924
Ames_21650	TWW 163	Cucurbita pepo	Mexico	One pollination split into 2 seed lots.	Cultivated material	1525486
Ames_21651	TWW 157	Cucurbita pepo	Mexico	One pollination split into 2 seed lots.	Cultivated material	1075071
Ames_21653	TWW 148	Cucurbita pepo	Argentina	Large, late plants; split into 3 seed lots (=1 fruit self, 5 fruits sibbed, 3 fruit sibbed).	Cultivated material	1208977
Ames_24950	G 24401	Cucurbita pepo	Uruguay	NA	Cultivated material	990154
Ames_24951	C-CU-27	Cucurbita pepo	Spain	NA	Cultivated material	1360361
Ames_25700	S028	Cucurbita pepo	Syria	Like zucchini, stuffed with rice to eat.	Landrace	1402367
Ames_25701	S108	Cucurbita pepo	Syria	NA	Uncertain improvement status	1333721
Ames_25941	P031	Cucurbita pepo	Poland	NA	Cultivated material	1208996
Ames_25942	P044	Cucurbita pepo	Poland	NA	Cultivated material	1335544
Ames_25943	P057	Cucurbita pepo	Poland	NA	Cultivated material	1399096
Ames_25944	P085	Cucurbita pepo	Poland	NA	Cultivated material	1255879
Ames_25945	P101	Cucurbita pepo	Poland	NA	Cultivated material	1443359
Ames_26607	DSW 802	Cucurbita pepo var. ozarkana	United States	NA	Wild material	1124070
Ames_26608	DSW 803	Cucurbita pepo var. ozarkana	United States	NA	Wild material	1091405
Ames_26609	DSW 804	Cucurbita pepo var. ozarkana	United States	NA	Wild material	1038684
Ames_26610	DSW 806	Cucurbita pepo var. ozarkana	United States	NA	Wild material	880617
Ames_26611	DSW 807	Cucurbita pepo var. ozarkana	United States	NA	Wild material	1181645
Ames_26612	DSW 808	Cucurbita pepo var. ozarkana	United States	NA	Wild material	1022558
Ames_26616	DSW 812	Cucurbita pepo var. ozarkana	United States	NA	Wild material	1063120
Ames_26617	DSW 813	Cucurbita pepo var. ozarkana	United States	NA	Wild material	1193963
Ames_26619	DSW 815	Cucurbita pepo var. ozarkana	United States	NA	Wild material	1909044
Ames_26620	DSW 816	Cucurbita pepo var. ozarkana	United States	NA	Wild material	1534051
Ames_26622	DSW 819	Cucurbita pepo var. ozarkana	United States	NA	Wild material	1295857
Ames_26624	DSW 822	Cucurbita pepo var. ozarkana	United States	NA	Wild material	1224442
Ames_26833	Ames 26833	Cucurbita pepo var. ozarkana	United States	NA	Wild material	945833
Ames_26871	DSW 1232	Cucurbita pepo var. ozarkana	United States	Flat, round, or pear shaped fruit.	Wild material	1206143
Ames_26872	DSW 1237	Cucurbita pepo var. ozarkana	United States	Egg or oval shaped fruit.	Wild material	1192860
Ames_26873	DSW 1240	Cucurbita pepo var. ozarkana	United States	Flat, round, oval, oblong, or pear shaped fruit.	Wild material	1049781
Ames_26875	DSW 1263	Cucurbita pepo var. ozarkana	United States	Pear shaped fruit.	Wild material	1017429
Ames_26876	DSW 1264	Cucurbita pepo var. ozarkana	United States	NA	Wild material	1182938
Ames_26877	DSW 1269	Cucurbita pepo var. ozarkana	United States	Flat, round, egg, pear, or oblong shaped fruit, some grooved.	Wild material	1008875
Ames_26878	DSW 1272	Cucurbita pepo var. ozarkana	United States	Flat, egg, or oblong shaped fruit, some grooved.	Wild material	971571
Ames_26879	DSW 1292	Cucurbita pepo var. ozarkana	United States	Round, oval, oblong, or pear shaped, and white, striped, or bicolor fruit.	Wild material	985886
Ames_26882	DSW 1321	Cucurbita pepo var. ozarkana	United States	Pear or lump-in-neck shaped fruit.	Wild material	1040216
Ames_26883	DSW 1323	Cucurbita pepo var. ozarkana	United States	Flat or round shaped fruit.	Wild material	874844
Ames_26885	DSW 1436	Cucurbita pepo var. ozarkana	United States	Escapes from cultivation? Flat or round shaped fruit, some grooved, and some turning orange, but all small.	Wild material	1040029
Ames_26887	DSW 1457	Cucurbita pepo var. ozarkana	United States	Round or oval shaped fruit.	Wild material	1340415
Ames_26888	DSW 1458	Cucurbita pepo var. ozarkana	United States	Round or pear shaped fruit.	Wild material	1099871
Ames_26889	DSW 1459	Cucurbita pepo var. ozarkana	United States	Elongated pear shaped fruit.	Wild material	939712
Ames_26890	DSW 1483	Cucurbita pepo var. ozarkana	United States	Flat, round, or mildly oblong shaped fruit.	Wild material	889186
Ames_26891	1282	Cucurbita pepo var. texana	United States	Egg shaped fruit.	Wild material	925658
Ames_26892	1283	Cucurbita pepo var. texana	United States	Egg, elongated egg, or pear shaped fruit.	Wild material	1077940
Ames_26893	1284	Cucurbita pepo var. texana	United States	Egg shaped fruit.	Wild material	1002342
Ames_26894	1285	Cucurbita pepo var. texana	United States	Round, egg, or oblong shaped fruit.	Wild material	1028982
Ames_26951	Ames 26951	Cucurbita pepo	United States	Wild gourd.  Fruits green with white stripes and solid white, various shapes, very bitter, and separate from stem very easily.  Stigma seem very long and narrow.  Increased in garden of donor by hand pollination, Mansfield Center, Connecticut.	Wild material	1208640
Ames_26952	Paydon Heirloom	Cucurbita pepo	United States	Vining, large acorn type, 80-115 days, tan, cream speckled skin, most fruit has sweet yellowish flesh which is somewhat stringy.  Paydon family heirloom via France to Louisiana to Ohio to Bosco, Illinois since 1860's.	Landrace	1628495
Ames_28296	TJK 2006:132	Cucurbita pepo	Tajikistan	Cultivated more than 15 years.  Seeds are the farmer's selection.  Used for cooking dumpling (samsa).	Cultivated material	1039531
Ames_29179	GSMO 1-4	Cucurbita pepo	Georgia	Thin-hulled seed, tasty, sweet.	Landrace	1117445
Ames_29180	GSMO 1-5	Cucurbita pepo	Georgia	Normal thickness of seed hull.	Landrace	992225
Ames_29181	GSMO 1-6	Cucurbita pepo	Georgia	Very tasty, no insect or disease problems.	Landrace	1480434
Ames_7770	Calabasa de Agua y Arrota	Cucurbita pepo	Mexico	NA	Cultivated material	1682520
HONEYNUT	NA	NA	NA	NA	Cultivar	2228566
NSL_104548	LITTLE BOO	Cucurbita pepo	United States	NA	Cultivar	1203283
NSL_180768	CONFEDERATE GOLD	Cucurbita pepo	United States	Confederate Gold (16D-14) - Breeder and vendor: Ferry-Morse Seed Co. Characteristics: open pollinated, yellow crookneck type with very uniform, attractive fruits; plants large, vigorous, medium open. Similar: Yellow Summer Crookneck Improved. Adaptation: southeast United States. 1982.	Cultivar	1596367
NSL_199054	Precocious Early Prolific	Cucurbita pepo	United States	PEP is an inbred line that carries gene B (BB). It is iso- genic to "Early Prolific Straightneck" (B+B+). Reference: Shifriss, O. 1981. Origin, expression, and significance of gene B in Cucurbita pepo L. J. American Hort. Sci. 106:220-232. See page 222, left column, line 16 from top. (The foregoing capital "B's" have an underscore and the "+'s" are superscripts.)	Breeding material	1394646
NSL_98075	TABLE KING	Cucurbita pepo	United States	NA	Cultivar	1517179
NSL_98131	Jersey Golden Acorn	Cucurbita pepo	United States	Bush habit, fruits orange. Yellow pigmentation occurs prior to anthesis. As fruit grow it becomes progressively more deeply orange externally and internally. Flesh contains 2-3 times more carotenes, 4-5 times more xanthophylls, and 1.6 times more beta  carotene than flesh of 'Table King'. Immature fruits not over 2 inches in diameter can be steamed and eaten whole. Baked mature fruits have superior flavor, tenderness, and freedom from fiber.	Cultivar	2070392
PI_109486	T 524	Cucurbita pepo	Turkey	From Ankara bazar.	Landrace	907723
PI_135394	5055	Cucurbita pepo	Afghanistan	Fruit flattened, 5 by 1.75 inches; orange with indented ribs; faintly scalloped edges.	Landrace	1272714
HONEYNUT	NA	NA	NA	NA	Cultivar	2228566
PI_136448	Summer Squash	Cucurbita pepo	China	Summer squash.	Landrace	932807
PI_137896	Kadu	Cucurbita pepo	Iran	Kadu = pumpkin/squash.	Landrace	832211
PI_141660	Kadu	Cucurbita pepo	Iran	Kadu = pumpkin/squash.  Mixture.	Landrace	957183
PI_141666	Kaduemasmali	Cucurbita pepo	Iran	Fruit globose.	Uncertain improvement status	982535
PI_143306	7411	Cucurbita pepo	Iran	From Koeltz's notes:fruit 10 inches long, 7 inches in diameter, heavily ridged starting at stem end and conspicuous warts over surface. Color "pumpkin red"; netted green and orange; flesh 1.5 inches thick, orange, rather sweet.	Landrace	970540
PI_143329	7975	Cucurbita pepo	Iran	Fruit flattened 9 inches long, 5 inches in diameter, orange yellow, splotched orange red; a few strong ridges at stem end; flesh 1.25 inches thick, orange, firm, nearly woody, low in sugar. Good keeper.	Landrace	1445613
PI_155301	NA	Cucurbita pepo	Yemen	NA	Landrace	1438653
PI_157099	Duck	Cucurbita pepo	China	Cushaw. Received as C. moschata, reid 07/15/1960.	Landrace	1023596
PI_158990	NA	Cucurbita pepo	South Africa	Pumpkin	Landrace	1350466
PI_163232	Gangeri	Cucurbita pepo	India	Cushaw. Received as Cucurbita moschata, reidentified per QS 37 12/69.	Landrace	1087853
PI_164957	Sakiz Kabak	Cucurbita pepo	Turkey	White, narrow type. Kabak = pumpkin/squash.	Landrace	1205542
PI_164997	Tergomlek	Cucurbita pepo	Turkey	Grown for its edible seeds which are oily and nearly shell-less.	Landrace	1131338
PI_165004	Karakabak	Cucurbita pepo	Turkey	Black. Kabak = pumpkin/squash.	Landrace	1797338
PI_165018	Dolma Kabagi	Cucurbita pepo	Turkey	Pumpkin.	Landrace	1201349
PI_165023	Sakiz Kabak	Cucurbita pepo	Turkey	Kabak = pumpkin/squash.	Landrace	994125
PI_165047	Dolma kabagi	Cucurbita pepo	Turkey	Pumpkin.	Landrace	1244728
PI_165071	Sakiz Kabagi	Cucurbita pepo	Turkey	Pumpkin.	Landrace	1210992
PI_165081	Kabuksuz Kabak	Cucurbita pepo	Turkey	Kabak = pumpkin. (Kabuksuz = unshelled; without shell, skin, bark.)	Landrace	808838
PI_165992	Kadu	Cucurbita pepo	India	Kadu = pumpkin/squash.	Landrace	1146985
PI_166992	Kabak	Cucurbita pepo	Turkey	Kabak = pumpkin/squash.	Landrace	1055279
PI_167036	Dolmalik Kabak	Cucurbita pepo	Turkey	Kabak = pumpkin/squash.	Landrace	1617931
PI_167042	Kabak	Cucurbita pepo	Turkey	Kabak = pumpkin/squash.	Landrace	973383
PI_167053	Kabak	Cucurbita pepo	Turkey	Kabak = pumpkin/squash.	Landrace	982853
PI_167084	Kabak	Cucurbita pepo	Turkey	Kabak = pumpkin/squash.	Landrace	854195
PI_167097	Kabak	Cucurbita pepo	Turkey	Kabak = pumpkin/squash.	Landrace	1227575
PI_167136	Kabak	Cucurbita pepo	Turkey	Kabak = pumpkin/squash.	Landrace	1163204
PI_167199	Kabak	Cucurbita pepo	Turkey	Kabak = pumpkin/squash.	Landrace	1354408
PI_167243	Kabak	Cucurbita pepo	Turkey	Kabak = pumpkin/squash.	Landrace	984683
PI_167364	Kabak	Cucurbita pepo	Turkey	Kabak = pumpkin/squash.	Landrace	1348264
PI_167392	Kabak	Cucurbita pepo	Turkey	Kabak = pumpkin/squash.	Landrace	1340120
PI_169414	3387	Cucurbita pepo	Turkey	Squash. Black type. Received as Cucurbita moschata.	Landrace	1085445
PI_169416	Sakiz Kabak	Cucurbita pepo	Turkey	Kabak = pumpkin/squash.  From agricultural school, Bornova, Izmir.	Landrace	1684272
PI_169417	1461	Cucurbita pepo	Turkey	Seed store, Manisa, Manisa.	Landrace	1429679
PI_169418	Kabak Girit	Cucurbita pepo	Greece	Kabak = pumpkin/squash.  Seed Store, Manisa.  Originally from Crete.	Landrace	1133661
PI_169420	1508	Cucurbita pepo	Turkey	NA	Landrace	1229574
PI_169421	1539	Cucurbita pepo	Turkey	NA	Landrace	1181172
PI_169422	Ak Kabak	Cucurbita pepo	Turkey	Long white type.  Market, Korkuteli. Kabak = pumpkin/squash.	Landrace	847143
PI_169423	Bahce	Cucurbita pepo	Turkey	NA	Landrace	1422430
PI_169424	Sakiz Kabagi	Cucurbita pepo	Turkey	NA	Landrace	853162
PI_169425	Ufak Kabak	Cucurbita pepo	Turkey	Small type.  From tree nursery, Burdur, Burdur.  Kabak = pumpkin/squash.	Landrace	1361370
PI_169426	Dolmalik	Cucurbita pepo	Turkey	Market, Burdur.	Landrace	917454
PI_169427	1768	Cucurbita pepo	Turkey	NA	Landrace	1283976
PI_169428	1838	Cucurbita pepo	Turkey	Market, Mugla, Mugla.	Landrace	937348
PI_169429	1841	Cucurbita pepo	Turkey	Mixed types.  Market, Mugla.	Landrace	1285748
PI_169430	1878	Cucurbita pepo	Turkey	NA	Landrace	1694617
PI_169431	Sakiz Kabagi	Cucurbita pepo	Turkey	Sweet type.  Sakiz Kabagi =vegetable marrow pumpkin.	Landrace	1189318
PI_169432	Dolmalik	Cucurbita pepo	Turkey	NA	Landrace	1199105
PI_169434	Kara Kabak	Cucurbita pepo	Turkey	Black type.  Kabak = pumpkin/squash. Market, Akhisar, Manisa.	Landrace	2109350
PI_169435	Bal Kabak	Cucurbita pepo	Turkey	Kabak = pumpkin/squash.  Market, Akhisar, Manisa.	Landrace	1298438
PI_169436	Sakiz Kabak	Cucurbita pepo	Turkey	Kabak = pumpkin/squash.  Market, Akhisar, Manisa.	Landrace	910195
PI_169437	Pestel Kabak	Cucurbita pepo	Turkey	Kabak = pumpkin/squash.  Market, Akhisar, Manisa.	Landrace	977960
PI_169438	2167	Cucurbita pepo	Turkey	Seed stores and markets, Soma, Manisa Province. Originally from Siman, Balikesir.	Landrace	858050
PI_169442	Sakiz Kabak	Cucurbita pepo	Turkey	Kabak = pumpkin/squash. Seed stores and markets, Soma, Manisa Province.	Landrace	995343
PI_169443	Tezce	Cucurbita pepo	Turkey	Early type. From garden of Ali Kucuk Kirca, Bergama.	Landrace	1093547
PI_169445	Sakiz Kabak	Cucurbita pepo	Turkey	Kabak = pumpkin/squash.  Seed store, Istanbul, Istanbul.	Landrace	891944
PI_169446	2359	Cucurbita pepo	Turkey	Seed store, Istanbul.	Landrace	967199
PI_169447	Kolsus Sakiz	Cucurbita pepo	Turkey	NA	Landrace	1061797
PI_169448	Sakiz Kabagi	Cucurbita pepo	Turkey	Sakiz Kabagi = vegetable marrow pumpkin. Agricultural school, Cayirova, Kocaeli.	Landrace	955231
PI_169449	Bal Kabak	Cucurbita pepo	Turkey	Kabak = pumpkin/squash. Seed stores, Kirklareli, Kirklareli.	Landrace	988627
PI_169450	Dolmalik	Cucurbita pepo	Turkey	Seed stores, Kirklareli, Kirklareli.	Landrace	823150
PI_169451	2568	Cucurbita pepo	Turkey	Seed stores, Kirklareli, Kirklareli.	Landrace	988519
PI_169452	Kara Kabak	Cucurbita pepo	Turkey	Kabak = pumpkin/squash. Seed stores, Kirklareli, Kirklareli.	Landrace	1987311
PI_169453	Sakiz Kabak	Cucurbita pepo	Turkey	Kabak = pumpkin/squash. Seed store, Babaeski, Kirklareli.	Landrace	1033039
PI_169454	Sakiz Kabak	Cucurbita pepo	Turkey	Kabak = pumpkin/squash.	Landrace	956354
PI_169456	Kestane	Cucurbita pepo	Turkey	Seed store, Luleburgaz, Kirklareli.	Landrace	901567
PI_169457	Sakiz Kabak	Cucurbita pepo	Turkey	Kabak = pumpkin/squash. Seed store, Luleburgaz, Kirklareli.	Landrace	1027412
PI_169458	Sakiz Kabak	Cucurbita pepo	Turkey	Kabak = pumpkin/squash.	Landrace	980331
PI_169459	2867	Cucurbita pepo	Turkey	NA	Landrace	999146
PI_169460	Sakiz Kabak	Cucurbita pepo	Turkey	Kabak = pumpkin/squash. Mayor's garden, Canakkale.	Landrace	945302
PI_169461	2948	Cucurbita pepo	Turkey	NA	Landrace	1235818
PI_169462	Sakiz Kabak	Cucurbita pepo	Turkey	Kabak = pumpkin/squash.	Landrace	1120311
PI_169463	3103	Cucurbita pepo	Turkey	NA	Landrace	1332362
PI_169464	Kara Kabak	Cucurbita pepo	Turkey	Black type. Kabak = pumpkin/squash.	Landrace	1773857
PI_169465	Dolmalik	Cucurbita pepo	Turkey	Originally from Calova.	Landrace	1293412
PI_169467	3290	Cucurbita pepo	Turkey	Originally from Istanbul.	Landrace	1270688
PI_169468	3333	Cucurbita pepo	Turkey	Large type.	Landrace	1371147
PI_169469	Sakiz Kabak	Cucurbita pepo	Turkey	Kabak = pumpkin/squash.	Landrace	831931
PI_169472	Sakiz Kabak	Cucurbita pepo	Turkey	Kabak = pumpkin/squash. Seed stores, Bursa.	Landrace	1271504
PI_169473	3517	Cucurbita pepo	Turkey	Originally from Ulu Dag.	Landrace	1245883
PI_169474	Sakiz Kabak	Cucurbita pepo	Turkey	Kabak = pumpkin/squash. Seed store, Bursa.	Landrace	1126744
PI_169475	Sakiz Kabak	Cucurbita pepo	Turkey	Kabak = pumpkin/squash. Seed exhibit, Adapazari, Kocaeli.	Landrace	890751
PI_169476	Kara Kabak	Cucurbita pepo	Turkey	Kabak = pumpkin/squash. Seed exhibit, Adapazari, Kocaeli.	Landrace	909412
PI_169477	Dolmalik	Cucurbita pepo	Turkey	Originally from Dortyol.	Landrace	988076
PI_169478	3822A	Cucurbita pepo	Turkey	NA	Landrace	1130103
PI_171621	6585	Cucurbita pepo	Turkey	Sweet type.	Landrace	1181019
PI_171622	Dolmalik	Cucurbita pepo	Turkey	Seed dealer, Kastamonu, Kastamonu.	Landrace	1085802
PI_171623	6712	Cucurbita pepo	Turkey	Sweet type. Seed dealer, Samsun, Samsun.	Landrace	1611905
PI_171625	6789	Cucurbita pepo	Turkey	Sweet type. Seedsman, Amasya, Amasya.	Landrace	1089272
PI_171626	Dolmalik	Cucurbita pepo	Turkey	Seedsman, Tokat, Tokat.	Landrace	1122925
PI_171627	Erken	Cucurbita pepo	Turkey	NA	Landrace	1301546
PI_171628	6962	Cucurbita pepo	Turkey	Dark-colored type.	Landrace	1262913
PI_171629	6976	Cucurbita pepo	Turkey	Seed dealer Unye, Ordu.	Landrace	1799067
PI_171631	7059	Cucurbita pepo	Turkey	Sweet type.	Landrace	1152103
PI_171633	Dolmalik	Cucurbita pepo	Turkey	NA	Landrace	1416050
PI_171635	Dolmalik	Cucurbita pepo	Turkey	Seed store, Kars, Kars. Originally from Amasya.	Landrace	1065516
PI_171636	7041	Cucurbita pepo	Turkey	NA	Landrace	1012691
PI_172406	Dolmalik	Cucurbita pepo	Turkey	Agricultural agent, Bayburt, Gumusane.	Landrace	1333791
PI_172857	Dolma	Cucurbita pepo	Turkey	NA	Landrace	678357
PI_172858	7434	Cucurbita pepo	Turkey	Fruit dark colored.	Landrace	1051608
PI_172860	7519	Cucurbita pepo	Turkey	Sweet type.	Landrace	750067
PI_172861	Dolmalik	Cucurbita pepo	Turkey	NA	Landrace	1271615
PI_172863	Kedo	Cucurbita pepo	Turkey	NA	Landrace	1149385
PI_172866	7792	Cucurbita pepo	Turkey	Sweet type. From seed dealer, Van, Van.	Landrace	1142613
PI_172867	Dolmalik	Cucurbita pepo	Turkey	From seed dealer, Mardin, Mardin.	Landrace	1147982
PI_172868	8129	Cucurbita pepo	Turkey	Fruit dark-colored. From seed dealer, Mardin, Mardin.	Landrace	1018353
PI_172870	8232	Cucurbita pepo	Turkey	Seed dealer, Urfa, Urfa.	Landrace	1071449
PI_172871	Dolmalik	Cucurbita pepo	Turkey	Seed dealer, Urfa, Urfa.	Landrace	1134368
PI_172872	Dolma	Cucurbita pepo	Turkey	NA	Landrace	1886345
PI_172873	Dolma	Cucurbita pepo	Turkey	Seedsman, Maras, Maras.	Landrace	2008144
PI_172874	Dolmalik	Cucurbita pepo	Turkey	Gardener, Elbistan Maras.	Landrace	1186566
PI_172875	Mentise	Cucurbita pepo	Turkey	Seed dealer, Elazig, Elazig.	Landrace	1348397
PI_173680	7873	Cucurbita pepo	Turkey	Governer's garden, Hakari, Hakari.	Landrace	1126312
PI_173681	Yumurta	Cucurbita pepo	Turkey	Fruits 2 inches in diameter. Many fruit per plant.  Received as Cucurbita pepo var. ovifera.	Landrace	1531017
PI_173683	7984	Cucurbita pepo	Turkey	Sweet type.	Landrace	1392750
PI_173684	Dolmalik	Cucurbita pepo	Turkey	Seedsman, Malatya, Malatya.	Landrace	1166939
PI_173685	8646	Cucurbita pepo	Turkey	Winter type. Seedsman, Malatya, Malatya.	Landrace	983531
PI_173686	7878	Cucurbita pepo	Turkey	Governors garden, Hakari, Hakari.	Landrace	835254
PI_174178	Yumurta	Cucurbita pepo	Turkey	Received as Cucurbita pepo var. ovifera. Small, egg-shaped.  Seed dealer, Igdir, Kars.	Landrace	880831
PI_174179	Yemeklik	Cucurbita pepo	Turkey	NA	Landrace	1657524
PI_174180	Sakiz	Cucurbita pepo	Turkey	Resistant to scab.	Landrace	1385880
PI_174182	8057	Cucurbita pepo	Turkey	Seed dealer, Diyarbakir.	Landrace	1202176
PI_174183	Sakiz	Cucurbita pepo	Turkey	Resistant to scab. Seed dealer, Diyarbakir.	Landrace	2082127
PI_174184	Kestane	Cucurbita pepo	Turkey	Seed dealer, Mardin, Mardin. Received as mixture with C. maxima (C. maxima assigned PI 199031).	Landrace	1101318
PI_174185	Dolma	Cucurbita pepo	Turkey	Small type. Market, Urfa, Urfa.	Landrace	1145778
PI_174186	8312	Cucurbita pepo	Turkey	Market, Suruc, Urfa.	Landrace	840815
PI_174187	Dolma	Cucurbita pepo	Turkey	Market, Birecik, Urfa.	Landrace	928398
PI_174188	Dolmalik	Cucurbita pepo	Turkey	Seed dealer, Nizip, Gaziantep.	Landrace	1192990
PI_174189	Girit	Cucurbita pepo	Turkey	Market, Gaziantep, Gaziantep.	Landrace	1288266
PI_174190	Kosesefer	Cucurbita pepo	Turkey	NA	Landrace	1324629
PI_174192	Sakiz	Cucurbita pepo	Turkey	NA	Landrace	1229545
PI_174195	8177	Cucurbita pepo	Turkey	NA	Landrace	1052230
PI_175130	Kadu	Cucurbita pepo	India	Kadu = pumpkin/squash.	Landrace	1134315
PI_175704	Pumaha	Cucurbita pepo	Turkey	Sweet type pumpkin.	Landrace	1267797
PI_175705	5458	Cucurbita pepo	Turkey	NA	Landrace	930538
PI_175706	5998	Cucurbita pepo	Turkey	NA	Landrace	1412189
PI_175707	6048	Cucurbita pepo	Turkey	NA	Landrace	1136101
PI_175708	6066	Cucurbita pepo	Turkey	Sweet type.	Landrace	1160192
PI_175709	Dolma	Cucurbita pepo	Turkey	Market, Yozgat, Yozgar.	Landrace	728877
PI_175710	Dolma	Cucurbita pepo	Turkey	Market, Yozgat, Yozgat.	Landrace	1096940
PI_175711	Dolmalik	Cucurbita pepo	Turkey	Seed dealer, Kayseri, Kayseri.	Landrace	1501503
PI_175712	9146	Cucurbita pepo	Turkey	Dark colored type. Seed dealer, Kayseri, Kayseri.	Landrace	1187276
PI_175713	9544	Cucurbita pepo	Turkey	NA	Landrace	814765
PI_175714	Acir	Cucurbita pepo	Turkey	NA	Landrace	1009068
PI_176532	9564	Cucurbita pepo	Turkey	Yellow type pumpkin.	Landrace	986666
PI_176533	8811	Cucurbita pepo	Turkey	Sweet type pumpkin.	Landrace	1169087
PI_176534	Amasya	Cucurbita pepo	Turkey	Seed dealer, Amasya.  Originally from Amasya, Amasya.	Landrace	946404
PI_176535	8857	Cucurbita pepo	Turkey	NA	Landrace	1053143
PI_176536	Bal	Cucurbita pepo	Turkey	NA	Landrace	1513666
PI_176537	Sakiz	Cucurbita pepo	Turkey	NA	Landrace	1184614
PI_176538	Dolma	Cucurbita pepo	Turkey	Seed dealer, Sivas, Sivas.	Landrace	1132227
PI_176539	8997	Cucurbita pepo	Turkey	Seed dealer, Sivas, Sivas.	Landrace	1036412
PI_176541	Sakiz	Cucurbita pepo	Turkey	NA	Landrace	974279
PI_176543	Dolma	Cucurbita pepo	Turkey	Seed handler, Nigde, Nigde.	Landrace	958048
PI_176544	9275	Cucurbita pepo	Turkey	Grain market, Ereyli, Konya.  Originally from Mersin, Icel.	Landrace	1180146
PI_176545	Kolsus	Cucurbita pepo	Turkey	NA	Landrace	980114
PI_176546	Dolmalik	Cucurbita pepo	Turkey	Market, Aksehir, Konya.	Landrace	1286532
PI_176547	9393	Cucurbita pepo	Turkey	Winter type. Market, Aksehir, Konya.	Landrace	1424845
PI_176548	Sakiz	Cucurbita pepo	Turkey	NA	Landrace	1251013
PI_176549	Dolmalik	Cucurbita pepo	Turkey	Seed dealer, Kutahya, Kutahya.	Landrace	1180612
PI_176550	9543	Cucurbita pepo	Turkey	Market, Bilecik, Bilecik.	Landrace	1137229
PI_176551	9558	Cucurbita pepo	Turkey	Grain market, Eskisehir, Eskisehir.	Landrace	1984079
PI_176552	9561	Cucurbita pepo	Turkey	Cooking type.	Landrace	1770878
PI_176553	9576	Cucurbita pepo	Turkey	NA	Landrace	1454163
PI_176959	Dolma	Cucurbita pepo	Turkey	NA	Landrace	1085185
PI_176961	6152	Cucurbita pepo	Turkey	NA	Landrace	1259339
PI_176962	Gomleksiz	Cucurbita pepo	Turkey	Seeds without hull and oily.  Seed dealer, Konya, Konya.	Landrace	1117806
PI_176964	Sakiz	Cucurbita pepo	Turkey	NA	Landrace	1014051
PI_176965	Bal	Cucurbita pepo	Turkey	NA	Landrace	1239271
PI_177369	4394	Cucurbita pepo	Turkey	NA	Landrace	1149039
PI_177370	Dolmalik	Cucurbita pepo	Turkey	NA	Landrace	1034936
PI_177372	Dolmalik	Cucurbita pepo	Turkey	NA	Landrace	1249553
PI_177374	Cegirdigi	Cucurbita pepo	Turkey	NA	Landrace	1697310
PI_177375	Bal	Cucurbita pepo	Turkey	NA	Landrace	1354792
PI_177376	Bal	Cucurbita pepo	Turkey	NA	Landrace	1911974
PI_177377	Kusa	Cucurbita pepo	Syria	NA	Landrace	927358
PI_178896	5579	Cucurbita pepo	Turkey	NA	Landrace	1525063
PI_178897	5585	Cucurbita pepo	Turkey	Fruit dark colored.	Landrace	938866
PI_178898	9659	Cucurbita pepo	Turkey	NA	Landrace	1488630
PI_179267	Dolmalik	Cucurbita pepo	Turkey	NA	Landrace	1611420
PI_179268	Skiz	Cucurbita pepo	Turkey	NA	Landrace	1133922
PI_179269	5015	Cucurbita pepo	Turkey	NA	Landrace	1216022
PI_179270	5911	Cucurbita pepo	Turkey	NA	Landrace	1722520
PI_179271	6033	Cucurbita pepo	Turkey	NA	Landrace	1662655
PI_179273	9885	Cucurbita pepo	Iraq	"SD BORNE SMV" was in Accession Name field.  Market, Baghdad, Iraq.	Landrace	1197394
PI_179274	10105	Cucurbita pepo	Turkey	Common type.	Landrace	1996555
PI_181757	Beledi	Cucurbita pepo	Syria	Market, Damascus.	Landrace	996958
PI_181758	9917	Cucurbita pepo	Lebanon	NA	Landrace	1079617
PI_181759	Ikriki	Cucurbita pepo	Lebanon	NA	Landrace	1008837
PI_181760	9947	Cucurbita pepo	Lebanon	NA	Landrace	1262822
PI_181761	9954	Cucurbita pepo	Lebanon	NA	Landrace	2271037
PI_181763	Courge	Cucurbita pepo	Lebanon	Fruit white.	Landrace	1342156
PI_181764	Courge	Cucurbita pepo	Lebanon	NA	Landrace	1546581
PI_181878	Allepo No. 5	Cucurbita pepo	Syria	NA	Landrace	1229367
PI_181912	Hama No. 7	Cucurbita pepo	Syria	NA	Landrace	1447324
PI_181944	Homs No. 10	Cucurbita pepo	Syria	NA	Landrace	1307388
PI_182198	Kundur	Cucurbita pepo	Turkey	NA	Landrace	1385550
PI_182199	Dolmalik	Cucurbita pepo	Turkey	NA	Landrace	1240577
PI_182200	10442	Cucurbita pepo	Turkey	NA	Landrace	1462364
PI_182201	Dolma	Cucurbita pepo	Turkey	NA	Landrace	1481407
PI_182202	10575	Cucurbita pepo	Turkey	NA	Landrace	904268
PI_182203	10653	Cucurbita pepo	Turkey	NA	Landrace	1172780
PI_183232	NA	Cucurbita pepo	Egypt	Received as Cucurbita maxima.	Uncertain improvement status	1125307
PI_183678	Adana	Cucurbita pepo	Turkey	NA	Landrace	1938519
PI_185032	10910	Cucurbita pepo	Turkey	Sweet type.	Landrace	1696930
PI_185033	10912	Cucurbita pepo	Turkey	Dark colored type.	Landrace	1050960
PI_192941	Salad Melon Special	Cucurbita pepo	China	NA	Cultivar	1744364
PI_193499	8698	Cucurbita pepo	Ethiopia	Market, Diredawa.  Cucurbita maxima component of original seed lot was split and assigned PI 599586.	Landrace	1023860
PI_193501	8493	Cucurbita pepo	Ethiopia	NA	Uncertain improvement status	1427105
PI_193502	Zierkurbis	Cucurbita pepo	Ethiopia	NA	Uncertain improvement status	1369638
PI_197671	Ovifera-type	Cucurbita pepo	Mexico	A climbing vine; fruits varying from globose to ellipsoid, streaked green and yellow, 7.5 cm in diameter. Received as Cucurbita pepo var. ovifera.	Wild material	1126657
PI_199015	Selection from PI 172853	Cucurbita pepo	Turkey	Separation from Cucurbita maxima, PI 172853.	Landrace	1347958
PI_204693	176	Cucurbita pepo	Turkey	Kayseri bazaar.	Landrace	1440462
PI_204694	179	Cucurbita pepo	Turkey	Kayseri bazaar.	Landrace	1877502
PI_204695	419	Cucurbita pepo	Turkey	Malatya bazaar.	Landrace	1209802
PI_204696	423	Cucurbita pepo	Turkey	Malatya bazaar.	Landrace	1292315
PI_204697	431	Cucurbita pepo	Turkey	Malatya bazaar.	Landrace	1175304
PI_204698	432	Cucurbita pepo	Turkey	Malatya bazaar.	Landrace	1157445
PI_206426	879	Cucurbita pepo	Turkey	NA	Landrace	980373
PI_206956	741	Cucurbita pepo	Turkey	Bazaar, Giresun.	Landrace	997334
PI_206957	945	Cucurbita pepo	Turkey	Harasi Farm, Eskisehir.	Landrace	1326421
PI_207479	12693	Cucurbita pepo	Afghanistan	Small, round, light yellow. Received as Cucurbita moschata.	Landrace	1049193
PI_209783	Giessener Olkurbis	Cucurbita pepo	Germany	Naked seed.	Cultivated material	1826680
PI_212000	1	Cucurbita pepo	Iran	NA	Landrace	1462236
PI_212001	2	Cucurbita pepo	Iran	NA	Landrace	1511944
PI_212002	3	Cucurbita pepo	Iran	NA	Landrace	1212193
PI_212003	4	Cucurbita pepo	Iran	NA	Landrace	1711872
PI_212004	5	Cucurbita pepo	Iran	NA	Landrace	1329386
PI_212005	6	Cucurbita pepo	Iran	NA	Landrace	1138677
PI_212006	7	Cucurbita pepo	Iran	NA	Landrace	1097239
PI_212007	8	Cucurbita pepo	Iran	NA	Landrace	866772
PI_212008	9	Cucurbita pepo	Iran	NA	Landrace	1820347
PI_212010	11	Cucurbita pepo	Iran	Received as mixture of C. pepo and C. maxima.  C. maxima portion assigned PI 265558.	Landrace	1064420
PI_212012	13	Cucurbita pepo	Iran	NA	Landrace	1031385
PI_212013	14	Cucurbita pepo	Iran	NA	Landrace	1088903
PI_212014	NA	Cucurbita pepo	Iran	Mixture of C. pepo and C. moschata (PI 222760).	Landrace	1715224
PI_212060	NA	Cucurbita pepo	Greece	NA	Uncertain improvement status	1678411
PI_212214	NA	Cucurbita pepo	Greece	NA	Uncertain improvement status	1436506
PI_214122	Escariote	Cucurbita pepo	Bolivia	NA	Uncertain improvement status	986771
PI_216032	13764	Cucurbita pepo	India	Summer squash type. Market, Delhi.	Landrace	1718596
PI_219694	14147	Cucurbita pepo	Pakistan	Fruit from original grow-out does not match donor description.  Donor description: fruit white; used for confectionary.  Fruit oblong, green with raised ribs.	Uncertain improvement status	1175734
PI_222100	Kadoo-i-Kabuli (Kabuli's Pumpkin)	Cucurbita pepo	Afghanistan	They sow its seeds in first spring. Irrigated.  Round, sweet, inside color white, outside light green with white points.  People cook it as a food. (Kadu, Kaddu, Kadoo = pumpkin/squash.)	Landrace	1250505
PI_222246	Kadoo	Cucurbita pepo	Iran	Market, Tehran.  (Kadoo, Kadu, Kaddu = pumpkin/squash.)	Landrace	1182979
PI_222247	1419	Cucurbita pepo	Iran	Market, Tehran.	Landrace	1069539
PI_222721	Tokhim-i-Kadoo	Cucurbita pepo	Iran	Market, Khoy, Azerbaijan. (Kadoo, Kadu, Kaddu = pumpkin/squash.)	Landrace	1302801
PI_222722	Kadoo	Cucurbita pepo	Iran	Market, Kermanshah.  (Kadoo, Kadu, Kaddu = pumpkin/squash.)	Landrace	1629339
PI_222786	Kadoo	Cucurbita pepo	Iran	(Kadoo, Kadu, Kaddu = pumpkin/squash.)	Landrace	925989
PI_223352	Kadoo	Cucurbita pepo	Iran	Fruit small, elongate. (Kadoo, Kadu, Kaddu = pumpkin/squash.)	Landrace	1296956
PI_223354	Kadoo	Cucurbita pepo	Iran	(Kadoo, Kadu, Kaddu = pumpkin/squash.)	Landrace	1268749
PI_223773	Shir-Kadoo	Cucurbita pepo	Afghanistan	(Kadoo, Kadu, Kaddu = pumpkin/squash.)	Landrace	1646696
PI_226511	Keds	Cucurbita pepo	Iran	Market, Ahwaz.	Landrace	1223293
PI_227237	14868	Cucurbita pepo	Iran	Color greenish; cooked as a vegetable.	Landrace	1026156
PI_227298	14699	Cucurbita pepo	Iran	Market, Kazerun.	Landrace	1775659
PI_227299	14781	Cucurbita pepo	Iran	Market, Kerman.	Landrace	990875
PI_229531	15377	Cucurbita pepo	Iran	NA	Landrace	1879123
PI_229688	15761	Cucurbita pepo	Iran	Market, Sari, Caspian plain.	Landrace	1306237
PI_230181	NA	Cucurbita pepo	Turkey	Fruits globose, sharply ribbed; color dark green, 3.5 inches in diameter; flesh light orange, about 0.66 inch thick.	Landrace	977666
PI_232072	Little Gem	Cucurbita pepo	South Africa	Fruits 3.5 inches in diameter.	Cultivar	975332
PI_234252	G56-31B	Cucurbita pepo	Argentina	NA	Uncertain improvement status	1546109
PI_234614	Little Gem	Cucurbita pepo	South Africa	Appears to be a mixture - some fruits look like 'Little Gem', others much larger.	Cultivar	1479487
PI_234615	Long White Bush	Cucurbita pepo	South Africa	NA	Cultivar	1706991
PI_234616	Long Green Bush	Cucurbita pepo	South Africa	NA	Cultivar	1017063
PI_234617	Skorsie	Cucurbita pepo	South Africa	Skorsie = squash	Uncertain improvement status	1809923
PI_234618	Long White Bush	Cucurbita pepo	Australia	NA	Cultivar	1353339
PI_251791	NA	Cucurbita pepo	Unknown	Source unknown.	Uncertain improvement status	1454612
PI_256063	NA	Cucurbita pepo	Afghanistan	NA	Uncertain improvement status	1233154
PI_256064	Mashidi pumpkin	Cucurbita pepo	Afghanistan	NA	Uncertain improvement status	1764956
PI_257287	Green Marrow	Cucurbita pepo	Spain	Received s Cucurbita maxima, re-ID per QS22 12/65 to C. pepo, squash.	Uncertain improvement status	1548278
PI_260653	Dnepropetrovsk	Cucurbita pepo	Ukraine	A bush type.	Uncertain improvement status	1120361
PI_261610	Calabacin	Cucurbita pepo	Spain	Eight inches long.	Uncertain improvement status	875202
PI_261780	Precoce Maraichere	Cucurbita pepo	France	An early type.	Cultivar	1027510
PI_265560	Selection of PI 221923	Cucurbita pepo	Afghanistan	Received as Cucurbita maxima. Plants growing at the NCRPIS and NERPIS.  This is the C. pepo component of PI 221923 (C. maxima). Vine medium in size; leaves small; fruit seven inches, globose; skin light to medium green with orange.	Landrace	1235741
PI_266925	Giessener Buscholkurbis	Cucurbita pepo	Germany	Bush type; naked seed.	Cultivated material	1172944
PI_267660	Green Long No. 1	Cucurbita pepo	United States	Midseason variety; vine of medium vigor; fruits 12 by 5 inches, tapering oblong, dark green netted, orange striped; flesh one inch thick; seeds dark green; embryo naked. Some fruits have dark orange flesh.	Uncertain improvement status	1535599
PI_267661	Green Long No. 2	Cucurbita pepo	United States	Midseason variety; vigorous vine; fruit 13 by 5 inches, oblong, with 10 faint ridges, deep orange, netted; flesh one inch thick, orange; seeds dark green; embryo naked.	Uncertain improvement status	1180467
PI_267662	Green Stripe	Cucurbita pepo	United States	Midseason variety; vine of medium vigor; fruits 12 by 5 inches, oblong, smooth, deep orange, green striped; flesh 0.75 inch thick, orange, seeds dark green; embryo naked.	Uncertain improvement status	947526
PI_267663	Yellow Oval	Cucurbita pepo	United States	Vigorous prolific vine; earliest fruit semi-globe 9 by 7 inches, smooth, deep orange, netted; flesh one inch thick, yellow or cream; seeds dark green; embryo naked.	Uncertain improvement status	1052403
PI_267664	Yellow Long	Cucurbita pepo	United States	Midseason variety; vigorous vine; fruit oblong, 11.5 by 5 inches, smooth, deep orange netted; flesh 0.75 inch, yellow or orange; seeds dark green; embryo naked.	Uncertain improvement status	1330718
PI_267755	Vegetable Marrow	Cucurbita pepo	United Kingdom	Table variety. Plants runners, vigorous, early maturing; fruit dark green, striped orange, smooth, oblong, 11 by 5 inches, four per plant. Susceptible to mosaic and powdery mildew.	Uncertain improvement status	1838729
PI_267756	Dolma	Cucurbita pepo	Turkey	Accession PI 174167 received as mixture of Cucumis sativus and Cucurbita pepo - C. pepo given new number.  Plants vigorous, midseason variety, much branched; vines to 20 feet long; fruit deep tan, bowling pin or pear shaped; rind hard; good keeper, excellent quality.	Uncertain improvement status	1404327
PI_267757	Buff Pie	Cucurbita pepo	United States	Plants vigorous, early maturing; fruit deep orange, 7 by 8.5 inches, globe, 20 faint grooves, 10 per plant. Prized for pie filling.	Cultivar	1470288
PI_267758	Saki Kabagi	Cucurbita pepo	Turkey	Plants vigorous, early maturing; half-runner; leaves 15-pointed; fruit cream colored, 12 ridged, 14 by 4 inches; flesh deep.  Some resistance to powdery mildew.	Uncertain improvement status	971708
PI_267759	Murdurlugu	Cucurbita pepo	Turkey	Plants vigorous, bush type, early maturing; fruit cream orange, oblong, 10-ridged, 18 by 4 inches; flesh deep; seed cavity small. Susceptible to powdery mildew.	Uncertain improvement status	1325504
PI_268381	288	Cucurbita pepo	Afghanistan	Kabul bazaar.	Landrace	1557798
PI_269483	Petah	Cucurbita pepo	Pakistan	Hangu bazaar.  Received as Cucurbita maxima, reid to C. pepo QS37 12/1969.	Landrace	1538663
PI_274336	NA	Cucurbita pepo	Guatemala	NA	Uncertain improvement status	2313011
PI_274787	Yellow Round	Cucurbita pepo	India	NA	Landrace	1664879
PI_282486	GC 59	Cucurbita pepo	United States	Similar to GC 58 (PI 282485), except yellow star very subdued. Seed from selfed fruit 5985-4. Comments from CG 58 similar to GC 57 (PI 282484), except yellow star not prominent.  Comments from GC 57 (PI 282484) 'Meader Star' from the Univ. of New Hampshire, Durham. 'Table Queen' shape with yellow star on proximal end; seed naked.	Cultivated material	1664142
PI_282487	GC 60	Cucurbita pepo	United States	Self-pollinated fruit from prolific bush plant; fruit resembles 'Little Gem', but more flattened. Edible and ornamental.	Cultivated material	1381538
PI_285213	NA	Cucurbita pepo var. texana	United States	NA	Wild material	1094392
PI_285611	NA	Cucurbita pepo	Poland	NA	Uncertain improvement status	1648942
PI_288240	Eskandarany	Cucurbita pepo	Egypt	Bush type; runner length variable; fruits simlar to 'Cocozelle'; color variable.	Landrace	1714740
PI_288241	Eskandarany (Dokki form)	Cucurbita pepo	Egypt	Dokki form.  Male sterile strain. May yield 50 percent male sterile plants or all may be heterozygous for male sterility and plants grown from them must be selfed before male sterility appears.  Plants vigorous; stems branched; leaves not deeply cleft, somewhat blotched; fruit similar to zucchini but rind light green as desired in Egypt.  Seeds provided to Dr. H.M. Munger by Mr. Hamdy M Eisa.  Male sterile plant found in the process of inbreeding the 'Balady' or "native" variety of summer squash at the Vegetable Research Station, Ministry of Agriculture, Dokki, UAR. (Per Vegetable Improvement Newsletter No. 7, 1965.)	Landrace	1336895
PI_291254	174	Cucurbita pepo	China	Early Chinese white vegetable marrow.	Landrace	1480768
PI_292014	White Bush Squash	Cucurbita pepo	Israel	NA	Cultivar	1031607
PI_293433	NA	Cucurbita pepo	Lebanon	NA	Uncertain improvement status	1013232
PI_293791	1341	Cucurbita pepo	Uzbekistan	Tashkent bazaar, Uzbeck Republic.  Fruit small, round, harvested August.	Landrace	1181165
PI_296388	NA	Cucurbita pepo	Iran	Received as Cucurbita moschata, reid to C. pepo QS 61 03/1980.	Landrace	1160131
PI_299574	Marrow	Cucurbita pepo	South Africa	Fruits shape and size variable, with distinctive knobs, mottled green when immature, deep orange when ripe, pumpkin shaped, about 7in in diameter. South Africa's most popular variety.	Uncertain improvement status	1127869
PI_299575	Little Gem	Cucurbita pepo	South Africa	NA	Cultivar	1001992
PI_302418	Omaha Pumpkin	Cucurbita pepo	United States	Short globose or obovate fruit, 9 to 10 inches by 5 to 7 inches, skin orange, flesh orange 1 to 1.5 inches thick.  Reported to have resistance to pickleworm.	Cultivar	1526441
PI_304061	Kadu	Cucurbita pepo	Pakistan	Kadu, Kaddu, Kadoo = pumpkin/squash. Component of PI 269484 (Cucurbita maxima).  Bush vigor fair.  Fruit oblong 3 by 18 cm, ridged, netted, yellowish grey, weight 3.9 kg.; flesh orange, seeds small, pointed oval, white with brown rim. Early maturity. Susceptible to mosiac and powdery mildew.	Landrace	778745
PI_306126	Jantra	Cucurbita pepo	Bulgaria	NA	Uncertain improvement status	972167
PI_311102	Culabasa	Cucurbita pepo	Guatemala	Market in Huehuetenango.	Landrace	1512198
PI_311103	Culabasa	Cucurbita pepo	Guatemala	Market in Huehuetenango.	Landrace	1117249
PI_311741	Pulawska	Cucurbita pepo	Poland	NA	Uncertain improvement status	861509
PI_314806	566	Cucurbita pepo	Netherlands	Received as Cucurbita sp.; identified as C. mixta per QS37; and re-id to C.pepo 04/05/1999. Bush type.	Uncertain improvement status	1354039
PI_318826	22068	Cucurbita pepo	Mexico	Cultivated by the Tarahumara Indians.	Landrace	1128071
PI_318830	Calabasa	Cucurbita pepo	Mexico	Used as summer squash when young and tender. Resembles zucchini.	Landrace	902953
PI_344070	22374	Cucurbita pepo	Turkey	Cultivated for edible seeds.	Cultivated material	1066298
PI_344071	22696	Cucurbita pepo	Turkey	Eaten immature.	Cultivated material	1032498
PI_344354	Sakiz	Cucurbita pepo	Turkey	NA	Landrace	1511845
PI_344356	Kolu Kara Kabak	Cucurbita pepo	Turkey	Kabak = pumpkin/squash.	Landrace	1583023
PI_344357	Kolsus	Cucurbita pepo	Turkey	NA	Landrace	935938
PI_344358	Kose Seker	Cucurbita pepo	Turkey	NA	Landrace	992587
PI_344359	Gririt	Cucurbita pepo	Turkey	NA	Landrace	1088837
PI_355054	Mosamai	Cucurbita pepo	Iran	Reported to carry mosaic resistance.  Received as C. maxima.	Landrace	1833127
PI_357892	Cajcarinja	Cucurbita pepo	Macedonia	NA	Landrace	2249106
PI_357893	Cincarka	Cucurbita pepo	Macedonia	NA	Landrace	1014167
PI_357921	Bela gotvarska	Cucurbita pepo	Macedonia	NA	Landrace	1341710
PI_357922	Bela negotinska	Cucurbita pepo	Macedonia	NA	Landrace	1037535
PI_357923	Strumicka	Cucurbita pepo	Macedonia	NA	Landrace	1094534
PI_357924	Radoviska sakaska	Cucurbita pepo	Macedonia	NA	Landrace	1292525
PI_357925	Stipska sakaska	Cucurbita pepo	Macedonia	NA	Landrace	1046297
PI_357926	Mekokorka	Cucurbita pepo	Macedonia	NA	Landrace	1342029
PI_357927	Zelenokorka	Cucurbita pepo	Macedonia	NA	Landrace	1035457
PI_357928	Vojnicka	Cucurbita pepo	Macedonia	NA	Landrace	1060039
PI_357929	Zelena	Cucurbita pepo	Macedonia	NA	Landrace	1138902
PI_357930	Prilepska	Cucurbita pepo	Macedonia	NA	Landrace	1702722
PI_357931	Prilepska	Cucurbita pepo	Macedonia	Bi-color gourds, solid and striped; "spoon" type - pyriform.	Landrace	1922982
PI_357932	Sakaska	Cucurbita pepo	Macedonia	NA	Landrace	1410696
PI_357933	Stocna	Cucurbita pepo	Macedonia	NA	Landrace	1526184
PI_357935	Zoltokorka	Cucurbita pepo	Macedonia	NA	Landrace	1476530
PI_357936	Sarena	Cucurbita pepo	Macedonia	NA	Landrace	1396286
PI_357937	Zolta	Cucurbita pepo	Macedonia	NA	Landrace	976275
PI_357938	Temnozelena	Cucurbita pepo	Macedonia	NA	Landrace	1049721
PI_357939	Crna	Cucurbita pepo	Macedonia	NA	Landrace	1081590
PI_357940	Ohirdska	Cucurbita pepo	Macedonia	NA	Landrace	1323412
PI_357941	Talijanska	Cucurbita pepo	Macedonia	NA	Landrace	1652958
PI_357942	Lazecka	Cucurbita pepo	Macedonia	NA	Landrace	1623870
PI_357943	Slatkarka	Cucurbita pepo	Macedonia	NA	Landrace	1561541
PI_357944	Sopska	Cucurbita pepo	Macedonia	NA	Landrace	1029316
PI_357947	Zelnikarka	Cucurbita pepo	Macedonia	NA	Landrace	1179551
PI_357948	Bucinka	Cucurbita pepo	Macedonia	NA	Landrace	1733045
PI_357949	Bolta	Cucurbita pepo	Macedonia	NA	Landrace	1287921
PI_357950	Bela	Cucurbita pepo	Macedonia	NA	Landrace	1012586
PI_357952	Kontamisi	Cucurbita pepo	Macedonia	Vegetable Marrow.	Landrace	1900159
PI_357953	Kunkulpete	Cucurbita pepo	Macedonia	NA	Landrace	1869195
PI_357954	Crna	Cucurbita pepo	Macedonia	NA	Landrace	1215262
PI_357955	Bela sakaska	Cucurbita pepo	Macedonia	NA	Landrace	1404742
PI_357956	Koselska	Cucurbita pepo	Macedonia	NA	Landrace	1936329
PI_357957	Zelena	Cucurbita pepo	Macedonia	NA	Landrace	993930
PI_357960	Resenska	Cucurbita pepo	Macedonia	NA	Landrace	1587083
PI_357961	Zelenikovska	Cucurbita pepo	Macedonia	NA	Landrace	1881471
PI_357962	Novo-selska	Cucurbita pepo	Macedonia	NA	Landrace	1275784
PI_357963	Volovarska	Cucurbita pepo	Macedonia	NA	Landrace	1762317
PI_357964	Volovska	Cucurbita pepo	Macedonia	NA	Landrace	2054153
PI_357965	Bukovska	Cucurbita pepo	Macedonia	NA	Landrace	971828
PI_357966	Zolta Dolga	Cucurbita pepo	Macedonia	NA	Landrace	1217082
PI_357967	Bela svinska	Cucurbita pepo	Macedonia	NA	Landrace	1389593
PI_357968	Gotvarska	Cucurbita pepo	Macedonia	NA	Landrace	1181009
PI_357969	Bitolska	Cucurbita pepo	Macedonia	NA	Landrace	1062814
PI_357970	Lazecka	Cucurbita pepo	Macedonia	NA	Landrace	1091908
PI_357971	Kukurecanska	Cucurbita pepo	Macedonia	NA	Landrace	1144496
PI_357972	Przalka	Cucurbita pepo	Macedonia	NA	Landrace	1613056
PI_357973	Mokrinska	Cucurbita pepo	Macedonia	NA	Landrace	1143980
PI_357974	Dekorativna	Cucurbita pepo	Macedonia	NA	Landrace	1489255
PI_364240	Gribovskaja 14	Cucurbita pepo	Russian Federation	Naked seed.  'Golosemyannaya 14' per VIR database; marrow type; annual advanced cultivar entering katalog in 1953.	Cultivar	1454527
PI_364241	Hejatlan Magn	Cucurbita pepo	Hungary	Naked seed.	Uncertain improvement status	1959896
PI_368586	Zolta	Cucurbita pepo	Macedonia	NA	Landrace	1272705
PI_368587	Stocna	Cucurbita pepo	Macedonia	NA	Landrace	1178835
PI_368588	Zelena	Cucurbita pepo	Macedonia	NA	Landrace	1040651
PI_368589	Okrugla	Cucurbita pepo	Macedonia	NA	Landrace	1061043
PI_368590	Elipsovidna	Cucurbita pepo	Macedonia	NA	Landrace	1740851
PI_368591	Tikvica	Cucurbita pepo	Macedonia	NA	Landrace	1266132
PI_368592	Volovska	Cucurbita pepo	Macedonia	NA	Landrace	1274097
PI_368593	Izdolzena	Cucurbita pepo	Macedonia	NA	Landrace	1077819
PI_368594	Zolta	Cucurbita pepo	Macedonia	NA	Landrace	1344590
PI_368595	Trkalezna	Cucurbita pepo	Macedonia	NA	Landrace	1077301
PI_368596	Zelena	Cucurbita pepo	Macedonia	NA	Landrace	1336730
PI_368597	Cilindricna	Cucurbita pepo	Macedonia	NA	Landrace	1273147
PI_368598	Zolto zelena	Cucurbita pepo	Macedonia	NA	Landrace	1443193
PI_368599	Tikvica	Cucurbita pepo	Macedonia	NA	Landrace	1304573
PI_368600	Obicna	Cucurbita pepo	Macedonia	NA	Landrace	1301348
PI_368601	Stocna	Cucurbita pepo	Macedonia	NA	Landrace	1332372
PI_368602	Pcenkarna stara	Cucurbita pepo	Macedonia	NA	Landrace	1136404
PI_368604	Stocna	Cucurbita pepo	Macedonia	NA	Landrace	946553
PI_368605	Tikvica bela	Cucurbita pepo	Macedonia	Vegetable Marrow.	Landrace	1391868
PI_368606	Zeljanka	Cucurbita pepo	Macedonia	NA	Landrace	1152866
PI_368607	Furazna	Cucurbita pepo	Macedonia	Vegetable Marrow.	Landrace	1064923
PI_368608	Lokalna	Cucurbita pepo	Macedonia	NA	Landrace	1304512
PI_368609	Tikva svinjska	Cucurbita pepo	Macedonia	NA	Landrace	1232992
PI_368610	Pcenkarka	Cucurbita pepo	Macedonia	NA	Landrace	1065013
PI_368611	Golo semka	Cucurbita pepo	Macedonia	NA	Landrace	1196506
PI_368612	Crna furazna	Cucurbita pepo	Macedonia	NA	Landrace	742268
PI_368614	Golo semka	Cucurbita pepo	Macedonia	NA	Landrace	670712
PI_368615	Obicna tikva	Cucurbita pepo	Macedonia	NA	Landrace	1240482
PI_368616	Tikva obicna	Cucurbita pepo	Macedonia	NA	Landrace	1073778
PI_368617	Ukrasna	Cucurbita pepo	Macedonia	NA	Landrace	966271
PI_370462	Volovksa	Cucurbita pepo	Macedonia	Vegetable Marrow.	Landrace	1214964
PI_370463	Pcenkarka	Cucurbita pepo	Macedonia	NA	Landrace	1106919
PI_370464	Klecovska	Cucurbita pepo	Macedonia	NA	Landrace	764152
PI_370465	Stocna	Cucurbita pepo	Macedonia	NA	Landrace	979524
PI_370466	Govedska	Cucurbita pepo	Macedonia	NA	Landrace	1220564
PI_370467	Badarska	Cucurbita pepo	Macedonia	NA	Landrace	1177785
PI_379302	Prstesta	Cucurbita pepo	Macedonia	NA	Wild material	999820
PI_379307	Tikvica	Cucurbita pepo	Serbia	NA	Landrace	946240
PI_379308	Furazna	Cucurbita pepo	Macedonia	NA	Landrace	1389466
PI_379309	Volovska	Cucurbita pepo	Macedonia	NA	Landrace	762391
PI_379310	Zeljanka	Cucurbita pepo	Macedonia	NA	Landrace	688118
PI_379311	Golosemenka	Cucurbita pepo	Macedonia	Hull-less seed present.	Landrace	1043337
PI_379312	Volovska	Cucurbita pepo	Macedonia	NA	Landrace	749840
PI_379313	Zelnikarka	Cucurbita pepo	Macedonia	NA	Landrace	836286
PI_379314	Tikvica	Cucurbita pepo	Macedonia	NA	Landrace	613183
PI_379315	Tikvica	Cucurbita pepo	Macedonia	NA	Landrace	1044466
PI_379316	Tikvica	Cucurbita pepo	Macedonia	NA	Landrace	1001086
PI_379317	Tikvica	Cucurbita pepo	Macedonia	Tikvica = squash, gourd.	Landrace	679085
PI_379318	Svinska	Cucurbita pepo	Macedonia	NA	Landrace	1135793
PI_379319	Golosemenka	Cucurbita pepo	Macedonia	NA	Landrace	1156862
PI_379321	Biskarak	Cucurbita pepo	Macedonia	NA	Landrace	668358
PI_379322	Gotvarska	Cucurbita pepo	Macedonia	NA	Landrace	951743
PI_379323	Stocna	Cucurbita pepo	Macedonia	NA	Landrace	1056477
PI_379324	Volovska	Cucurbita pepo	Macedonia	NA	Landrace	827757
PI_381323	Vegetable Spaghetti	Cucurbita pepo	Japan	Received as C. maxima.	Cultivar	1088246
PI_385969	Ambassador F1 Hybrid	Cucurbita pepo	Kenya	Intense dark green fruit, almost black. Nonrunning (bush type), excellent keeping quality. Received as Cucurbita maxima.  Ambassador (189-180-4) - Breeder: Petoseed Co. Parentage: hybrid of two inbreds. Characteristics: very early Zucchini type; open habit; very prolific; good cylindrical shape; straight. Similar: Zucchini Hybrid but darker green. Adaptation: wide. 1967.	Cultivar	834226
PI_385970	Dark Green Milan (Courgette)	Cucurbita pepo	Kenya	High yielder. Received as Cucurbita maxima.	Cultivar	1983232
PI_406678	NA	Cucurbita pepo	Turkey	Thin skinned (skinless).	Landrace	1179985
PI_406679	NA	Cucurbita pepo	Turkey	Thin skinned (skinless).	Landrace	966769
PI_418966	Hua Yeh	Cucurbita pepo	China	Calabash. Bush small, short internodes. Fruit green, flat, round. Early maturity, high yield.	Cultivated material	745064
PI_420328	Turkey	Cucurbita pepo	NA	Seedcoat thin, white.	Landrace	673466
PI_420329	Turkey	Cucurbita pepo	NA	Seedcoat segregating for thickness, white.	Landrace	1040856
PI_420330	Turkey	Cucurbita pepo	NA	Seedcoat very thin, silver.	Landrace	849130
PI_420331	Turkey	Cucurbita pepo	NA	Seedcoat thin, white.	Landrace	747076
PI_420332	Turkey	Cucurbita pepo	NA	Seedcoat segregating for thickness, white.	Landrace	835174
PI_427095	NA	Cucurbita pepo	China	Leaves pubescent. Fruit oblong, dark green. Growth period 50 to 60 days.	Uncertain improvement status	778671
PI_431582	Pusa Alankar	Cucurbita pepo	India	NA	Cultivated material	881855
PI_438575	Guicoy	Cucurbita pepo	Guatemala	Fruit flat, ribbed, orange color, 25cm wide, 15cm long. Flesh orange, lemon odor. Received as C. maxima.	Landrace	1063775
PI_438696	WC 2412	Cucurbita pepo	Mexico	Seeds tan. Received as Cucurbita ficifolia.	Landrace	810407
PI_438699	WC 2072	Cucurbita pepo	Mexico	Fruit oblate, slightly ribbed, dull yellow and green, rind hard, flesh orange. Received as Cucurbita mixta.	Landrace	1005704
PI_438700	WC 2122	Cucurbita pepo	Mexico	Received as Cucurbita mixta.	Landrace	1193226
PI_438711	WC 2300	Cucurbita pepo	Mexico	Received as Cucurbita mixta.	Landrace	1098382
PI_438716	Huiche	Cucurbita pepo	Mexico	Fruit obovate, slightly ribbed, mottled light and dark green. Peduncle not flared. Seeds slender, to 3cm long, tan. Received as Cucurbita mixta.	Landrace	1011118
PI_438717	Huiche	Cucurbita pepo	Mexico	Seeds long, slender, tan. Received as Cucuribta mixta.	Landrace	1194747
PI_438822	Calabasa Chica	Cucurbita pepo	Mexico	NA	Landrace	698859
PI_438823	Grandota Criolla	Cucurbita pepo	Mexico	NA	Landrace	600307
PI_442260	Calabaza de Castilla	Cucurbita pepo	Mexico	Fruits dark green, tan to maturity, inverted bell-shape, 30cm long, 23cm diam.  Rind 1 mm thick. Flesh lemon yellow. Received as C. moschata.	Landrace	855386
PI_442291	Calabaza	Cucurbita pepo	Mexico	NA	Landrace	903230
PI_442292	Calabaza de India	Cucurbita pepo	Mexico	Primitive plant.	Landrace	961370
PI_442293	Calabasa de India	Cucurbita pepo	Mexico	Fruits green, light green spotted, cylindrical, 26cm long, 19cm diam. Rind 1 mm  thick. Flesh yellowish-white.	Landrace	835767
PI_442294	Calabasa de India	Cucurbita pepo	Mexico	Fruits dark green, light green stripes, cylindrical, 26cm long, 13cm diam.	Landrace	905061
PI_442295	Calabaza de India	Cucurbita pepo	Mexico	Fruits green, light green mottled, round-flattened shape, 12cm long, 19cm diam.  Rind 2mm thick. Flesh lemon yellow.	Landrace	644384
PI_442296	Calabaza de India	Cucurbita pepo	Mexico	Fruits light green, white spots, yellow at maturity, round-cylindrical, 18cm long, 13cm diam. Rind 2mm thick. Flesh lemon yellow.	Landrace	831962
PI_442297	Calabaza de India	Cucurbita pepo	Mexico	Fruits cream-white, mottled dark green stripes, round, 20cm long, 19cm diam. Rind 2mm thick. Locules separate. Flesh lemon yellow.	Landrace	831632
PI_442298	Calabaza de India	Cucurbita pepo	Mexico	Fruits solid white, round-flattened, 16cm long, 20cm diam. Flesh lemon yellow.  Center hollow, triangular. Seeds frequently sterile or germinating prematurely.	Landrace	878899
PI_442299	Calabaza de India	Cucurbita pepo	Mexico	Fruits yellowish, dark green stripes, turban-shaped, 20cm long, 17cm diam. Rind  4mm thick. Flesh orange-yellow. Strong pumpkin odor.	Landrace	1082903
PI_442300	Calabaza de India	Cucurbita pepo	Mexico	Fruits light green, dark green stripes, lemon yellow at maturity, round-elongate, 19cm long, 8cm diam. Rind 4mm thick. Flesh lemon yellow. Unpleasant aroma.	Landrace	818828
PI_442304	Calabaza de India	Cucurbita pepo	Mexico	Fruits light green, orange at maturity, almost round,  14cm long, 20cm diam. Rind 1.5mm thick. Flesh lemon yellow.	Landrace	1084634
PI_442305	Calabaza de India	Cucurbita pepo	Mexico	Fruits white, round, 13cm long, 10cm diam. Rind 2mm thick. Flesh greenish-white.	Landrace	1054520
PI_442306	Calabaza de India	Cucurbita pepo	Mexico	Fruits smooth, greenish, dark green stripes,  yellow at maturity, round-oblong, 19cm long, 17cm diam. Rind 2mm. Placenta solid. Flesh orange-yellow.	Landrace	771297
PI_442307	Calabaza de India	Cucurbita pepo	Mexico	Vine. Fruits dark green, probably immature, cylindrical, 19cm long, 16cm diam. Rind 3cm thick. Placenta solid. Flesh lemon-yellow. Seeds immature.	Landrace	958468
PI_442308	Calabaza de India	Cucurbita pepo	Mexico	Fruits green, white spotting, white at maturity, cylindrical, 16cm long, 14cm diam.	Landrace	950703
PI_442309	Calabaza de India	Cucurbita pepo	Mexico	Fruits light green on white background, cylindrical, 15cm long, 14cm diam.	Landrace	1153255
PI_442310	Calabaza de India	Cucurbita pepo	Mexico	Fruits light green-mottled, white at maturity, cylindrical, 19cm long, 16cm diam.	Landrace	1124764
PI_442311	Calabaza de India	Cucurbita pepo	Mexico	Fruits light green-mottled, creamy white at maturity, oval, 30cm long, 17cm diam.	Landrace	835971
PI_442313	Calabaza de India	Cucurbita pepo	Mexico	Fruits white with green stripes, creamy white at maturity, flattened-round, 13 cm long, 16cm diam.	Landrace	1012726
PI_442314	Calabaza de India	Cucurbita pepo	Mexico	Fruits light green, white spots, short, cylindrical, 17cm long, 16cm diam.	Landrace	729217
PI_442315	Calabaza de India	Cucurbita pepo	Mexico	Fruits light green, mottled, cylindrical, 17cm long, 17cm diam.	Landrace	978780
PI_442316	Calabaza de India	Cucurbita pepo	Mexico	Fruits dark green, some mottling, cylindrical, 24cm long, 15cm diam.	Landrace	917735
PI_442317	Calabaza de India	Cucurbita pepo	Mexico	Fruits light green, white mottling, pyriform, 17cm long, 17cm diam.	Landrace	1046597
PI_442318	Calabaza de India	Cucurbita pepo	Mexico	Fruits green, some mottling, round, 13cm long, 13cm diam.	Landrace	1262229
PI_442319	Calabaza de India	Cucurbita pepo	Mexico	Fruits green, mottled, cylindrical, 23cm long, 16cm diam.	Landrace	1026472
PI_442320	Calabaza de India	Cucurbita pepo	Mexico	Fruits white, green stripes, pyriform-cylindrical, 19cm long, 11cm diam.	Landrace	1251084
PI_442321	Calabaza de Manteca	Cucurbita pepo	Mexico	Fruits light green, white spots, 17cm long, 13cm diam.	Landrace	1142068
PI_442322	Calabaza de Manteca	Cucurbita pepo	Mexico	Fruits light green, white spots, oval, 18cm long, 14cm diam.	Landrace	1562781
PI_442325	Calabaza de Manteca	Cucurbita pepo	Mexico	Fruits light green, lighter green mottling, cylindrical, 25cm long, 12cm diam.	Landrace	772238
PI_442331	Calabaza de Castilla	Cucurbita pepo	Mexico	Fruits green, light green stripes, oblong-cylindrical, 18cm long, 15cm diam.	Landrace	784404
PI_442335	Calabaza	Cucurbita pepo	Mexico	Fruits with light green mottling, cream at maturity, oblong-cylindrical, 22cm long, 16cm diam.	Landrace	567560
PI_442339	K792-266	Cucurbita pepo	Mexico	NA	Landrace	864091
PI_442791	Little Gem	Cucurbita pepo	South Africa	Fruits orange-yellow at maturity, weigh 140 to 225 grams. Flesh yellow, slightly fibrous, good taste. Most popular of all squashes in South Africa.	Cultivar	1398093
PI_442792	Rolet	Cucurbita pepo	South Africa	Fruits remain dark green, size of large orange.	Cultivar	1280065
PI_449350	Ixchil	Cucurbita pepo	Guatemala	NA	Landrace	658846
PI_451849	Guicoy	Cucurbita pepo	Guatemala	Fruit with small, white dot on bottom.	Landrace	1519368
PI_451851	Guicoy	Cucurbita pepo	Guatemala	Fruit zucchini-shaped.	Landrace	1030294
PI_451852	Guicoy	Cucurbita pepo	Guatemala	Fruit flying saucer shaped.	Landrace	1241517
PI_451853	Guicoy	Cucurbita pepo	Guatemala	Fruit with large, white dot on bottom.	Landrace	1016199
PI_451854	Guicoy	Cucurbita pepo	Guatemala	NA	Landrace	1447982
PI_458730	Zapallito Italiano (Tupungato magnif.)	Cucurbita pepo	Argentina	Seeds medium-sized, dirty white, margins same color. Local name Zapallito  Italiano (Tupungato magnif.).	Landrace	815730
PI_458748	Guicoy Amarillo Chiguito	Cucurbita pepo	Guatemala	Fruit 0.7kg, yellow, small-ribbed, shaped like acorn squash.	Landrace	961634
PI_458750	Guicoy Grande Verde	Cucurbita pepo	Guatemala	Fruit 2.0kg, greenish-yellow, large, acorn-shaped.	Landrace	1023633
PI_482590	Madhasana	Cucurbita pepo	Zimbabwe	NA	Cultivated material	758434
PI_482592	Hokore	Cucurbita pepo	Zimbabwe	Sown November, harvested April. Fruits hard skinned and warty.	Cultivated material	790208
PI_482593	Nyakaruswanga	Cucurbita pepo	Zimbabwe	NA	Cultivated material	747131
PI_490274	Courgette	Cucurbita pepo	United Kingdom	Plants bushy. Fruit oblong, smooth, mottled.	Cultivar	992406
PI_490275	Little Gem	Cucurbita pepo	United Kingdom	Plant viney. Fruit globe-shaped, smooth, orange.	Cultivar	1236604
PI_490277	Zapallo	Cucurbita pepo	Costa Rica	Maturity late. Plants viney. Fruit ribbed, striped, globe-shaped.	Cultivated material	1352120
PI_490278	Butterball	Cucurbita pepo	United States	Mix of two semi-bush types. Fruit globe or oblong shaped, tan.  Hull-less seeds.	Cultivated material	1264472
PI_490279	Sweetnut (Acorn)	Cucurbita pepo	United States	Mix of three semi-bush types. Fruit globe, oblong or acorn shaped.  Hull-less seeds.	Cultivated material	1036817
PI_491201	Combocolokitho	Cucurbita pepo	Greece	Semi-bush, zucchini type. Skin light. Yield high.	Cultivated material	826344
PI_491202	WP 120	Cucurbita pepo	Greece	Zucchini type.	Cultivated material	1142137
PI_506441	NA	Cucurbita pepo	Moldova	Summer squash. Local type. Fruit broad, cylindrical, pale green. Received as Cucurbita moschata.	Cultivated material	1350696
PI_506443	NA	Cucurbita pepo	Ukraine	Squash. Local type.	Cultivated material	1017696
PI_506467	Dlinnoplodnye	Cucurbita pepo	Ukraine	Squash.	Cultivar	820126
PI_506468	Beloplodnye	Cucurbita pepo	Russian Federation	Squash.  Russian; breeding resource, annual, entering into katalog in 1953	Breeding material	1053299
PI_507882	2701055	Cucurbita pepo	Hungary	Received as Cucurbita maxima.	Wild material	1138557
PI_507885	2700777	Cucurbita pepo	Hungary	NA	Landrace	1265525
PI_507886	2701060	Cucurbita pepo	Hungary	NA	Landrace	685973
PI_507887	2701061	Cucurbita pepo	Hungary	NA	Landrace	834854
PI_507888	2701062	Cucurbita pepo	Hungary	NA	Landrace	918272
PI_508465	Jewel Green	Cucurbita pepo	Korea	Vine type, extra early maturing. Fruits 20cm x 10cm, weighing 450-550 g. Fruit dark green with green-gray stripes. Delicious. Performs well under low temperature and weak light intensity.	Cultivar	1035063
PI_508467	Bulam House	Cucurbita pepo	Korea	Bush zucchini type grown in or outdoors. Maturity 50-55 days. Fruit cylindrical, waxy, light green, 25-27cm long, 4-5cm diam., 260-310g, crispy, tasty. Flesh white. Cold tolerant.	Cultivar	1363207
PI_508468	Golden Zucchini	Cucurbita pepo	Korea	Donor description: Bush zucchini type. Maturity 50-55 days. Fruit cylindrical, yellow, 20-25cm long, 4-4.5cm diam., 250-300g, tasty. Flesh light yellow.  Curator comment:  Fruit oblong 35 to 37 cm x  10 cm wide; smooth; green speckled with yellow.  Flesh cream, 1.6 cm thick; 64 hand-sib pollinations made between 7/13 and 8/2/1988; approximately 2 males:1 female; 24 fruit harvested.	Cultivar	1838831
PI_508469	Zucchini	Cucurbita pepo	Korea	Bush type, compact. Fruits cylindrical, elongated, smooth, very dark green with greenish white flesh. Very prolific under indoor forcing. Texture and taste very good. Cold tolerant .	Cultivar	1531252
PI_511967	Calabaza	Cucurbita pepo	Mexico	Fruit green, roundish, blocky with distinct ridges. Sown June, harvested September. Cook mature flesh, toast or grind seeds to eat.	Landrace	921906
PI_511968	Calabaza	Cucurbita pepo	Mexico	Sown June, harvested September/October. Cook mature flesh, grind or toast seeds.	Landrace	1101043
PI_511969	Calabaza	Cucurbita pepo	NA	Sown June, harvested September/October. Cook mature flesh, toast seeds or grind for sauces.	Landrace	925410
PI_511970	Calabaza (Span.)  Imai (Tepehuan)	Cucurbita pepo	NA	Calabaza (Spanish), Imai (Tepehuan), baci (Tarahomara).	Landrace	968979
PI_511973	Imai (Tepehuan)	Cucurbita pepo	Mexico	Sown in June, harvested October/November.	Landrace	779993
PI_511974	Imai (Tepehuan)	Cucurbita pepo	Mexico	Sown June, harvested September/October. Eat flowers, grind seeds for sauces, eat mature flesh cooked with raw sugar and milk.	Landrace	1131827
PI_511977	Calabaza	Cucurbita pepo	Mexico	Sown in June, harvested September/October. Fruit cooked as a sweet, seeds roasted or ground for sauces.	Landrace	849986
PI_511978	Calabaza	Cucurbita pepo	Mexico	Sown in May, harvested in October. Cook mature flesh, toast or grind seeds for sauces.	Landrace	1051242
PI_511979	Vavuli  Calabaza Serrana	Cucurbita pepo	NA	Vavuli (Mt. Pima Indian), Calabaza Serrana (Spanish). Sown in May, harvested in October. Plants rainfed and fertilized. Cook mature flesh as sweets, toast or grind seeds for sauces.	Landrace	926558
PI_511980	Calabaza	Cucurbita pepo	NA	Sown in May, harvested in October. Prepare sweets from flesh, toast or grind seeds.	Landrace	949088
PI_511981	Calabaza	Cucurbita pepo	Mexico	Sown in May, harvested in October/November. Prepare sweets from flesh, toast or grind seeds.	Landrace	1133127
PI_511982	Calabaza	Cucurbita pepo	Mexico	Sown in May/June, harvested in October/November. Cook mature flesh, toast or grind seeds.	Landrace	861298
PI_511983	Calabaza de la Sierra	Cucurbita pepo	Mexico	Sown in May/June, harvested in October/November. Use cooked flesh in baked sweets, toast or grind seeds.	Landrace	1122631
PI_512185	Calabaza india	Cucurbita pepo	Mexico	Single fruit, green-grey with pronounced ribs.	Cultivated material	912495
PI_512186	Calabaza india	Cucurbita pepo	Mexico	Single fruit, green-grey with pronounced ribs.	Cultivated material	1052833
PI_512188	Calabaza india; Calabaza gavilan	Cucurbita pepo	Mexico	Single fruit, grey-green with pronounced ribs.	Cultivated material	1036901
PI_512189	Calabaza india	Cucurbita pepo	Mexico	Single fruit green, ribbed with mottled stripes. Fruit flesh and seed eaten by humans and fed to animals.	Cultivated material	1394829
PI_512190	Calabaza india	Cucurbita pepo	Mexico	Single fruit long, large curved and ribbed.	Cultivated material	1369092
PI_512192	Calabaza	Cucurbita pepo	Mexico	Two fruits round shape, without typical (C. pepo) angular peduncle and lack of ridges on fruit.	Cultivated material	981825
PI_512662	A-CU-9	Cucurbita pepo	Spain	Sown May, harvested August. Used for local consumption.Received as Cucurbita maxima, winter squash.	Cultivar	791766
PI_512665	AN-CU-13	Cucurbita pepo	Spain	Sown May, harvested September-October. Received as Cucurbita maxima, winter squash.	Cultivar	933545
PI_512693	V-CU-106	Cucurbita pepo	Spain	Sown March, harvested October. Used for self-consumption. Received as Cucurbita maxima, winter squash.	Cultivar	831893
PI_512701	A-CU-6	Cucurbita pepo	Spain	Sown May, harvested September. Used for local consumption.	Cultivar	1155539
PI_512703	A-CU-12	Cucurbita pepo	Spain	Sown April, harvested August-September. Used fried or cooked.	Landrace	891504
PI_512709	A-CU-19	Cucurbita pepo	Spain	Sown May, harvested August. Fruit yellow, large. Used for local consumption.	Landrace	1085513
PI_512710	AN-CU-1	Cucurbita pepo	Spain	Sown March, transplanted May. Harvested in July-August. Used for self-consumption.	Landrace	1333400
PI_512729	AN-CU-25	Cucurbita pepo	Spain	Sown February, harvested July.	Landrace	1313285
PI_512739	AN-CU-36	Cucurbita pepo	Spain	Sown May-June, harvested September-October. Used cooked and for stew.	Landrace	1437195
PI_512741	AN-CU-38	Cucurbita pepo	Spain	Sown May-June, harvested September-October. Used cooked and for stew.	Landrace	1111323
PI_512744	AN-CU-42	Cucurbita pepo	Spain	Sown April, harvested July-August.	Landrace	1152832
PI_512749	AS-CU-1	Cucurbita pepo	Spain	Sown February, harvested September-October. Used for cooking and making black pudding.	Landrace	811233
PI_512750	AS-CU-2	Cucurbita pepo	Spain	Sown February, harvested September. Used for cooking.	Landrace	1387645
PI_512751	AS-CU-3	Cucurbita pepo	Spain	Sown February, harvested September. Used for black pudding and livestock feed.	Landrace	937126
PI_512752	AS-CU-4	Cucurbita pepo	Spain	Sown February, harvested September. Used for black pudding and livestock feed.	Landrace	936355
PI_512753	AS-CU-5	Cucurbita pepo	Spain	Sown February, harvested September. Used for black pudding and livestock feed.	Landrace	1263838
PI_512754	AS-CU-6	Cucurbita pepo	Spain	Sown February-March, harvested September. Used for black pudding and livestock feed.	Landrace	738528
PI_512755	AS-CU-7	Cucurbita pepo	Spain	Sown February-March, harvested September-October. Used for cooking and livestock feed.	Landrace	1413638
PI_512757	C-CU-2	Cucurbita pepo	Spain	Sown March, harvested July. Self-consumption and markets.	Landrace	1110884
PI_512773	C-CU-19	Cucurbita pepo	Spain	Sown March, harvested June-July. Self-consumption.	Cultivar	800761
PI_512776	C-CU-22	Cucurbita pepo	Spain	Sown May, harvested August-September. Self-consumption.	Cultivar	860599
PI_512779	C-CU-25	Cucurbita pepo	Spain	Sown April-May, harvested July-August. Self-consumption.	Cultivar	886323
PI_512780	C-CU-26	Cucurbita pepo	Spain	Sown March, harvested July-August. Self-consumption.	Cultivar	958025
PI_512782	CM-CU-4	Cucurbita pepo	Spain	Sown beginning May, harvested July-August.	Landrace	1160277
PI_512785	CM-CU-7	Cucurbita pepo	Spain	Sown May, harvested August.	Landrace	950702
PI_512787	E-CU-3	Cucurbita pepo	Spain	Sown March, harvested September.	Landrace	1196663
PI_512788	E-CU-4	Cucurbita pepo	Spain	Sown March, harvested September.	Landrace	889592
PI_512789	E-CU-5	Cucurbita pepo	Spain	Sown March, harvested September.	Landrace	1372046
PI_512793	E-CU-9	Cucurbita pepo	Spain	Sown April, harvested August. Used for stew.	Landrace	1181571
PI_512794	E-CU-10	Cucurbita pepo	Spain	Sown April, harvested August. Used for stew.	Landrace	1003518
PI_512796	E-CU-12	Cucurbita pepo	Spain	Sown April, harvested September. Used for stew.	Landrace	1221330
PI_512799	S-CU-1	Cucurbita pepo	Spain	Sown February-March, harvested September-October. Used for stew and black pudding.	Landrace	1147378
PI_512800	S-CU-2	Cucurbita pepo	Spain	Sown February-March, harvested September-October. Used for livestock feed.	Landrace	1015162
PI_512801	S-CU-3	Cucurbita pepo	Spain	Sown February, harvested September. Used for livestock feed.	Landrace	894951
PI_512802	S-CU-4	Cucurbita pepo	Spain	Sown February, harvested September. Used for livestock feed.	Landrace	723764
PI_512803	S-CU-5	Cucurbita pepo	Spain	Sown March, harvested October. Used for animal feed.	Landrace	851143
PI_512804	V-CU-2	Cucurbita pepo	Spain	Sown March-April, harvested June.	Landrace	840255
PI_512805	V-CU-3	Cucurbita pepo	Spain	Sown March, harvested June-July. Used for cooking.	Landrace	1189400
PI_512806	V-CU-4	Cucurbita pepo	Spain	Sown March-April, harvested October-November. Used for decorating.	Landrace	759587
PI_512807	V-CU-5	Cucurbita pepo	Spain	Sown March, harvested August. Self-consumption.	Landrace	1384769
PI_512810	V-CU-10	Cucurbita pepo	Spain	Sown March-April, harvested June-September. Self-consumption	Landrace	1253329
PI_512812	V-CU-13	Cucurbita pepo	Spain	Sown March-April, harvested October-November. Used for decorating.	Landrace	999197
PI_512813	V-CU-14	Cucurbita pepo	Spain	Sown May, harvested August. Used for consumption.	Landrace	1019192
PI_512817	V-CU-18	Cucurbita pepo	Spain	Sown April, harvested June. Self-consumption.	Landrace	1135848
PI_512820	V-CU-21	Cucurbita pepo	Spain	Sown April, harvested June-July. Self-consumption.	Landrace	992491
PI_512822	V-CU-26	Cucurbita pepo	Spain	Sown February-June, harvested May. Local-consumption.	Cultivar	1198362
PI_512823	V-CU-27	Cucurbita pepo	Spain	Sown February-June, harvested May. Local consumption.	Cultivar	1045094
PI_512826	V-CU-32	Cucurbita pepo	Spain	Sown March, harvested October-November. Local consumption.	Cultivar	1114959
PI_512831	V-CU-46	Cucurbita pepo	Spain	Sown April, harvested May-June. Local consumption.	Cultivar	1125578
PI_512834	V-CU-50	Cucurbita pepo	Spain	Sown May, harvested July-August. Self-consumption.	Cultivar	840827
PI_512836	V-CU-53	Cucurbita pepo	Spain	Sown March, harvested September. Animal feed.	Landrace	994447
PI_512837	V-CU-54	Cucurbita pepo	Spain	Sown March, harvested September. Used for stew.	Landrace	1441464
PI_512840	V-CU-57	Cucurbita pepo	Spain	Sown April, harvested August-September. Fruit almost round. Skin has green and yellow stripes. Used for decorations.	Landrace	1097912
PI_512851	V-CU-74	Cucurbita pepo	Spain	Sown April, harvested August-September.	Landrace	1089429
PI_512857	V-CU-80	Cucurbita pepo	Spain	Sown April, harvested August-September. Used for decorating.	Landrace	1037804
PI_512858	V-CU-81	Cucurbita pepo	Spain	Sown April, harvested August-September. Used for decorating.	Landrace	958589
PI_512859	V-CU-82	Cucurbita pepo	Spain	Sown April, harvested August-September. Used for decorating.	Landrace	876056
PI_512860	V-CU-83	Cucurbita pepo	Spain	Sown April, harvested August-September. Used for decorating.	Landrace	899273
PI_512861	V-CU-84	Cucurbita pepo	Spain	Sown April, harvested August-September. Used for decorating.	Landrace	1193506
PI_512862	V-CU-85	Cucurbita pepo	Spain	Sown April, harvested August-September. Used for decorating.	Landrace	1140196
PI_512863	V-CU-86	Cucurbita pepo	Spain	Sown April, harvested August-September. Used for decorating.	Landrace	1080625
PI_512869	V-CU-98	Cucurbita pepo	Spain	Sown April, harvested August-September. Self-consumption.	Cultivar	1049465
PI_512870	V-CU-99	Cucurbita pepo	Spain	Sown March, harvested June-July. Self-consumption.	Cultivar	1119061
PI_512874	V-CU-108	Cucurbita pepo	Spain	Sown May, harvested October. Used fried.	Landrace	993385
PI_512880	V-CU-116	Cucurbita pepo	Spain	Sown May, harvested October. Used for hay.	Landrace	1179592
PI_512881	V-CU-117	Cucurbita pepo	Spain	Sown May, harvested October. Used for hay.	Landrace	1006338
PI_512886	V-CU-125	Cucurbita pepo	Spain	Sown May, harvested October. Used for hay.	Cultivar	1107947
PI_518687	Acorn Squash	Cucurbita pepo	United States	NA	Cultivated material	1239863
PI_518688	33272	Cucurbita pepo	United States	Delicata or Dumpling type - grouped with acorn type.	Cultivated material	1250757
PI_518689	Joko Japones	Cucurbita pepo	Bolivia	Fruit bright pumpkin-orange	Cultivated material	1179331
PI_525166	9	Cucurbita pepo	Egypt	Sown February, harvested April. Powdery mildew and viruses observed	Landrace	1234382
PI_525169	54	Cucurbita pepo	Egypt	Local type	Landrace	928753
PI_525170	65	Cucurbita pepo	Egypt	Local type. Sown February, harvested April. Powdery mildew, red spider, virus, and aphids observed.	Landrace	992220
PI_525171	107	Cucurbita pepo	Egypt	Local type	Landrace	818839
PI_525172	111	Cucurbita pepo	Egypt	NA	Landrace	1155158
PI_525173	116	Cucurbita pepo	Egypt	Local type	Landrace	926250
PI_525175	141	Cucurbita pepo	Egypt	Local type.	Landrace	1237887
PI_525176	157	Cucurbita pepo	Egypt	Local type. Sown November, harvested January	Landrace	1202191
PI_525177	165	Cucurbita pepo	Egypt	Sown March, harvested April. Not grown in Delta in Nov., Dec., Jan.	Landrace	923256
PI_525178	173	Cucurbita pepo	Egypt	Local type.	Landrace	1342468
PI_525179	Alexandria	Cucurbita pepo	Egypt	NA	Landrace	943537
PI_525181	Eskanderani	Cucurbita pepo	Egypt	NA	Cultivar	1121560
PI_525182	Eskanderani (from Niagara)	Cucurbita pepo	Egypt	NA	Landrace	1093928
PI_531315	Daki 802	Cucurbita pepo	Hungary	NA	Cultivar	1148269
PI_531316	Indatlan Feher	Cucurbita pepo	Hungary	NA	Cultivar	1132213
PI_531318	Szendehelyi	Cucurbita pepo	Hungary	NA	Landrace	892594
PI_531319	Ve Csesi Indas	Cucurbita pepo	Hungary	NA	Cultivar	977567
PI_531320	Ovari Feher	Cucurbita pepo	Hungary	Received as C. pepo convar. melopepo L. provar. patisonia Greb. (patty pan type)	Cultivar	1159338
PI_531323	Szentesi Oliva	Cucurbita pepo subsp. pepo	Hungary	Received as C. pepo var. styriaca.	Cultivar	1263651
PI_532354	Calabacilla loca	Cucurbita pepo subsp. fraterna	Mexico	Fruits 5, obloid to spheroid, 4.5-6.5cm in diameter, 2 still green with lighter green stripes and flecking, fading to orange. Rind smooth, moderately soft, 1 mm thick. Flesh extremely bitter. Seeds 7-9mm long, 4-6mm wide.	Wild material	826984
PI_532355	179	Cucurbita pepo subsp. fraterna	Mexico	Fruits 8, obloid to spheroid, from green with lighter green stripes and flecking to almost completely bright orange with stripes 3.5-4.5cm diameter. Flesh extremely bitter. Rind smooth and moderately soft, 1 mm thick.	Wild material	1317335
PI_532356	180	Cucurbita pepo subsp. fraterna	Mexico	Fruit found 1 km E of PI 532355, single fruit larger with thicker rind, obovoid, faded yellow, 7cm long, 6cm wide. Rind 2mm thick.	Wild material	1229138
PI_532385	Calabaza	Cucurbita pepo	Mexico	Ellipsoid, obloid, to oblong, ribbed, finely green reticulated 7.5 to 19.5 cm long, 11.5-20 cm wide.  Rind usually hard.  Flesh orange.	Landrace	1057082
PI_532389	Calabasa Tutume	Cucurbita pepo	Mexico	Fruits fairly uniform, elongated obovate, 24cm long, 16cm in diameter, orange when mature, smooth, some with very slight ribs. Flesh pale yellow, 3-3.5cm thick. Eaten primarily when thick.	Landrace	1167696
PI_534557	OA 2	Cucurbita pepo	Syria	NA	Landrace	770630
PI_534558	OA 3	Cucurbita pepo	Syria	NA	Landrace	922579
PI_534559	OA 7	Cucurbita pepo	Syria	NA	Landrace	824565
PI_534560	OA 8	Cucurbita pepo	Syria	NA	Landrace	1917111
PI_534561	OA 11	Cucurbita pepo	Syria	NA	Landrace	818412
PI_534562	OA 17	Cucurbita pepo	Syria	NA	Landrace	1025301
PI_534563	OA 20	Cucurbita pepo	Syria	NA	Landrace	795056
PI_534564	OA 36	Cucurbita pepo	Syria	NA	Landrace	861823
PI_534565	OA 39	Cucurbita pepo	Syria	NA	Landrace	756504
PI_534566	OA 41	Cucurbita pepo	Syria	NA	Landrace	1043708
PI_534567	OA 84	Cucurbita pepo	Syria	NA	Landrace	962906
PI_534568	OA 127	Cucurbita pepo	Syria	NA	Landrace	787964
PI_534569	OA 143	Cucurbita pepo	Syria	NA	Landrace	813910
PI_534571	OA 231	Cucurbita pepo	Syria	NA	Landrace	1060035
PI_534572	OA 341	Cucurbita pepo	Syria	NA	Landrace	1172147
PI_534620	OA 10301	Cucurbita pepo	Syria	NA	Landrace	1057445
PI_534621	OA 10304	Cucurbita pepo	Syria	NA	Landrace	992278
PI_534622	OA 10305	Cucurbita pepo	Syria	NA	Landrace	1128485
PI_534623	OA 10310	Cucurbita pepo	Syria	NA	Landrace	968182
PI_534624	OA 10315	Cucurbita pepo	Syria	NA	Landrace	1240311
PI_534626	OA 10396	Cucurbita pepo	Syria	NA	Landrace	881694
PI_534628	OD 10428	Cucurbita pepo	Syria	NA	Landrace	1189201
PI_534630	OD 10430	Cucurbita pepo	Syria	NA	Landrace	1336421
PI_534632	OD 10460	Cucurbita pepo	Syria	NA	Landrace	720332
PI_534633	OD 10462	Cucurbita pepo	Syria	NA	Landrace	889614
PI_534634	OD 10473	Cucurbita pepo	Syria	NA	Landrace	744402
PI_534635	OD 10481	Cucurbita pepo	Syria	NA	Landrace	1107923
PI_534636	OD 10488	Cucurbita pepo	Syria	NA	Landrace	1191545
PI_534638	OD 10515	Cucurbita pepo	Syria	NA	Landrace	854647
PI_534639	OD 10522	Cucurbita pepo	Syria	NA	Landrace	935931
PI_534640	OD 10542	Cucurbita pepo	Syria	NA	Landrace	1045905
PI_534641	OD 10561	Cucurbita pepo	Syria	NA	Landrace	885356
PI_537504	Bubango	Cucurbita pepo	Spain	Sown February, harvested June. Not irrigated. Fruits elongated and rounded, variable colors. Received as Cucurbita sp.	Landrace	808857
PI_537505	Bubango	Cucurbita pepo	Spain	Sown March-April. Fruits white, two. Received as Cucurbita sp.	Landrace	859695
PI_537508	Bubango	Cucurbita pepo	Spain	Fruits yellow. Received as Cucurbita sp.	Landrace	1030717
PI_537513	CA-CU-56	Cucurbita pepo	Spain	Fruits rounded and elongated. Received as Cucurbita sp.	Landrace	1185307
PI_537514	Bubango	Cucurbita pepo	Spain	Fruits of two types. Received as Cucurbita sp.	Landrace	788248
PI_537519	CA-CU-62	Cucurbita pepo	Spain	Received as Cucurbita sp.	Uncertain improvement status	873909
PI_537532	Calabaza	Cucurbita pepo	Spain	Used in cooking. Fruits elongated, yellow. Received as Cucurbita sp.	Landrace	1750761
PI_537555	Carabassa llarga	Cucurbita pepo	Spain	Sown April-May, harvested July.  Used as food. Received as Cucurbita sp.	Cultivar	1489136
PI_537560	Calabaza	Cucurbita pepo	Spain	Sown May-June, harvested September.  Seed used for food consumption. Received as Cucurbita sp.	Landrace	1474721
PI_537562	N-CU-2	Cucurbita pepo	Spain	Used as adornment. Received as Cucurbita sp.	Landrace	1551944
PI_540907	127	Cucurbita pepo var. texana	Unknown	Received from Northrup-King. Quantity of seeds, 327.	Cultivated material	967161
PI_595364	HSR 1878	Cucurbita pepo	United States	NA	Cultivar	1650828
PI_595838	Saffron Prolific Straightneck	Cucurbita pepo	United States	Butter yellow semi-crookneck. Typically picked at 6 inch length. Compact bush plant has open structure, making for easy picking. Notably smaller bush than other semi-crooknecks. Large leaves provide fruit with excellent protection from sunburn.	Cultivar	1599283
PI_597784	Allie	Cucurbita pepo	United States	NA	Cultivar	2010998
PI_599994	Black Magic	Cucurbita pepo	United States	NA	Cultivar	1939364
PI_600771	Royal Knight	Cucurbita pepo	United States	NA	Cultivar	1923374
PI_600995	Goldilocks	Cucurbita pepo	United States	Winter type. Cotyledon 52 mm long and 30 mm wide, apex rounded, obscure veining, medium green. Plant composed of long vines, prickly. Main stem round, 19 mm in diameter at midpoint of first internode, 335 cm ave. length, ave. number of internodes 42. Leaves reniform shaped, deep lobed, margin dentate and frilled, 25 cm wide and 24 cm long at third internode, ave. of 25 per plant, smooth surface, dorsal surface soft hairy, ventral surface bristled, dark green, not blotched, 26 cm petiole length. Pistillate 20 cm in diameter, ovary drum-like, pedicel 2 cm long, margin curved and frilled, sepals 2 mm wide and 11 mm long, orange. Staminate sepals 21 mm long and 3 mm wide, pedicel 19 cm long, orange. Fruit 13 cm long, 14 cm wide at stem end, and 14 cm wide at blossom end, 1270 grams ave. weight, Connecticut field shape, depressed apex, depressed base, inconspicuous ribs, shallow and narrow rib furrows, surface smooth, no warts, depressed blossom scar button. Rind 2 mm thick at medial, soft, regular color pattern, grayish-buff color, pink self or ground, pink stripes, pink lace, no specific location of pattern colors. Flesh 15 mm thick at blossom end, 15 mm thick at medial, and 17 mm thick at stem end, granular, firm, moist, slightly sweet, excellent quality, pink. Seed cavity 8 cm long and 10 cm wide, conforms to fruit shape, placental tissue sparse, center core prominent. Fruit stalks 7 cm long and 2 cm in diameter, irregular, not twisted, tapered, slightly curved, hard, deep farrows, spiny, expanded attachment end, detaches with difficulty, medium green, expanded portion medium yellow. Seeds 15 mm long, 8 mm wide, and 3 mm thick, smooth, buff, dull, curved and wedge-like margin, moderately easy to separate from pulp, 9 grams/100 seeds, 490 seeds per fruit, normal. Not tested for disease or insect resistance. Most likely resembles Spookie for plant habit, leaf type, flower type, and fruit shape, Jersey Golden Acorn for fruit color, and Small Sugar Pie for culinary type.	Cultivar	1593008
PI_601144	Bushkin	Cucurbita pepo	United States	Summer (vegetable marrow) type pumpkin.  Cotyledon: 46 mm long, 28 mm wide, rounded apex, plainly visible veining, medium green color.  Plant: semi-bush and prickly.  Main stem: angled, 52 mm diameter at midpoint of first internode, 105 cm average length, 22 internodes on average.  Leaves: broad triangular, deep lobed, dentate and frilled margin, 38 cm wide, 30 cm long, smooth surface, dorsal and ventral surfaces bristled, medium green color, not blotched, 48 cm petiole length.  Flower (pistillate): 22 cm diameter, drum-like ovary, 5 cm pedicel length, curved and plain margin, 1.5 mm sepal width, 10 mm sepel length, orange color.  Flower (staminate): 22 mm sepal length, 2.5 mm sepal width, 24 cm pedicel length, orange color.  Fruit: 29 cm length, 24 cm width (stem end), 26 cm width (blossom end), 4985 gram average weight, Connecticut Field shape, rounded apex, depressed base, prominant ribs, medium deep and narrow rib furrows, smooth fruit surface, no warts, depressed blossom scar button.  Rind: 3 mm thick at medial, hard, irregular color pattern, yellow-orange color, orange color in a lace pattern in a non-specific location.  Flesh: 32 mm thick at blossom end, 34 mm thick at medial end, 25 mm thick at stem end, stringy, firm, and moist texture, slightly sweet flavor, good quality, yellow-orange color.  Seed cavity: 24 cm length, 19 cm width, conforms to fruit shape, moderately abundant placental tissue, inconspicuous center core.  Fruit stalks 90 cm length, 3.4 cm diameter, irregular, not twisted, tapered, straight, hard texture, deep farrows, spiny surface, slightly expanded attachment end, detaches with difficulty, dark green color.  Seeds: 17 mm length, 9.5 mm width, 3 mm thick, wrinkled face surface, gray-green color, dull luster, curved and wedge-like margin, moderately easy separation from pulp, 14 grams per 100 seeds, 318 seeds per fruit, naked.  Susceptible to powdery mildew and squash bug.  Most closely resembles Cinderella for plant habit, leaf type, flower type, and fruit shape, Big Tom for fruit color, and Small Sugar for culinary type.	Cultivar	1457257
PI_601193	Swan White Table Queen	Cucurbita pepo	United States	Winter type squash.  Cotyledon: 43 mm long and 28 mm wide (measured at appearance of second leaf bud), rounded apex, plainly visible veining, medium green with light green veining.  Plant: semi-bush and prickly.  Main stem: round, ridged, 15 mm diameter at midpoint of first internode, 260 cm average length, 34 internodes on average.  Leaves: ovate and deep lobed shape, denticulate and flat margin, 38 cm wide, 27 cm long, smooth surface, dorsal surface soft hairy, ventral surface soft hairy, medium green, blotched with gray, 27 cm petiole length.  Flower (pistillate): 5 cm diameter, turbinate ovary, 2 cm pedicel length, straight and plain margin, 1 mm sepal width and 20 mm sepal width (measured at midpoint), deep yellow color.  Flower (staminate): 20 mm sepal length and 1 mm sepal width (measured at midpoint), 12 cm pedicel length, deep yellow color.  Fruit (market maturity): 14 cm length, 9 cm width at stem end, 10 cm width at medial, 6 cm width at blossom end, 680 gram average weight, acorn shape, taper pointed apex, flattened base, prominant ribs, medium deep and wide rib furrows, fruit surface smooth, no warts, slightly extended blossom scar button.  Rind: 1 mm thick at medial, hard, regular color pattern, white.  Flesh: 27 mm thick at blossom end, 21 mm thick at medial, 23 mm thick at stem end, fine or stringy, firm, and moist texture, slightly sweet flavor, excellent quality, creamy yellow color.  Seed cavity (sectioned apex to base): 9 cm length, 6 cm width, conforms to fruit shape, sparse placental tissue, inconspicuous center core.  Fruit stalks: 5 cm length, 1 cm diameter, irregular, ridged, not twisted, tapered, slightly curved, hard texture, shallow farrows, rough surface, slightly expanded attachment end, detaches easily, medium green color (darker green at point of attachment).  Seeds: 13 mm length, 8 mm width, 2 mm thick, smooth face surface, buff color, dull luster, straight and wedge-like margin, easy separation from pulp, 10 grams per 100 seeds, 156 seeds per fruit, normal.  Most closely resembles Table Queen for plant habit, leaf type, flower type, fruit shape, and culinary type, and White Patty Pan for fruit color (at maturity).	Cultivar	903668
PI_608048	Col. No. 509	Cucurbita pepo	Pakistan	Separation from C. maxima PI 269484; Col. No. 509, "kadu" (pumpkin); from Mangora village bazaar, Swat.	Landrace	753389
PI_612862	20-3	Cucurbita pepo	Mexico	Obloid, slightly ribbed, dark green, hard rind, 12.5 cm long, 15 cm wide, flesh unusually deep orange and thick.	Cultivated material	980208
PI_612863	20-4	Cucurbita pepo	Mexico	Obloid and ribbed, green reticulated and spotchy, 13.5 cm long, 20 cm wide, rind hard, flesh pale orange.	Cultivated material	861217
PI_612864	20-5	Cucurbita pepo	Mexico	Oblong, ribbed, dark green, 15.5 cm long, 15 cm wide, flesh orange.	Cultivated material	863841
PI_612865	20-6	Cucurbita pepo	Mexico	Oblong, no ribs, dark green with lighter green speckles, 18.5 cm long, 14 cm wide, flesh thick pale orange.	Cultivated material	1286341
PI_612866	20-7	Cucurbita pepo	Mexico	Ellipsoid, very slightly ribbed, dark green with lighter green stripes along ribs and flecked between ribs, 18 cm long, 11.5 cm wide, very pale orange flesh.	Cultivated material	1622243
PI_612867	20-8	Cucurbita pepo	Mexico	Oblong, ribbed, uniformly finely green reticulated, 19.5 cm long, 13.5 cm wide, pale orange flesh.	Cultivated material	1350785
PI_614683	HDW 5531	Cucurbita pepo subsp. fraterna	Mexico	All fruits green and white striped maturing to orange; bitter.	Wild material	1443185
PI_614684	HDW 3163	Cucurbita pepo var. texana	United States	21 fruits of varying shape, number of plants unknown.	Wild material	884141
PI_614685	HDW 3180	Cucurbita pepo var. texana	United States	Sample of 5, relatively uniform, more or less spherical (no terminal constriction). Number of plants, maybe 1.	Wild material	1220353
PI_614686	HDW 3162	Cucurbita pepo var. texana	United States	Fruits ovate to spherical - not pyriform. Number of plants not known.	Wild material	917755
PI_614687	HDW 3173	Cucurbita pepo var. texana	United States	Fruit from a single plant; spherical with no constrictions. Although brown, fruits may be from last year.	Wild material	984362
PI_614688	HDW 3170	Cucurbita pepo var. texana	United States	Number of plants unknown; some progeny in collection of 55 packets. From different parts of Colorado drainage and from different plants.	Wild material	1107876
PI_614689	HDW 5299	Cucurbita pepo var. texana	United States	NA	Wild material	1128163
PI_614690	HDW 5533	Cucurbita pepo var. texana	United States	Essentially a recollection of TE039 (Not in NPGS); number of plants = 4.	Wild material	1086277
PI_614691	HDW 5544	Cucurbita pepo var. texana	United States	Fruit = 6; number of parent plants unknown.	Wild material	1097134
PI_614692	292 Population 5	Cucurbita pepo var. ozarkana	United States	Population 5:  (Five nearby populations collected in all.)  Green striped fruits hanging from dead vines growing 6 meters up into trees tangled with other vines including Campsis radicans.  Fruits pyriform with short wide necks.  Flesh non-bitter.	Wild material	1068812
PI_614694	293	Cucurbita pepo var. ozarkana	United States	Faded green fruits, narrow pyriform shape with short narrow necks at stem end.  Flesh non-bitter.  Mostly scattered on ground.  A serious weed problem.  One young vine was still green with some slight virus symptoms and mildew.	Wild material	1326067
PI_614695	290	Cucurbita pepo var. ozarkana	United States	Six fruits (3 faded green and 3 nearly dried) together on a dead vine on the ground.  Fruits uniformly pyriform, faintly striped.  Flesh non-bitter.	Wild material	1104339
PI_614698	14712	Cucurbita pepo var. ozarkana	United States	NA	Wild material	1074034
PI_614699	292 Populations 1 & 2	Cucurbita pepo var. ozarkana	United States	Populations 1 and 2:  (Five nearby populations collected in all.)  Green striped fruits hanging from dead vines growing 6 meters up into trees tangled with other vines including Campsis radicans.  Fruits uniformly obloid to transversely ellipsoid.  Flesh non-bitter.	Wild material	1022697
PI_614700	292 Population 4	Cucurbita pepo var. ozarkana	United States	Population 4:  (Five neaby populations collected in all.)  Green striped fruits hanging from dead vines growing 6 meters up into trees tangles with other vines including Campsis radicans.  Fruits pyriform with long narrow necks or without necks.  Flesh non-bitter.	Wild material	903235
PI_614701	292 Population 3	Cucurbita pepo var. ozarkana	United States	Population 3: (Five nearby populations collected in all.)  Green striped fruits hanging from dead vines growing 6 meters up into trees tangled with other vines including Campsis radicans.  Fruits uniformly obloid to transversely ellipsoid.  Flesh non-bitter.	Wild material	759935
PI_615086	Ames 2804	Cucurbita pepo	United States	Supposed to have outstanding resistance to Cucumber Mosaic Virus (CMV) and powdery mildew.	Uncertain improvement status	1149632
PI_615087	PQ 016174	Cucurbita pepo	United States	NA	Uncertain improvement status	1206741
PI_615088	Amish Field Pie Pumpkin	Cucurbita pepo	United States	NA	Cultivar	1069771
PI_615089	Austrian Bush	Cucurbita pepo	United States	NA	Cultivar	1482732
PI_615091	Bloomfield Pumpkin	Cucurbita pepo	United States	NA	Cultivar	987792
PI_615092	Chesnut	Cucurbita pepo	United States	NA	Cultivar	1360152
PI_615093	Fordhook	Cucurbita pepo	United States	NA	Cultivar	1540089
PI_615094	French White Bush	Cucurbita pepo	United States	NA	Cultivar	1264827
PI_615095	Gem	Cucurbita pepo	Australia	NA	Cultivar	1221172
PI_615096	Idaho Gem Pumpkin	Cucurbita pepo	United States	NA	Cultivar	1005289
PI_615097	Japanese Pie Pumpkin	Cucurbita pepo	United States	NA	Cultivar	1332902
PI_615098	Kahcona	Cucurbita pepo	United States	NA	Cultivar	843732
PI_615099	King of the Mammoths	Cucurbita pepo	United States	NA	Cultivar	1217688
PI_615100	Lebanon	Cucurbita pepo	United States	NA	Cultivar	813943
PI_615101	Maryland Pie Pumpkin	Cucurbita pepo	United States	NA	Cultivar	861461
PI_615102	Naked Seed	Cucurbita pepo	United States	NA	Cultivar	1069117
PI_615103	Oland	Cucurbita pepo	Sweden	NA	Cultivar	1433074
PI_615104	Prostate	Cucurbita pepo	United States	NA	Cultivar	1538373
PI_615105	Round Zucchini	Cucurbita pepo	United States	NA	Cultivar	1225815
PI_615106	Showell	Cucurbita pepo	United States	Developed by Curtis Showell.	Cultivar	786231
PI_615107	Tarahumara Indian	Cucurbita pepo	United States	NA	Cultivar	762039
PI_615108	Tender and True Marrow	Cucurbita pepo	United States	NA	Cultivar	756864
PI_615109	Trailing Green Marrow	Cucurbita pepo	United Kingdom	NA	Cultivar	785425
PI_615110	Uncle Herman Pumpkin	Cucurbita pepo	United States	NA	Cultivar	754293
PI_615111	White Acorn	Cucurbita pepo	United States	NA	Cultivar	1081202
PI_615112	White Egyptian Zucchini	Cucurbita pepo	United States	NA	Cultivar	1261582
PI_615113	Wilbur Field	Cucurbita pepo	United States	NA	Cultivar	843210
PI_615114	Golden Bush Scallop	Cucurbita pepo	United States	NA	Cultivar	1820511
PI_615115	Yellow Scallop	Cucurbita pepo	United States	NA	Cultivar	1053074
PI_615116	Zikusa	Cucurbita pepo	United States	NA	Cultivar	1477103
PI_615117	Calabaza mayera	Cucurbita pepo	Mexico	NA	Cultivar	603220
PI_615118	GN 84-84	Cucurbita pepo	Mexico	NA	Cultivated material	786896
PI_615119	Spaghetti squash	Cucurbita pepo	United States	Commercial fruits.	Cultivated material	921892
PI_615120	Guiches (Guichayota)	Cucurbita pepo	Mexico	Single fruit collection with 5381 (C. moschata); farily typical pepo.	Landrace	1132940
PI_615121	Guiches (Guichayota)	Cucurbita pepo	Mexico	Single fruit collection from second stop in town with 5384 and 5386.	Landrace	963887
PI_615122	Guiches (Guichayota)	Cucurbita pepo	Mexico	Single fruit collection from second stop in town with 5384 and 5385.	Landrace	1193897
PI_615123	Huitzayota	Cucurbita pepo	Mexico	Mixed sample (seed from several fruit).	Landrace	1180060
PI_615124	Huitzayota	Cucurbita pepo	Mexico	Single fruit sample.	Landrace	945702
PI_615125	Huitzayota	Cucurbita pepo	Mexico	Single fruit sample.	Landrace	802534
PI_615126	P 5399	Cucurbita pepo	Mexico	Collection of 3 fruits from lady; she selects next year's seed from largest fruits (did not want to sell largest).	Uncertain improvement status	669838
PI_615127	Tzolito	Cucurbita pepo	Mexico	Series of 7 fruits taken from farm; small, multi-colored, a typical pepo; sown in March, harvested June.	Landrace	1128710
PI_615128	Tzul	Cucurbita pepo	Mexico	Two fruits, large, green-mottled; sown in March, harevested June/July; use flesh with sugar.	Landrace	1029133
PI_615129	Tzol	Cucurbita pepo	Mexico	Three fruits from grower; they select seed for sowing from the larger fruit of the harvest. Sown in April, harvested June/July.	Landrace	987798
PI_615130	Tzolito	Cucurbita pepo	Mexico	Five fruits. Used only for seeds (roasted or ground for "pipian"), sown in February with harvest in July/August.	Landrace	937729
PI_615131	Tzol	Cucurbita pepo	Mexico	Sample taken from seed set aside to plant in 1985; old seed, but a mass sample.	Landrace	992156
PI_615132	P 5444	Cucurbita pepo	Mexico	Only two fruits available, others (larger) were retained as source of seed for next year's planting.	Uncertain improvement status	693095
PI_615133	Gleisdorfer Olkurbis	Cucurbita pepo	Austria	Vine type, hull-less seeds.	Cultivated material	624892
PI_615134	Calabacino	Cucurbita pepo	Spain	Sown March, harvested May-June. Fruits elongated, whitish.	Landrace	1038402
PI_615135	Calabacino	Cucurbita pepo	Spain	NA	Landrace	1276203
PI_615137	Calabacin	Cucurbita pepo	Spain	Sown May, harvested September. Fruits elongated, white. Used as food.	Landrace	1337942
PI_615138	Calabacin	Cucurbita pepo	Spain	Sown April-May, harvested August-September. Fruits white, small, very soft. Used for food.	Landrace	1353957
PI_615139	Calabacin largo	Cucurbita pepo	Spain	Sown February, harvested September-November. Used as food.	Landrace	1098313
PI_615140	14-6-7	Cucurbita pepo	India	Highly resistant to Red Pumpkin Beetle (Aulacophora foveicollis).	Uncertain improvement status	1219864
PI_615141	Ames 19040	Cucurbita pepo	Kazakhstan	Fruit large.	Uncertain improvement status	781867
PI_615142	Ames 19041	Cucurbita pepo	Kazakhstan	Eating type.	Uncertain improvement status	837099
PI_615143	Ames 19042	Cucurbita pepo	Kazakhstan	Fruit pickled.	Uncertain improvement status	925397
PI_615144	Baskirskaja 245	Cucurbita pepo	Russian Federation	From Bashkortostan region; annual advanced cultivar, entering katalog in 1956.	Cultivar	1118042
PI_615145	Ukrainskaja Mnogoplodnaja	Cucurbita pepo	Ukraine	NA	Cultivar	981712
PI_615146	Luc	Cucurbita pepo	Ukraine	NA	Cultivar	793255
PI_615147	Belyje 13	Cucurbita pepo	Russian Federation	Breeding resource from Russia entering into katalog in 1953 per VIR database.	Cultivar	923973
PI_615148	Sote 38	Cucurbita pepo	Moldova	NA	Cultivar	1066619
PI_615149	Chappankaddu	Cucurbita pepo	India	(Kadoo, Kadu, Kaddu = pumpkin/squash.)	Landrace	893321
PI_615150	Chappankaddu	Cucurbita pepo	India	(Kadoo, Kadu, Kaddu = pumpkin/squash.)	Landrace	840950
PI_615151	Chappankaddu	Cucurbita pepo	India	(Kadoo, Kadu, Kaddu = pumpkin/squash.)	Landrace	1357697
PI_615152	Little Chicago Miniature Pumpkin	Cucurbita pepo	United States	Composite of 7 strains (including 2 gourd influenced); white, yellow, orange, etc.; all developed locally.	Cultivated material	1231170
PI_615153	Mandan	Cucurbita pepo	United States	NA	Cultivar	1350659
PI_615154	7000	Cucurbita pepo	Nepal	NA	Cultivated material	1307612
PI_615155	Ames 24519	Cucurbita pepo	Russian Federation	Good vigor; gives 2 or 3 fruits of 8 pounds each; seeds are green skinned, large; seed yield is not much above 1 cup per fruit.	Cultivated material	1365291
PI_93458	NA	Cucurbita pepo	China	Commercial varieties, collected in Harbin in March 1931, and introduced for the use of department specialists.  Seeds purchased through Peter Liu, Peiping. Received May 22, 1931.	Cultivar	1071676
