accession_id	country	accession_name	taxonomy	narrative	cultivar_class	improvement_status	region	1	2	3	4	5	6	grp	pos
PI_451835	Guatemala	NA	Cucurbita moschata	Fruit star-shaped. Local name Ayote.	NA	NA	South/Latin America	1e-5	0.99995	1e-5	1e-5	1e-5	1e-5	2	229
PI_438579	Guatemala	HW 0179	Cucurbita moschata	NA	NA	NA	South/Latin America	1e-5	0.999943	1.7e-5	1e-5	1e-5	1e-5	2	223
PI_195312	Guatemala	2646	Cucurbita moschata	NA	NA	NA	South/Latin America	0.151568	0.40958	0.054557	0.131246	0.066633	0.186416	6	30
PI_438578	Guatemala	HW 0179	Cucurbita moschata	Commonly called Ayote.	NA	NA	South/Latin America	1e-5	0.747615	0.029921	0.014187	1e-5	0.208257	2	205
PI_312125	Guatemala	AYOTE	Cucurbita moschata	NA	NA	NA	South/Latin America	1e-5	0.919757	0.022055	1e-5	1e-5	0.058159	2	230
PI_449348	Guatemala	NA	Cucurbita moschata	Local name Ixchilcum.	NA	NA	South/Latin America	1e-5	0.911523	1e-5	1e-5	1e-5	0.088437	2	232
PI_449349	Guatemala	NA	Cucurbita moschata	Local name Pepita.	NA	NA	South/Latin America	1e-5	0.921291	1e-5	1e-5	1e-5	0.078669	2	234
PI_451839	Guatemala	NA	Cucurbita moschata	Fruit figure 8-shaped with upper half ribbed. Local name Ayote.	NA	NA	South/Latin America	1e-5	0.99995	1e-5	1e-5	1e-5	1e-5	2	228
PI_451846	Guatemala	NA	Cucurbita moschata	Fruit small, round. Local name Ayote.	NA	NA	South/Latin America	0.026438	0.571447	0.01295	0.36911	1e-5	0.020045	2	200
PI_194570	Guatemala	2543	Cucurbita moschata	NA	NA	NA	South/Latin America	1e-5	0.916969	1e-5	1e-5	1e-5	0.082991	2	233
PI_489695	Guatemala	K801-30	Cucurbita moschata	Fruits large, bottle-gourd shape, dark tan with few spots, 1.6kg. Local name Ayote.	NA	Cultivated material	South/Latin America	1e-5	0.609095	1e-5	0.009001	1e-5	0.381873	1	284
PI_197154	Guatemala	AYOTE	Cucurbita moschata	NA	NA	NA	South/Latin America	0.17948	0.110124	0.225651	0.271193	0.070903	0.142649	6	34
PI_458746	Guatemala	M 27172	Cucurbita moschata	Fruit 2.6kg, whitish, shaped like acorn squash. Received as Cucurbita sp.  Local name Ayote.	NA	NA	South/Latin America	0.018333	0.821233	0.002933	1e-5	1e-5	0.15748	2	204
Grif_14225	Guatemala	Grif 14225	Cucurbita moschata	NA	NA	Cultivated material	South/Latin America	0.008152	0.843167	0.017994	0.122774	1e-5	0.007903	2	212
PI_489694	Guatemala	K801-27	Cucurbita moschata	Warm, humid area. Fruits large, round, cream colored. Flesh about 3cm thick, dark orange. Seeds with deep brown margin. Local name Ayote.	NA	Cultivated material	South/Latin America	1e-5	0.134201	1e-5	0.075363	0.01365	0.776766	1	235
PI_451845	Guatemala	NA	Cucurbita moschata	Fruit pear-shaped. Local name Ayote.	NA	NA	South/Latin America	1e-5	0.487759	0.072885	0.439326	1e-5	1e-5	2	196
PI_458745	Guatemala	M 27171	Cucurbita moschata	Fruit 2.8kg, long. Received as Cucurbita sp. Local name Ayote.	NA	NA	South/Latin America	1e-5	0.99995	1e-5	1e-5	1e-5	1e-5	2	225
PI_451841	Guatemala	NA	Cucurbita moschata	Fruit crook-neck shaped. Local name Ayote.	NA	NA	South/Latin America	1e-5	0.99995	1e-5	1e-5	1e-5	1e-5	2	227
PI_451848	Guatemala	NA	Cucurbita moschata	Local name Ayote.	NA	NA	South/Latin America	1e-5	0.99995	1e-5	1e-5	1e-5	1e-5	2	226
PI_200737	Guatemala	3512	Cucurbita moschata	NA	NA	NA	South/Latin America	1e-5	0.910653	1e-5	1e-5	1e-5	0.089307	2	231
PI_381808	India	P-5	Cucurbita moschata	NA	NA	NA	Asia	1e-5	1e-5	0.99995	1e-5	1e-5	1e-5	5	60
PI_174819	India	KADU	Cucurbita moschata	fruit flattened, 12 by 15in, buff with paler spots, deeply ribbed	NA	NA	Asia	1e-5	1e-5	0.99995	1e-5	1e-5	1e-5	5	66
PI_164168	India	KADU	Cucurbita moschata	Good keeper, but flesh of poor quality	NA	NA	Asia	0.014903	0.535052	0.450015	1e-5	1e-5	1e-5	2	202
PI_164312	India	PUSHNIKAI	Cucurbita moschata	NA	NA	NA	Asia	0.24935	0.246238	0.291265	0.03653	0.010573	0.166044	6	35
PI_271345	India	Indor	Cucurbita moschata	Received as Cucurbita maxima.	NA	NA	Asia	1e-5	1e-5	0.99995	1e-5	1e-5	1e-5	5	67
Grif_5606	India	USM 298	Cucurbita moschata	NA	NA	NA	Asia	1e-5	1e-5	0.99995	1e-5	1e-5	1e-5	5	70
PI_163230	India	Kadu	Cucurbita moschata	NA	NA	NA	Asia	0.328622	0.139787	0.4933	0.0257	1e-5	0.012581	5	49
Grif_14488	India	CP-99-02	Cucurbita moschata	NA	NA	Uncertain improvement status	Asia	1e-5	1e-5	0.99995	1e-5	1e-5	1e-5	5	62
PI_271341	India	NA	Cucurbita moschata	NA	NA	NA	Asia	0.726976	1e-5	0.272984	1e-5	1e-5	1e-5	6	20
PI_381807	India	P-4	Cucurbita moschata	NA	NA	NA	Asia	1e-5	1e-5	0.99995	1e-5	1e-5	1e-5	5	59
PI_381818	India	P-22	Cucurbita moschata	NA	NA	NA	Asia	0.334508	0.062892	0.404082	1e-5	0.163944	0.034564	5	44
PI_165575	India	KADU	Cucurbita moschata	Fruit flattened, 15in across, heavily ribbed, pale-buff	NA	NA	Asia	0.389673	1e-5	0.610287	1e-5	1e-5	1e-5	5	50
PI_214156	India	KUMBALKA 13453	Cucurbita moschata	Yellow, ribbed, oblate medium-sized; cooked and eaten as a vegetable	NA	NA	Asia	0.40937	0.077211	0.422847	1e-5	0.090553	1e-5	5	42
PI_174817	India	KADU	Cucurbita moschata	Fruit buff, spotted with white	NA	NA	Asia	0.324649	0.044143	0.251129	0.380059	1e-5	1e-5	6	39
PI_174818	India	9865	Cucurbita moschata	Fruit subelongate, 15 by 12in, buff, deeply ribbed	NA	NA	Asia	1e-5	1e-5	0.010095	1e-5	0.989865	1e-5	4	122
PI_381812	India	P-11	Cucurbita moschata	NA	NA	NA	Asia	1e-5	1e-5	0.99995	1e-5	1e-5	1e-5	5	63
PI_271338	India	Indor	Cucurbita moschata	NA	NA	NA	Asia	0.414503	1e-5	0.585457	1e-5	1e-5	1e-5	5	51
PI_165995	India	KADU	Cucurbita moschata	Fruit subglobose, 10in in diameter, buff	NA	NA	Asia	0.174484	0.216716	0.569787	0.038993	1e-5	1e-5	5	57
PI_381820	India	P-25	Cucurbita moschata	NA	NA	NA	Asia	0.254975	1e-5	0.744985	1e-5	1e-5	1e-5	5	54
PI_381817	India	P-20	Cucurbita moschata	NA	NA	NA	Asia	1e-5	1e-5	0.99995	1e-5	1e-5	1e-5	5	64
PI_165561	India	KADU	Cucurbita moschata	NA	NA	NA	Asia	0.266693	1e-5	0.733267	1e-5	1e-5	1e-5	5	53
PI_381819	India	P-23	Cucurbita moschata	NA	NA	NA	Asia	1e-5	1e-5	0.99995	1e-5	1e-5	1e-5	5	65
Grif_5603	India	USM 109	Cucurbita moschata	NA	NA	NA	Asia	1e-5	1e-5	0.99995	1e-5	1e-5	1e-5	5	71
PI_212899	India	13474	Cucurbita moschata	NA	NA	NA	Asia	0.239324	1e-5	0.760636	1e-5	1e-5	1e-5	5	52
PI_381815	India	P-16	Cucurbita moschata	NA	NA	NA	Asia	0.35427	0.06331	0.37583	0.022969	0.16041	0.023211	5	45
PI_381814	India	P-15	Cucurbita moschata	NA	NA	NA	Asia	1e-5	1e-5	0.99995	1e-5	1e-5	1e-5	5	61
PI_267753	United States	G8754	Cucurbita moschata	Plants vigorous, midseason variety; fruit 22in long with 10in bulk and 8in neck, 10-20 grooves, tan netted, green, waxy; flesh 3in thick, orange. 3 large fruits per plant, often weighing over 100lbs.	NA	NA	North America	0.860707	1e-5	0.107988	0.031275	1e-5	1e-5	6	25
PI_201772	United States	NA	Cucurbita moschata	NA	NA	Wild material	North America	0.410486	0.24381	0.145585	0.193005	1e-5	0.007104	6	41
PI_358507	United States	GOLDEN CUSHAW	Cucurbita moschata	NA	NA	NA	North America	0.645858	0.298486	1e-5	0.007008	0.009214	0.039424	6	1
PI_267752	United States	G8753	Cucurbita moschata	Plants medium vigor, midseason variety leaf small; fruit 14in long with 6in bulb and 4in neck; light green, long, slender, smooth, curved neck; flesh orange; seed brown.	NA	NA	North America	0.774194	0.132951	1e-5	1e-5	0.032219	0.060616	6	13
PI_427213	United States	NA	Cucurbita moschata	Flattened at blossom end and tapers gradually to stem end, weight 2kg, brownish orange.	NA	NA	North America	0.702315	0.274324	1e-5	1e-5	0.023331	1e-5	6	8
Grif_15151	United States	Cow Pumpkin	Cucurbita moschata	"""Jack o'latern shaped"", solid green at first maturing to an orange tan, fairly good table quality, large seed cavity, thin fruit walls.  Probably polymorphic."	NA	Uncertain improvement status	North America	0.581539	0.289713	1e-5	1e-5	0.028178	0.10055	6	3
Grif_9457	United States	TWW 119	Cucurbita moschata	Shows good resistance to powdery mildew.	NA	NA	North America	0.364123	0.410494	1e-5	0.032446	0.037371	0.155556	6	28
PI_427214	United States	NA	Cucurbita moschata	Brittingham. Vine type. Fruit depressed globose, weight 2kg, brownish orange. Used for pies.	NA	NA	North America	0.628594	0.272864	1e-5	1e-5	0.031328	0.067193	6	2
PI_427212	United States	NA	Cucurbita moschata	Large Butternut Squash. Elongate cylindrical, curved, blossom end bulbous, 10cm diameter. Used for pies.	NA	NA	North America	0.689456	0.271774	1e-5	1e-5	0.03874	1e-5	6	7
PI_326320	United States	WHITE AFRICAN	Cucurbita moschata	Vine trailing; fruit white, 10 to 20 pounds. Good table quality; good winter keeper.	NA	NA	North America	0.99995	1e-5	1e-5	1e-5	1e-5	1e-5	6	11
PI_419137	China	NA	Cucurbita moschata	Sweet type	NA	NA	Asia	1e-5	1e-5	0.646447	0.353513	1e-5	1e-5	5	78
PI_419083	China	Mou Pan	Cucurbita moschata	NA	NA	NA	Asia	0.012565	1e-5	0.608696	0.365031	0.013688	1e-5	5	76
Grif_1583	China	FENG ZHEN FAN GUA	Cucurbita moschata	NA	NA	NA	Asia	0.1784	1e-5	1e-5	1e-5	1e-5	0.82156	1	242
PI_419202	China	NA	Cucurbita moschata	NA	NA	NA	Asia	1e-5	1e-5	0.666772	0.333188	1e-5	1e-5	5	79
PI_634695	China	ZHAN YANG XI HU LU	Cucurbita moschata	NA	NA	NA	Asia	0.175968	1e-5	1e-5	1e-5	1e-5	0.823992	1	243
PI_418965	China	Sui-De-Fu	Cucurbita moschata	Fruit round, sweet. Midseason.	NA	NA	Asia	1e-5	1e-5	0.622286	0.377674	1e-5	1e-5	5	77
Grif_1738	Nepal	Grif 1738	Cucurbita moschata	Identifications by Dr. C. R. Gunn.	NA	NA	Asia	1e-5	1e-5	0.99995	1e-5	1e-5	1e-5	5	68
PI_634705	Nepal	8083	Cucurbita moschata	NA	NA	Uncertain improvement status	Asia	1e-5	1e-5	0.99995	1e-5	1e-5	1e-5	5	73
Grif_935	Nepal	86-44	Cucurbita moschata	Received as Cucurbita sp.	NA	NA	Asia	1e-5	1e-5	0.99995	1e-5	1e-5	1e-5	5	69
PI_135371	Afghanistan	4947	Cucurbita moschata	Fruit globose with an exceptionally long neck (13in), 22in in length; rind gold buff with splashes of paler gold, faintly ribbed; flesh orange, sweet, and tender; seed cavity heart-shaped, 5 by 8in, an excellent variety	NA	NA	Asia	0.685765	0.269651	0.044554	1e-5	1e-5	1e-5	6	6
PI_169415	Turkey	3615	Cucurbita moschata	NA	NA	NA	Europe	0.800656	1e-5	0.199304	1e-5	1e-5	1e-5	6	23
PI_174194	Turkey	8766	Cucurbita moschata	NA	NA	NA	Europe	0.799992	1e-5	0.199968	1e-5	1e-5	1e-5	6	22
PI_182197	Turkey	10624	Cucurbita moschata	NA	NA	NA	Europe	0.289504	0.340671	0.27446	0.057276	1e-5	0.038079	6	32
PI_169413	Turkey	3184	Cucurbita moschata	NA	NA	NA	Europe	0.99995	1e-5	1e-5	1e-5	1e-5	1e-5	6	12
PI_165033	Turkey	KARAKABAK	Cucurbita moschata	NA	NA	NA	Europe	0.527501	1e-5	0.420193	0.031311	0.020975	1e-5	5	48
PI_169410	Turkey	2111	Cucurbita moschata	Sweet type	NA	NA	Europe	0.672273	0.214136	0.113562	1e-5	1e-5	1e-5	6	5
PI_169441	Turkey	BOGUNLER 2196	Cucurbita moschata	NA	NA	NA	Europe	0.888508	1e-5	0.111452	1e-5	1e-5	1e-5	6	26
PI_438781	Mexico	HW 0179	Cucurbita moschata	Fruit ovoid, ribbed tan with buff mottling, 25cm diam., 20cm long.	NA	NA	South/Latin America	0.006934	0.07064	1e-5	0.922396	1e-5	1e-5	3	147
PI_438782	Mexico	HW 0179	Cucurbita moschata	Fruit flattened globose, slightly ribbed, warty, buff.	NA	NA	South/Latin America	1e-5	0.023944	1e-5	0.966997	1e-5	0.009029	3	143
PI_438784	Mexico	HW 0179	Cucurbita moschata	Fruit ovate, slightly ribbed, orange, 30cm diam., 30cm long.	NA	NA	South/Latin America	0.00991	0.853472	0.010223	0.126375	1e-5	1e-5	2	213
PI_312165	Mexico	CALABASA LECHONGA	Cucurbita moschata	NA	NA	NA	South/Latin America	1e-5	0.049421	0.007028	1e-5	1e-5	0.94352	1	268
PI_262890	Mexico	CALABASRO SEGUALCA	Cucurbita moschata	Fruit large, oblong, dark green; squash and seeds eaten	NA	NA	South/Latin America	0.183539	0.033137	0.139734	0.52291	0.088909	0.031771	3	173
PI_438731	Mexico	HW 0179	Cucurbita moschata	Fruit flattened-oblate, deeply ribbed at base, dark buff. Rind hard. Flesh  medium thick, light orange. Locally called Knoc kun (Cascara dura).	NA	NA	South/Latin America	1e-5	1e-5	3.73e-4	1e-5	1e-5	0.999587	1	255
PI_438724	Mexico	HW 0179	Cucurbita moschata	Obtained from Moises Gomez. Fruit flattened ovoid, ribbed, buff. Rind hard.  Flesh thick, orange. Locally called Tockun.	NA	NA	South/Latin America	1e-5	0.037132	1e-5	0.045166	0.006593	0.911089	1	245
PI_438780	Mexico	HW 0179	Cucurbita moschata	NA	NA	NA	South/Latin America	1e-5	1e-5	1e-5	0.99995	1e-5	1e-5	3	141
PI_442263	Mexico	NA	Cucurbita moschata	Fruits green, light green striped, yellow at maturity, pyriform with pronounced  neck, 23cm long, 15cm diam. Rind 1 mm thick. Flesh lemon yellow. Local name  Calabaza de Castilla.	NA	NA	South/Latin America	0.013007	1e-5	0.149559	0.823997	0.013417	1e-5	3	154
PI_438737	Mexico	HW 0179	Cucurbita moschata	Fruit large, ovoid, ribbed, light tan, mottled dark green. Rind very hard.  Seeds many, plump.	NA	NA	South/Latin America	1e-5	0.007629	1e-5	1e-5	1e-5	0.992331	1	254
PI_438767	Mexico	HW 0179	Cucurbita moschata	Fruit bluntly obovate, shallow ribs, deep tan, 15cm long.	NA	NA	South/Latin America	1e-5	0.117183	0.026734	1e-5	1e-5	0.856054	1	238
PI_442262	Mexico	NA	Cucurbita moschata	Fruits tan, large, oblong, slightly bell-shaped, 40cm long, 26cm diam. Rind 2mm  thick. Flesh deep orange. Local name Calabaza de Castilla.	NA	NA	South/Latin America	0.048173	0.082003	0.11277	0.715111	0.026332	0.015612	3	180
PI_438722	Mexico	NA	Cucurbita moschata	Obtained from F. Cardenas R. Fruit pear shaped, 1.8kg. Seeds white with dark border.	NA	NA	South/Latin America	1e-5	0.066892	0.030664	0.815516	0.046861	0.040057	3	157
PI_438788	Mexico	HW 0179	Cucurbita moschata	Obtained by Juan Santo.	NA	NA	South/Latin America	1e-5	1e-5	1e-5	0.99995	1e-5	1e-5	3	142
PI_438723	Mexico	HW 0179	Cucurbita moschata	Fruit flat, many lobed, dull yellow. Eaten when young. Locally called Kanasin.	NA	NA	South/Latin America	1e-5	1e-5	1e-5	1e-5	1e-5	0.99995	1	265
PI_438791	Mexico	HW 0179	Cucurbita moschata	NA	NA	NA	South/Latin America	1e-5	0.449268	1e-5	0.507071	1e-5	0.043631	2	195
PI_438725	Mexico	HW 0179	Cucurbita moschata	Obtained from Moises Gomez. Fruit ovoid, slightly ribbed, buff. Locally called  Tockun.	NA	NA	South/Latin America	1e-5	0.049645	0.013864	1e-5	1e-5	0.936461	1	269
PI_172344	Mexico	PEPITO	Cucurbita moschata	Seeds are roasted, shelled, and eaten	NA	NA	South/Latin America	0.20878	0.27471	0.099622	0.146668	0.082002	0.188217	6	29
PI_438732	Mexico	HW 0179	Cucurbita moschata	Fruit extremely flat, deeply lobed, dark buff, reticulated dark green. Flesh  thin, dark orange.	NA	NA	South/Latin America	1e-5	1e-5	1e-5	1e-5	1e-5	0.99995	1	267
PI_438733	Mexico	HW 0179	Cucurbita moschata	Fruit small, flat, ribbed, dark brown. Rind thin. Flesh medium thick, dark  orange.	NA	NA	South/Latin America	1e-5	1e-5	1e-5	1e-5	1e-5	0.99995	1	266
PI_438735	Mexico	HW 0179	Cucurbita moschata	Fruit oblate-flattened, ribbed, buff. Rind hard. Many seeded.	NA	NA	South/Latin America	1e-5	0.023014	1e-5	1e-5	1e-5	0.976946	1	273
PI_438736	Mexico	HW 0179	Cucurbita moschata	Fruit spherical, ribbed, light tan. Rind very hard.	NA	NA	South/Latin America	1e-5	1e-5	1e-5	0.009796	1e-5	0.990164	1	253
PI_574552	Mexico	xmehen k'uum = early squash	Cucurbita moschata	Fruit dark green-skinned, with dark orange flesh, patty pan shaped. Seeds small, white with brown margins	NA	Landrace	South/Latin America	1e-5	1e-5	0.023306	1e-5	1e-5	0.976654	1	248
PI_442264	Mexico	NA	Cucurbita moschata	Fruits tan, pyriform, 25cm long, 22cm diam. Rind 0.5mm thick. Placenta deep orange. Flesh lemon yellow. Local name Calabaza de Castilla.	NA	NA	South/Latin America	1e-5	0.066186	0.1362	0.797585	1e-5	1e-5	3	155
PI_438741	Mexico	HW 0179	Cucurbita moschata	Fruit spherical, slightly ribbed, orange-buff. Rind hard. Flesh thin, pale  orange.	NA	NA	South/Latin America	1e-5	1e-5	1e-5	1e-5	1e-5	0.99995	1	262
PI_438771	Mexico	HW 0179	Cucurbita moschata	Fruit club shaped, tan with dark green spots, 10cm diam., 28cm long.	NA	NA	South/Latin America	1e-5	0.029551	1e-5	1e-5	1e-5	0.970409	1	272
PI_438747	Mexico	HW 0179	Cucurbita moschata	NA	NA	NA	South/Latin America	1e-5	1e-5	1e-5	1e-5	1e-5	0.99995	1	263
PI_442271	Mexico	NA	Cucurbita moschata	Fruits light green, tan mottling, turban-shaped, 16m long, 25cm diam. Local  name Calabaza.	NA	NA	South/Latin America	1e-5	0.56509	1e-5	0.379243	0.014706	0.040941	2	201
PI_438790	Mexico	HW 0179	Cucurbita moschata	Obtained from Jose Sinica Fiscal.	NA	NA	South/Latin America	1e-5	1e-5	1e-5	0.99995	1e-5	1e-5	3	138
PI_442273	Mexico	NA	Cucurbita moschata	Fruits green, light green striped, turban-shaped, 16cm long, 20cm diam.	NA	NA	South/Latin America	1e-5	1e-5	1e-5	0.959399	1e-5	0.040561	3	137
PI_438792	Mexico	HW 0179	Cucurbita moschata	NA	NA	NA	South/Latin America	1e-5	0.484751	1e-5	0.510952	1e-5	0.004267	2	194
PI_438794	Mexico	HW 0179	Cucurbita moschata	Fruit spindle shaped, light buff, 30cm diam., 64cm long.	NA	NA	South/Latin America	1e-5	1e-5	0.041985	0.914353	1e-5	0.043633	3	136
PI_438795	Mexico	HW 0179	Cucurbita moschata	Fruit long elliptic, shallow ribs, light buff, mottled tan and green,  20cm diam., 45cm long. Many seeds germinating. Locally called Tomala.	NA	NA	South/Latin America	1e-5	0.724563	0.04168	0.233727	1e-5	1e-5	2	193
PI_442258	Mexico	NA	Cucurbita moschata	Fruits dark green, tan-striped, turban-shaped, 11cm long, 18cm diam. Local name  Calabaza.	NA	NA	South/Latin America	0.029175	1e-5	0.055002	0.846929	0.068874	1e-5	3	165
PI_438798	Mexico	HW 0179	Cucurbita moschata	Fruit long necked, 12cm diam. at widest part, 30cm long, orange buff, green  on neck.	NA	NA	South/Latin America	1e-5	0.904118	1e-5	0.095842	1e-5	1e-5	2	222
PI_438799	Mexico	HW 0179	Cucurbita moschata	NA	NA	NA	South/Latin America	1e-5	0.832707	0.027695	0.103699	1e-5	0.03588	2	215
PI_438800	Mexico	HW 0179	Cucurbita moschata	NA	NA	NA	South/Latin America	1e-5	0.839073	0.003217	0.157681	1e-5	1e-5	2	207
PI_438739	Mexico	HW 0179	Cucurbita moschata	Fruit small, deeply ribbed at stem end, apically dome-shaped, smooth, dark  orange buff, marked brown. Rind soft.	NA	NA	South/Latin America	1e-5	0.008752	0.015929	1e-5	1e-5	0.975289	1	247
PI_438802	Mexico	HW 0179	Cucurbita moschata	Obtained from Alfonso Lopez. Forage type.	NA	NA	South/Latin America	1e-5	0.869263	1e-5	0.130697	1e-5	1e-5	2	209
PI_438708	Mexico	NA	Cucurbita moschata	Locally called Tallallota.	NA	NA	South/Latin America	1e-5	0.044879	1e-5	0.867555	1e-5	0.087537	3	134
PI_438808	Mexico	HW 0179	Cucurbita moschata	Obtained from F. Cardenas R.	NA	NA	South/Latin America	1e-5	0.132021	1e-5	0.867939	1e-5	1e-5	3	159
PI_438748	Mexico	HW 0179	Cucurbita moschata	NA	NA	NA	South/Latin America	1e-5	1e-5	1e-5	1e-5	1e-5	0.99995	1	264
PI_438750	Mexico	HW 0179	Cucurbita moschata	NA	NA	NA	South/Latin America	1e-5	1e-5	1e-5	1e-5	1e-5	0.99995	1	261
PI_438751	Mexico	HW 0179	Cucurbita moschata	NA	NA	NA	South/Latin America	0.003969	0.043587	0.017522	1e-5	1e-5	0.934902	1	270
PI_438752	Mexico	HW 0179	Cucurbita moschata	NA	NA	NA	South/Latin America	1e-5	0.003375	1e-5	0.068413	1e-5	0.928182	1	244
PI_438753	Mexico	HW 0179	Cucurbita moschata	Fruit flat, 10 lobed, 25cm diam., tan with dark green reticulations.	NA	NA	South/Latin America	1e-5	0.006522	1e-5	0.004178	0.011146	0.978133	1	250
PI_438796	Mexico	HW 0179	Cucurbita moschata	Seeds mixed.	NA	NA	South/Latin America	1e-5	0.807469	0.044951	0.147255	1e-5	3.06e-4	2	206
PI_442278	Mexico	NA	Cucurbita moschata	Fruits dark tan, black mottling, slight bloom, turban-shaped, 12cm long, 14cm  diam. Local name Calabaza.	NA	NA	South/Latin America	1e-5	0.142466	1e-5	0.842786	0.014718	1e-5	3	158
PI_438759	Mexico	HW 0179	Cucurbita moschata	Fruit flattened ovate, shallow ribs, white, 23cm diam.	NA	NA	South/Latin America	1e-5	0.064693	0.023415	1e-5	1e-5	0.911862	1	240
PI_438760	Mexico	HW 0179	Cucurbita moschata	Fruit ovoid, shallow ribs, white, 17cm diam., 23cm long. Flesh cream.	NA	NA	South/Latin America	1e-5	1e-5	0.001223	0.452822	0.011816	0.53412	1	281
PI_442247	Mexico	NA	Cucurbita moschata	Vines. Fruits light tan, slightly green mottled, 16cm long, 18cm diam. Local name Calabasa.	NA	NA	South/Latin America	0.032745	1e-5	1e-5	0.886444	0.080781	1e-5	3	161
PI_438770	Mexico	HW 0179	Cucurbita moschata	Fruit short club shaped, ribbed, neck 11.5cm diam., 15cm long, body 23cm diam.,  13cm long.	NA	NA	South/Latin America	1e-5	0.245095	1e-5	0.139861	1e-5	0.615014	1	283
PI_438743	Mexico	HW 0179	Cucurbita moschata	Fruit large, curved, club-shaped, ribbed, pale tan, 15cm diam., 45cm long. Rind  hard. Flesh thin, dark orange.	NA	NA	South/Latin America	1e-5	0.093746	1e-5	0.002833	1e-5	0.903391	1	239
PI_438772	Mexico	HW 0179	Cucurbita moschata	Fruit globose, smooth, striped and reticulated dark green, 20cm long.	NA	NA	South/Latin America	1e-5	0.42264	0.012191	0.132401	1e-5	0.432748	1	286
PI_438773	Mexico	HW 0179	Cucurbita moschata	Fruit flattened globose, deeply ribbed, buff, 20cm diam.	NA	NA	South/Latin America	1e-5	0.204398	1e-5	0.014959	1e-5	0.780613	1	236
PI_438775	Mexico	HW 0179	Cucurbita moschata	NA	NA	NA	South/Latin America	1e-5	0.066248	1e-5	0.531246	1e-5	0.402476	1	279
PI_438776	Mexico	HW 0179	Cucurbita moschata	NA	NA	NA	South/Latin America	1e-5	0.037954	0.006254	0.395395	1e-5	0.560377	1	280
PI_438777	Mexico	HW 0179	Cucurbita moschata	Seeds large.	NA	NA	South/Latin America	1e-5	0.179185	0.020296	0.571694	1e-5	0.228805	3	182
PI_438778	Mexico	HW 0179	Cucurbita moschata	NA	NA	NA	South/Latin America	1e-5	0.040864	0.011986	0.04089	1e-5	0.90624	1	246
PI_438779	Mexico	HW 0179	Cucurbita moschata	NA	NA	NA	South/Latin America	1e-5	0.045358	0.024075	0.885882	0.015478	0.029198000000000002	3	149
PI_438756	Mexico	HW 0179	Cucurbita moschata	Fruit oblate, deeply lobed, warty, 25cm diam.	NA	NA	South/Latin America	1e-5	0.013961	1e-5	0.005907	0.027993	0.952118	1	271
PI_442280	Mexico	NA	Cucurbita moschata	Fruits tan, dark green mottling, slight bloom, Canadian Crookneck shape, 31cm long, 13cm diam.	NA	NA	South/Latin America	1e-5	0.128468	0.017726	0.853776	1e-5	1e-5	3	160
PI_442283	Mexico	NA	Cucurbita moschata	Fruits tan, dark green mottling, tan mottling at maturity, turban-shaped, 15.8  long, 20cm diam. Local name Calabaza criolla.	NA	NA	South/Latin America	0.042589	0.389772	0.048422	0.516454	0.002753	1e-5	3	186
PI_442284	Mexico	NA	Cucurbita moschata	Fruits dark tan, ovate, 20cm long, 18.4cm diam. Local name Calabaza criolla.	NA	NA	South/Latin America	1e-5	0.99995	1e-5	1e-5	1e-5	1e-5	2	224
PI_438785	Mexico	HW 0179	Cucurbita moschata	Fruit elliptical, slightly ribbed, orange marked green, 28cm diam., 46cm long.	NA	NA	South/Latin America	1e-5	1e-5	1e-5	0.99995	1e-5	1e-5	3	140
PI_442249	Mexico	NA	Cucurbita moschata	Local name Calabaza.	NA	NA	South/Latin America	0.056744	1e-5	0.007319	0.877874	0.058042	1e-5	3	162
PI_438787	Mexico	HW 0179	Cucurbita moschata	Fruit depressed globose, ribbed. Rind soft, mottled green and tan, 33cm diam.,  20cm long.	NA	NA	South/Latin America	1e-5	0.019387	1.3e-5	0.980569	1e-5	1e-5	3	144
PI_442288	Mexico	NA	Cucurbita moschata	Fruits tan, dark green and tan mottled, turban-shaped, 15cm long, 22.7cm diam.  Placenta brown. Flesh greenish. Local name Calabaza criolla.	NA	NA	South/Latin America	1e-5	0.89853	0.021657	0.07866	1e-5	0.001133	2	221
PI_442272	Mexico	NA	Cucurbita moschata	Fruits light green, tan mottling, turban-shaped, 23cm long, 22cm diam. Local  name Calabaza camotuda.	NA	NA	South/Latin America	1e-5	1e-5	1e-5	0.482054	1e-5	0.517906	1	282
PI_634696	Mexico	Castillo	Cucurbita moschata	NA	NA	Cultivated material	South/Latin America	0.005442	0.119112	0.180479	0.6519	1e-5	0.043057	3	175
PI_442274	Mexico	NA	Cucurbita moschata	Fruits tan, flattened-round, warty, 14cm long, 19cm diam. Primitive type.	NA	NA	South/Latin America	1e-5	0.623817	1e-5	0.267217	1e-5	0.108937	2	188
PI_442275	Mexico	NA	Cucurbita moschata	Fruits mottled green and tan, heavy bloom, top-shaped, 21cm long, 15cm diam.	NA	NA	South/Latin America	0.002778	0.578	0.008495	0.343265	1e-5	0.067452	2	199
PI_442277	Mexico	NA	Cucurbita moschata	Fruits tan, turban-shaped, 12cm long, 19cm diam. Local name Calabaza.	NA	NA	South/Latin America	0.003629	0.56832800000000006	1e-5	0.428013	1e-5	1e-5	2	198
PI_442257	Mexico	NA	Cucurbita moschata	Fruits dark green, splotchy yellow at maturity, slight bloom, surface slightly  lumpy, pear-shaped, 23cm long, 24cm diam. Local name Calabaza.	NA	NA	South/Latin America	1e-5	1e-5	0.022011	0.935924	0.042035	1e-5	3	145
PI_438758	Mexico	HW 0179	Cucurbita moschata	Fruit obovate, faintly ribbed, nearly white, 15cm diam., 25cm long.	NA	NA	South/Latin America	1e-5	1e-5	0.006658	1e-5	1e-5	0.993302	1	251
PI_512177	Mexico	Calabaza de Castilla.	Cucurbita moschata	Two fruits, round, slightly flattened with shallow ribs, rind dark green with tan mottling.	NA	Cultivated material	South/Latin America	0.038355	1e-5	0.044749	0.866794	0.050082	1e-5	3	166
PI_634703	Mexico	965b	Cucurbita moschata	Pepos purchased in market from woman from San Juan del Rio.	NA	Cultivated material	South/Latin America	1e-5	0.057174	0.025659	0.899503	0.013389	0.004264	3	148
PI_438801	Mexico	HW 0179	Cucurbita moschata	Vegetable variety.	NA	NA	South/Latin America	1e-5	0.872205	1e-5	0.127755	1e-5	1e-5	2	210
PI_442286	Mexico	NA	Cucurbita moschata	Fruits dark orange, dark green and tan mottled, bell-shaped, 16.7cm long, 13.2  cm diam. Local name Calabaza criolla.	NA	NA	South/Latin America	1e-5	0.938974	1e-5	0.053135	1e-5	0.007861	2	217
PI_438803	Mexico	HW 0179	Cucurbita moschata	NA	NA	NA	South/Latin America	0.441838	0.519176	0.015632	0.023335	1e-5	1e-5	6	31
PI_442250	Mexico	NA	Cucurbita moschata	Local name Calabaza.	Calabaza	NA	South/Latin America	0.006592	1e-5	1e-5	0.915139	0.078239	1e-5	3	146
PI_438811	Mexico	HW 0179	Cucurbita moschata	Fruit flat, many lobes, dull yellow. Locally called Kanasin.	NA	NA	South/Latin America	1e-5	1e-5	1e-5	1e-5	1e-5	0.99995	1	259
PI_438815	Mexico	HW 0179	Cucurbita moschata	Fruit flat, ribbed, dark brown with heavy bloom. Rind soft, thick. Flesh dark orange.	NA	NA	South/Latin America	1e-5	1e-5	1e-5	1e-5	1e-5	0.99995	1	260
PI_438826	Mexico	HW 0179	Cucurbita moschata	Locally called Tamala.	NA	NA	South/Latin America	1e-5	0.637077	0.068842	0.294051	1e-5	1e-5	2	190
PI_438827	Mexico	HW 0179	Cucurbita moschata	NA	NA	NA	South/Latin America	1e-5	0.732833	0.003405	0.244741	0.019002	1e-5	2	191
PI_438828	Mexico	HW 0179	Cucurbita moschata	Fruit depressed globose, ribbed. Rind rough, wrinkled dark buff, 25cm diam., 18 cm long.	NA	NA	South/Latin America	1e-5	0.818163	1e-5	0.181797	1e-5	1e-5	2	208
PI_634700	Mexico	Tamalajote	Cucurbita moschata	Pepo obtained from Sr. Donaciano Cruz Reyes.  This calabasa is the more common of the two cultivated in this region and is preferred for its flesh.  N.V. Tamala	NA	Cultivated material	South/Latin America	1e-5	0.354515	0.10502	0.540435	1e-5	1e-5	3	185
PI_634701	Mexico	944	Cucurbita moschata	Pepo obtained from Sr. Sesilio Escobar Matus.  This is one of two commonly cultivated calabasas in this area.  This type matures in 2 months, the fruit is highly prized for consumption when the skin has hardened, prior to this time it is not worth eating.  The mature fruit color is beige, immature fruits may be white, green or green\white striped.  This type provides more fruit than tamalajota, the second typed cultivated in this area.	NA	Cultivated material	South/Latin America	1e-5	0.653153	0.05282	0.293997	1e-5	1e-5	2	189
PI_634702	Mexico	965b	Cucurbita moschata	Pepos purchased in market from woman from San Juan del Rio.	NA	Cultivated material	South/Latin America	1e-5	1e-5	0.043994	0.902004	0.020769	0.033213	3	135
PI_442268	Mexico	NA	Cucurbita moschata	Seed large. Local name Calabaza de Castilla.	NA	NA	South/Latin America	0.008582	0.893838	0.004691	0.055764	0.037114	1e-5	2	216
PI_511948	Mexico	Segualca.	Cucurbita moschata	Plants mature later and are less predictable than Cucurbita mixta. Sown in June and July, harvested in November. Cook mature fruit. Sample donated by Encornacion Torres Legarra.	NA	Landrace	South/Latin America	1e-5	0.017566	0.105176	0.877229	1e-5	1e-5	3	152
PI_442248	Mexico	NA	Cucurbita moschata	Fruits dark green, tan markings, bell-shaped, 15cm long, 18cm diam. Local name  Calabasa.	NA	NA	South/Latin America	0.031667	1e-5	0.032243	0.864581	0.071489	1e-5	3	167
PI_532378	Mexico	130	Cucurbita moschata	Fruit obovate, oblong, ellipsoid, ovate or clavate 14-73cm long, 13-26.5cm wide. Some green, some warted. Flesh orange, 2.5-4cm thick. Rind soft-hard. Plant in June, harvest in December.	NA	Cultivated material	South/Latin America	1e-5	0.913853	1e-5	0.08144	1e-5	0.004677	2	220
PI_442254	Mexico	NA	Cucurbita moschata	Fruits dark green, light green striped, slightly bell-shaped, 25.5cm long, 16  cm diam. Local name Calabaza.	NA	NA	South/Latin America	0.074076	1e-5	0.067675	0.842444	0.015785	1e-5	3	169
PI_442251	Mexico	NA	Cucurbita moschata	Local name Calabaza.	NA	NA	South/Latin America	0.057439	1e-5	0.033778	0.84776	0.061002	1e-5	3	164
PI_442252	Mexico	NA	Cucurbita moschata	Fruits tan, pear-shaped, 28cm long, 15cm diam., cracks horizontally at maturity. Local name Calabaza.	NA	NA	South/Latin America	0.066662	1e-5	0.05848	0.840282	0.034556	1e-5	3	170
PI_442253	Mexico	NA	Cucurbita moschata	Fruits spheroid, tapering toward top and bottom, 21cm long, 19cm diam. Local  name Calabaza.	NA	NA	South/Latin America	0.071816	1e-5	0.055239	0.824605	0.047261	0.001069	3	171
PI_512169	Mexico	Calabaza de Castilla.	Cucurbita moschata	Single fruit flat, round.	NA	Cultivated material	South/Latin America	0.084292	0.025834	0.1048	0.674668	0.082567	0.027839	3	178
PI_442255	Mexico	NA	Cucurbita moschata	Fruits tan, green striped, oblong, 22cm long, 15cm diam. Local name Calabaza.	NA	NA	South/Latin America	0.052678	0.076845	0.101605	0.766574	0.002288	1e-5	3	181
PI_449347	Mexico	NA	Cucurbita moschata	Local name Calabasa.	NA	NA	South/Latin America	0.030475	0.334197	1e-5	0.568265	0.067043	1e-5	3	184
PI_438830	Mexico	HW 0179	Cucurbita moschata	NA	NA	NA	South/Latin America	1e-5	0.857347	0.025676	0.116947	1e-5	1e-5	2	211
PI_438786	Mexico	HW 0179	Cucurbita moschata	Fruit depressed globose, ribbed. Rind hard, mottled tan and orange, 36cm wide,  20cm long.	NA	NA	South/Latin America	1e-5	1e-5	1e-5	0.99995	1e-5	1e-5	3	139
PI_442287	Mexico	NA	Cucurbita moschata	Fruits deep orange, elongate, 32cm long, 12cm diam. Placenta greenish-brown. Flesh deep orange. Local name Calabaza criolla.	NA	NA	South/Latin America	0.043982	0.289688	0.024893	0.612729	0.0287	1e-5	3	183
PI_511954	Mexico	Segualca.	Cucurbita moschata	Sown in June and July, harvested in October and November. Cook mature fruit as a sweet.	NA	Landrace	South/Latin America	0.008838	0.050899	0.052995	0.481267	1e-5	0.405992	1	278
PI_442265	Mexico	NA	Cucurbita moschata	Fruits green with white stripes, bell-shaped, 21cm long, 17.5cm diam. Local name Calabaza de Castilla.	NA	NA	South/Latin America	0.02965	0.527939	0.073141	0.36925	1e-5	1e-5	2	197
PI_512146	Mexico	Chinche	Cucurbita moschata	Seeds white with tan margin. Said to be produced at high elevation in the state of Mexico.	NA	Cultivated material	South/Latin America	0.003587	0.126061	0.013526	1e-5	0.013131	0.843687	1	237
PI_634698	Mexico	Tamalajote	Cucurbita moschata	Pepos obtained from Blas Lucano Diaz. Planted with maize in early May. N.V. Tamalajota.	NA	Cultivated material	South/Latin America	0.061189	0.156249	0.171532	0.603975	1e-5	0.007046	3	177
PI_634699	Mexico	Tamalajote	Cucurbita moschata	Pepos obtained from Sr. Juan Bailon, Avenida Revolucion	NA	NA	South/Latin America	0.051246	0.139191	0.196979	0.570423	0.025315	0.016846	3	176
PI_442289	Mexico	NA	Cucurbita moschata	NA	NA	NA	South/Latin America	0.038887	0.364875	0.030282	0.537051	0.028895	1e-5	3	187
PI_512151	Mexico	Pepita menuda	Cucurbita moschata	Seeds small, white with tan margin.	NA	Cultivated material	South/Latin America	1.3e-5	1e-5	0.019203	1e-5	1e-5	0.980754	1	249
PI_512161	Mexico	Calabaza de castilla.	Cucurbita moschata	Two fruits flask-shaped with waxy dark green rind.	NA	Cultivated material	South/Latin America	0.067937	1e-5	0.046798	0.794212	0.091033	1e-5	3	168
PI_442267	Mexico	NA	Cucurbita moschata	Local name Calabaza de Castilla.	NA	NA	South/Latin America	0.014299	0.041514	0.162509	0.760031	1e-5	0.021637	3	179
PI_512150	Mexico	Calabaza de tamala.	Cucurbita moschata	Single fruit large, club-shaped with tan rind and bright orange flesh.	NA	Cultivated material	South/Latin America	1e-5	0.707303	0.05098	0.241688	1e-5	1e-5	2	192
PI_442285	Mexico	NA	Cucurbita moschata	Fruits tan, dark-tan mottled, necked pyriform, 15.4cm long, 15cm diam. Local  name Calabaza criolla.	NA	NA	South/Latin America	1e-5	0.915494	1e-5	0.084466	1e-5	1e-5	2	219
PI_511951	Mexico	Segualca.	Cucurbita moschata	Fruits diverse in shape. Sown in July, harvested in October and November. Cook mature flesh as a sweet, toast and eat seeds. Sample donated by Manuel Pina Corrales.	NA	Landrace	South/Latin America	1e-5	1e-5	0.105279	0.887333	1e-5	0.007357	3	150
PI_449345	Mexico	NA	Cucurbita moschata	Local name Pepita de calabasa.	NA	NA	South/Latin America	1e-5	0.927555	1e-5	0.072405	1e-5	1e-5	2	218
PI_532381	Mexico	161	Cucurbita moschata	Fruits acorn/heart to scallop shape, ribbed, 9-10cm long, 16.5-28cm wide. Rind hard. Flesh orange, 4-5cm thick. Immature fruits cut up and fried. Seeds of mature fruit eaten. Used for dulce.	NA	Cultivated material	South/Latin America	1e-5	1e-5	1e-5	1e-5	1e-5	0.99995	1	258
PI_511952	Mexico	Segualca.	Cucurbita moschata	Fruits diverse in shape. Sown in July, harvested in October and November. Cook mature flesh as a sweet, toast and eat seeds. Sample donated by Manuel Pina Corrales.	NA	Landrace	South/Latin America	1e-5	0.005503	0.117099	0.877368	1e-5	1e-5	3	153
PI_511955	Mexico	Segualca.	Cucurbita moschata	Plants had few fruits due to animal consumption of plants. Sown in July, harvested in October and November. Cook mature fruits. Powdery mildew present. Virus caused yellow streaks in fruit and vegetative parts. Sample donated by Lorenzo Gastelum Mazo.	NA	Landrace	South/Latin America	1e-5	1e-5	0.098293	0.880736	1e-5	0.020941	3	151
PI_532373	Mexico	43	Cucurbita moschata	Fruit clavate with long neck 10-47cm long, 8-13cm long, green mottlings and broken stripes with or without waxy bloom. Flesh sweet and orange. Rind soft to moderately hard. Seeds partly or readily separate from flesh.	NA	Cultivated material	South/Latin America	0.059813	1e-5	1e-5	0.863075	0.077082	1e-5	3	163
PI_449346	Mexico	NA	Cucurbita moschata	Local name Calabasa.	NA	NA	South/Latin America	1e-5	0.860449	1e-5	0.095483	1e-5	0.044037	2	214
PI_512147	Mexico	Sopoma	Cucurbita moschata	Fruit dark green, flask-shaped. Seeds white with tan margin. Favored variety for flesh quality.	NA	Cultivated material	South/Latin America	0.011475	0.143175	0.157755	0.672733	1e-5	0.014852	3	174
PI_511949	Mexico	Segualca.	Cucurbita moschata	Plants mature later, are less predictable and require better soil than Cucurbita mixta. Sown in June and July, harvested in November. Cook mature fruits. Sample donated by Encornacion Torres Legarra.	NA	Landrace	South/Latin America	1e-5	0.043519	0.120653	0.835798	1e-5	1e-5	3	156
PI_183258	Saudi Arabia	No.1	Cucurbita moschata	NA	NA	NA	Arab States	0.974622	1e-5	0.025338	1e-5	1e-5	1e-5	6	10
PI_199014	Africa	NA	Cucurbita moschata	Presented by Frank Pellet, Pellet Gardens, Atlantic, Iowa, in 1949	NA	NA	Africa	0.291887	0.437972	0.245528	1e-5	1e-5	0.024593	6	33
PI_200823	Myanmar	72	Cucurbita moschata	Fruits oblate, green with yellow spots	NA	NA	Asia	0.940554	1e-5	0.059406	1e-5	1e-5	1e-5	6	9
PI_200822	Myanmar	64	Cucurbita moschata	Fruits round-flattened, small, salmon, flesh bright-orange; common	NA	NA	Asia	1e-5	1e-5	0.763967	0.235993	1e-5	1e-5	5	74
PI_211998	Iran	NA	Cucurbita moschata	NA	NA	NA	Asia	0.163882	0.223639	0.572703	0.024091	0.015675	1e-5	5	56
PI_211999	Iran	NA	Cucurbita moschata	NA	NA	NA	Asia	0.856433	1e-5	0.143527	1e-5	1e-5	1e-5	6	24
PI_222760	Iran	NA	Cucurbita moschata	NA	NA	NA	Asia	0.46777	1e-5	0.150131	0.357725	0.015816	0.008549	6	38
PI_211993	Iran	RIZAIYEH	Cucurbita moschata	NA	NA	NA	Asia	0.594014	0.092654	0.135118	0.171719	1e-5	0.006485	6	40
PI_212011	Iran	12	Cucurbita moschata	NA	NA	NA	Asia	0.821936	1e-5	0.178024	1e-5	1e-5	1e-5	6	21
PI_249565	Thailand	NA	Cucurbita moschata	NA	NA	NA	Asia	0.237642	0.188167	0.311019	0.130474	0.055346	0.077353	6	37
PI_257532	Spain	NA	Cucurbita moschata	NA	NA	NA	Europe	0.328743	0.050514	0.460452	0.022034	0.124563	0.013694	5	43
PI_288239	Egypt	NA	Cucurbita moschata	Probably similar to 'Butternut' in color, but larger and very variable in shape.	NA	NA	Africa	0.200261	0.208306	0.506112	0.012564	0.041112	0.031645	5	55
PI_369346	Costa Rica	NA	Cucurbita moschata	NA	NA	NA	South/Latin America	0.084706	0.746428	1e-5	1e-5	1e-5	0.16883600000000001	2	203
PI_406848	Honduras	NA	Cucurbita moschata	NA	NA	NA	South/Latin America	1e-5	1e-5	1e-5	1e-5	1e-5	0.99995	1	257
PI_438551	Belize	NA	Cucurbita moschata	Fruit top-shape, whitish with tan, 26cm wide, 20cm long.	NA	NA	South/Latin America	1e-5	0.024855	1e-5	1e-5	1e-5	0.975105	1	274
PI_438553	Belize	Xnu Kun	Cucurbita moschata	fruit depressed globose, ribbed, dark orange-brown, 28cm in diameter.	NA	NA	South/Latin America	0.007926	0.071417	1e-5	1e-5	1e-5	0.920627	1	241
PI_438549	Belize	NA	Cucurbita moschata	Fruit long necked.	NA	NA	South/Latin America	1e-5	1e-5	1e-5	1e-5	1e-5	0.99995	1	256
PI_438548	Belize	Pepita menuda	Cucurbita moschata	NA	NA	NA	South/Latin America	1e-5	1e-5	0.009804	1e-5	1e-5	0.990156	1	252
PI_441726	Brazil	HTE0778	Cucurbita moschata	Fruits flattened-globose. Rind tan and green. Flesh dark orange. Local name  Abobora.	NA	NA	South/Latin America	0.333667	0.065833	1e-5	0.045629	0.075546	0.479316	1	277
PI_441725	Brazil	HTE0778	Cucurbita moschata	Fruits elongated. Rind cream-color. Flesh bright orange. Local name Abobora.	NA	NA	South/Latin America	0.781128	1e-5	1e-5	0.013489	0.116904	0.088459	6	17
PI_441723	Brazil	HTE0778	Cucurbita moschata	Fruits oval. Rind greenish.	NA	NA	South/Latin America	0.754522	1e-5	1e-5	0.051907	0.142595	0.050955	6	19
PI_458728	Argentina	TW 1080	Cucurbita moschata	Seeds small, dirty white, margins lighter. Local name Zapallito anguito (Butternut).	NA	NA	South/Latin America	0.20989	0.001823	0.02318	0.68939	0.075707	1e-5	3	172
PI_475750	Paraguay	Calabazo	Cucurbita moschata	Plants grown by Manjuy Indians for centuries, endemic. Seeds banana type, buff-colored.	NA	Cultivated material	South/Latin America	0.72045	0.033345	1e-5	0.008177	0.14176	0.096258	6	18
PI_482492	Zimbabwe	TGR 149	Cucurbita moschata	Sown October, harvested April. Fruits whitish. Local name Fere.	NA	Cultivated material	Africa	1e-5	1e-5	1e-5	1e-5	0.99995	1e-5	4	90
PI_482488	Zimbabwe	TGR 27B	Cucurbita moschata	Sown November, harvested April.	NA	Cultivated material	Africa	1e-5	1e-5	1e-5	1e-5	0.99995	1e-5	4	87
PI_482491	Zimbabwe	TGR 148	Cucurbita moschata	Sown October, harvested April. Plants associated with Cucumis. Local name Mkoko.	NA	Cultivated material	Africa	0.031298	1e-5	0.033402	1e-5	0.93527	1e-5	4	133
PI_482513	Zimbabwe	TGR 699	Cucurbita moschata	Local name Nhengere (Nzunzu).	NA	Cultivated material	Africa	1e-5	1e-5	1e-5	1e-5	0.99995	1e-5	4	96
PI_482567	Zimbabwe	TGR 1618	Cucurbita moschata	Sown November, harvested April.	NA	Cultivated material	Africa	1e-5	1e-5	1e-5	1e-5	0.99995	1e-5	4	109
PI_482487	Zimbabwe	TGR 27A	Cucurbita moschata	Sown November, harvested April.	NA	Cultivated material	Africa	1e-5	1e-5	1e-5	1e-5	0.99995	1e-5	4	88
PI_482565	Zimbabwe	TGR 1568	Cucurbita moschata	Sown November, harvested April. Fruits creamy yellow. Local name Mhengere.	NA	Cultivated material	Africa	1e-5	1e-5	1e-5	1e-5	0.99995	1e-5	4	110
PI_482588	Zimbabwe	TGR 2073	Cucurbita moschata	Fruits elongated, ridged shape.	NA	Cultivated material	Africa	1e-5	1e-5	1e-5	1e-5	0.99995	1e-5	4	84
PI_482535	Zimbabwe	TGR 1290	Cucurbita moschata	Local name Musonde.	NA	Cultivated material	Africa	1e-5	1e-5	0.059161	1e-5	0.940799	1e-5	4	128
PI_482493	Zimbabwe	TGR 169	Cucurbita moschata	Sown November, harvested April.	NA	Cultivated material	Africa	1e-5	1e-5	1e-5	1e-5	0.99995	1e-5	4	89
PI_482586	Zimbabwe	TGR 1963	Cucurbita moschata	Sown November, harvested October. Local name Ndodo.	NA	Cultivated material	Africa	1e-5	1e-5	1e-5	1e-5	0.99995	1e-5	4	85
PI_482545	Zimbabwe	TGR 1442	Cucurbita moschata	NA	NA	Cultivated material	Africa	1e-5	1e-5	0.077754	1e-5	0.922206	1e-5	4	127
PI_482506	Zimbabwe	TGR 596	Cucurbita moschata	Sown October, harvested April.	NA	Cultivated material	Africa	1e-5	1e-5	1e-5	1e-5	0.99995	1e-5	4	95
PI_482573	Zimbabwe	TGR 1645C	Cucurbita moschata	Sown November, harvested April.	NA	Cultivated material	Africa	1e-5	1e-5	1e-5	1e-5	0.99995	1e-5	4	119
PI_482516	Zimbabwe	TGR 747	Cucurbita moschata	NA	NA	Cultivated material	Africa	1e-5	1e-5	1e-5	1e-5	0.99995	1e-5	4	97
PI_482521	Zimbabwe	TGR 865	Cucurbita moschata	Sown November, harvested April.	NA	Cultivated material	Africa	1e-5	1e-5	1e-5	1e-5	0.99995	1e-5	4	99
PI_482524	Zimbabwe	TGR 1060	Cucurbita moschata	Fruits large, round, green and yellow striped.	NA	Cultivated material	Africa	1e-5	1e-5	1e-5	1e-5	0.99995	1e-5	4	98
PI_482525	Zimbabwe	TGR 1081	Cucurbita moschata	Fruits flat and fluted. Flesh white. Local name Nboko.	NA	Cultivated material	Africa	1e-5	1e-5	1e-5	1e-5	0.99995	1e-5	4	102
PI_482527	Zimbabwe	TGR 1143	Cucurbita moschata	Fruits large, oval creamy yellow skinned types and green striped types.	NA	Cultivated material	Africa	1e-5	1e-5	1e-5	1e-5	0.99995	1e-5	4	100
PI_482528	Zimbabwe	TGR 1155	Cucurbita moschata	Fruits green and cream.	NA	Cultivated material	Africa	1e-5	1e-5	1e-5	1e-5	0.99995	1e-5	4	101
PI_482534	Zimbabwe	TGR 1268	Cucurbita moschata	Sown November, harvested April.	NA	Cultivated material	Africa	1e-5	1.2e-5	0.063951	1e-5	0.936007	1e-5	4	129
PI_482564	Zimbabwe	TGR 1563	Cucurbita moschata	Sown November, harvested April. Fruits mixture of spotted green speckled and white brownish types.	NA	Cultivated material	Africa	1e-5	1e-5	1e-5	1e-5	0.99995	1e-5	4	111
PI_482546	Zimbabwe	TGR 1445	Cucurbita moschata	NA	NA	Cultivated material	Africa	1e-5	1e-5	1e-5	1e-5	0.99995	1e-5	4	104
PI_524428	Zimbabwe	TGR 1243a	Cucurbita moschata	Originally a mixed collection with TGR 1243 (PI 482478)	NA	Cultivated material	Africa	1e-5	1e-5	1e-5	1e-5	0.99995	1e-5	4	91
PI_482569	Zimbabwe	TGR 1631	Cucurbita moschata	Sown November, harvested April. Local name Nzunzu.	NA	Cultivated material	Africa	1e-5	1e-5	1e-5	1e-5	0.99995	1e-5	4	113
PI_482570	Zimbabwe	TGR 1634	Cucurbita moschata	Sown November, harvested April.	NA	Cultivated material	Africa	1e-5	1e-5	1e-5	1e-5	0.99995	1e-5	4	118
PI_482578	Zimbabwe	TGR 1684	Cucurbita moschata	Sown November, harvested April.	NA	Cultivated material	Africa	1e-5	1e-5	1e-5	1e-5	0.99995	1e-5	4	114
PI_482575	Zimbabwe	TGR 1654	Cucurbita moschata	Sown November, harvested April.	NA	Cultivated material	Africa	1e-5	1e-5	1e-5	1e-5	0.99995	1e-5	4	117
PI_482576	Zimbabwe	TGR 1662	Cucurbita moschata	Sown November, harvested April.	NA	Cultivated material	Africa	1e-5	1e-5	1e-5	1e-5	0.99995	1e-5	4	115
PI_482577	Zimbabwe	TGR 1669	Cucurbita moschata	Sown November, harvested April.	NA	Cultivated material	Africa	1e-5	1e-5	1e-5	1e-5	0.99995	1e-5	4	116
PI_482560	Zimbabwe	TGR 1531	Cucurbita moschata	Sown November, harvested April.	NA	Cultivated material	Africa	1e-5	1e-5	1e-5	1e-5	0.99995	1e-5	4	112
PI_482583	Zimbabwe	TGR 1885	Cucurbita moschata	Sown November, harvested April. Fruits white.	NA	Cultivated material	Africa	1e-5	1e-5	1e-5	1e-5	0.99995	1e-5	4	86
PI_482585	Zimbabwe	TGR 1926	Cucurbita moschata	Sown November, harvested April. Fruits oval, angular to penduncle shaped, green  to yellow.	NA	Cultivated material	Africa	0.003572	1e-5	1e-5	1e-5	0.996388	1e-5	4	83
PI_482556	Zimbabwe	TGR 1507	Cucurbita moschata	Sown November, harvested April.	NA	Cultivated material	Africa	1e-5	1e-5	1e-5	1e-5	0.99995	1e-5	4	106
PI_482501	Zimbabwe	TGR 490	Cucurbita moschata	Sown September, harvested April.	NA	Cultivated material	Africa	1e-5	1e-5	0.038351	1e-5	0.961609	1e-5	4	123
PI_482552	Zimbabwe	TGR 1474	Cucurbita moschata	NA	NA	Cultivated material	Africa	1e-5	1e-5	1e-5	1e-5	0.99995	1e-5	4	107
PI_482538	Zimbabwe	TGR 1340	Cucurbita moschata	Local name Nzururu.	NA	Cultivated material	Africa	1e-5	1e-5	1e-5	1e-5	0.99995	1e-5	4	103
PI_482500	Zimbabwe	TGR 358	Cucurbita moschata	NA	NA	Cultivated material	Africa	1e-5	1e-5	1e-5	1e-5	0.99995	1e-5	4	94
PI_482549	Zimbabwe	TGR 1456	Cucurbita moschata	Mixed types.	NA	Cultivated material	Africa	1e-5	1e-5	0.02755	1e-5	0.97241	1e-5	4	126
PI_482547	Zimbabwe	TGR 1446	Cucurbita moschata	Fruits green and cream colored.	NA	Cultivated material	Africa	0.005894	1e-5	0.025884	1e-5	0.968191	1e-5	4	125
PI_482548	Zimbabwe	TGR 1453	Cucurbita moschata	NA	NA	Cultivated material	Africa	1e-5	1e-5	1e-5	1e-5	0.99995	1e-5	4	105
PI_482542	Zimbabwe	TGR 1422	Cucurbita moschata	NA	NA	Cultivated material	Africa	1e-5	1e-5	0.00948	1e-5	0.99048	1e-5	4	121
PI_482553	Zimbabwe	TGR 1475	Cucurbita moschata	NA	NA	Cultivated material	Africa	1e-5	1e-5	1e-5	1e-5	0.99995	1e-5	4	108
PI_482554	Zimbabwe	TGR 1488	Cucurbita moschata	Sown November, harvested April.	NA	Cultivated material	Africa	0.037237	1e-5	1e-5	1e-5	0.962723	1e-5	4	130
PI_490354	Burkina Faso	Yobir	Cucurbita moschata	Fruit pulp and embryo's cooked for sauce. Flowers 4cm long, 2cm in diameter, yellow. Fruit roundish, 12cm long, 11cm in diameter.	NA	Cultivated material	Africa	0.454593	1e-5	1e-5	1e-5	0.067676	0.477701	1	276
PI_524427	Zambia	ZFA 3633a	Cucurbita moschata	Originally a mixed collection with ZFA 3633 (PI 494842)	NA	Landrace	Africa	1e-5	1e-5	0.194708	1e-5	0.805252	1e-5	4	82
PI_500559	Zambia	NA	Cucurbita moschata	NA	NA	Wild material	Africa	1e-5	1e-5	0.006078	1e-5	0.993882	1e-5	4	120
PI_500562	Zambia	NA	Cucurbita moschata	NA	NA	Cultivated material	Africa	1e-5	1e-5	1e-5	1e-5	0.99995	1e-5	4	93
PI_500558	Zambia	NA	Cucurbita moschata	NA	NA	Cultivated material	Africa	1e-5	1e-5	0.035992	1e-5	0.963968	1e-5	4	124
PI_500488	Zambia	ZM-1889	Cucurbita moschata	NA	NA	Cultivated material	Africa	0.056868	1e-5	0.017785	1e-5	0.925317	1e-5	4	131
PI_494832	Zambia	ZFA 3266	Cucurbita moschata	Fruit large. Received as Cucurbita moschata.	NA	Landrace	Africa	0.286963	0.002578	1e-5	7.32e-4	0.681631	0.028085	4	81
PI_500555	Zambia	NA	Cucurbita moschata	NA	NA	Cultivated material	Africa	1e-5	1e-5	1e-5	1e-5	0.99995	1e-5	4	92
PI_500557	Zambia	NA	Cucurbita moschata	NA	NA	Cultivated material	Africa	0.023755	1e-5	0.04027	1e-5	0.935945	1e-5	4	132
PI_500536	Zambia	NA	Cucurbita moschata	NA	NA	Cultivated material	Africa	0.177295	0.110328	0.111293	0.079478	0.500709	0.020897	4	80
PI_498429	Colombia	NA	Cucurbita moschata	Collected by H. Sardi and J. Jaramillo. Local name Colombian black squash.	NA	Cultivated material	South/Latin America	0.361122	0.373408	1e-5	1e-5	1e-5	0.265439	6	27
PI_560946	Bolivia	joco.	Cucurbita moschata	Fruit elongated, pear shaped, 40cm long, 13cm max. diam., very slightly ribbed. Color dark green with flesh-colored spots and speckles. Flesh stringy, orange. Seeds off-white with tan border. Grown locally, purchased in store.	NA	Cultivated material	South/Latin America	0.667555	0.024877	1e-5	1e-5	0.140387	0.167161	6	15
PI_560952	Bolivia	joco.	Cucurbita moschata	Elongate squash, 50cm long, 8cm diam., slightly twisted, slightly ribbed. Color light green variegated with yellow, turning mostly yellow when ripe. Peduncle woody, ribbed, flared at insertion. Flesh thick, firm, light orange. Seeds light brown, 1cm long. Ovary only in distal half of fruit, proximal half solid. Grown locally.	NA	Cultivated material	South/Latin America	0.765806	0.030972	1e-5	1e-5	0.081272	0.12193	6	16
PI_634692	Yemen	Grif 1573	Cucurbita moschata	NA	NA	NA	Arab States	1e-5	1e-5	0.860694	1e-5	0.139266	1e-5	5	58
PI_634706	Sri Lanka	CP-00-01	Cucurbita moschata	Large fruited.	NA	Uncertain improvement status	Asia	1e-5	1e-5	0.99995	1e-5	1e-5	1e-5	5	72
PI_209116	Puerto Rico	NA	Cucurbita moschata	NA	NA	NA	NA	0.523342	0.060279	0.405951	1e-5	1e-5	0.010407	5	47
PI_209117	Puerto Rico	NA	Cucurbita moschata	NA	NA	NA	NA	0.168697	0.182543	0.385633	0.124397	0.076559	0.062171	6	36
PI_448806	NA	NA	wrong PI	NA	NA	NA	NA	1e-5	0.465724	0.007655	0.06082	1e-5	0.465781	1	285
PI_357918	Serbia	NA	Cucurbita moschata	NA	NA	NA	NA	0.512047	1e-5	0.487913	1e-5	1e-5	1e-5	5	46
PI_458650	Suriname	PRT 1	Cucurbita moschata	Fruit ovate to round, 15.2-30.5cm diameter, green with greenish-yellow blotches. Flesh 2.5-5.1cm thick, orange.	NA	Cultivated material	NA	0.600573	0.318289	1e-5	1e-5	0.022099	0.059019	6	4
PI_536494	Maldives	KLM-1689	Cucurbita moschata	NA	NA	NA	NA	1.2e-5	1e-5	0.448061	0.043769	0.010113	0.498035	1	275
PI_550689	United States	CANADA CROOKNECK (87-1)	Cucurbita moschata	Variety which spontaneoulsy gave rise to the first butternut-type squash. Only recorded instance of spontaneous change from crookneck to butternut fruit	Neck	Cultivar	North America	NA	NA	NA	NA	NA	NA	NA	NA
PI_550690	United States	DERIVED CROOKNECK (87-2)	Cucurbita moschata	Crookneck line derived from the self progeny of a rouge crookneck plant in a population of the unstable cultivar Butternut	Neck	Breeding material	North America	NA	NA	NA	NA	NA	NA	NA	NA
Black_Futsu	NA	NA	Cucurbita moschata	NA	Japonica	Cultivar	NA	NA	NA	NA	NA	NA	NA	NA	NA
Burpees_Butterbush	NA	NA	Cucurbita moschata	NA	Neck	Cultivar	NA	NA	NA	NA	NA	NA	NA	NA	NA
Chirimen	NA	NA	Cucurbita moschata	NA	Japonica	Cultivar	NA	NA	NA	NA	NA	NA	NA	NA	NA
PI_550694	United States	REGULAR BUTTERNUT (87-5)	Cucurbita moschata	A direct descendent from the original cultivar Butternut. Unstable for butternut type fruit. Must be rogued at flowering by examination of ovary shape	Neck	Cultivar	North America	NA	NA	NA	NA	NA	NA	NA	NA
Greek_Sweet_Red	NA	NA	Cucurbita moschata	NA	Neck	Cultivar	NA	NA	NA	NA	NA	NA	NA	NA	NA
PI_634982	United States	Waltham Butternut	Cucurbita moschata	NA	Neck	Cultivar	North America	NA	NA	NA	NA	NA	NA	NA	NA
PI_604505	United States	KENTUCKY FIELD	Cucurbita moschata	"Info. from Asgrow cat. No. 19 (1957) -- (NSSL application shows notation of ""obsolete""). Length in inches - 10-18. Dia. in inches - 13. 120 days. Widely used for canning and suitable for stock feed. Fruits variable in shape, but usually deeper than they are wide, tapered at ends, 10-15 lb. Rind smooth, dull orange-yellow, distinctly sutured, thin, hard. Flesh thick, coarse, deep yellow, sweet."	Cheese	Cultivar	North America	NA	NA	NA	NA	NA	NA	NA	NA
Violina_Rigosa	NA	NA	Cucurbita moschata	NA	Neck	Cultivar	NA	NA	NA	NA	NA	NA	NA	NA	NA
PI_550693	United States	PONCA CR (87-6)	Cucurbita moschata	Part of isogenic set derived from hand pollinator of 2 branches of a rare dimorphic plant in a field of Ponca Butternut. Produces mostly Crookneck type fruit. Only crookneck line that produces dimorphic and Crookneck F1 progeny when used to pollinate a stable butternut cultivar	Neck	Breeding material	North America	NA	NA	NA	NA	NA	NA	NA	NA
PI_653064	Africa	Nigerian Local	Cucurbita moschata	NA	NA	Cultivar	Africa	NA	NA	NA	NA	NA	NA	NA	NA
PI_550692	United States	PONCA BN (87-4)	Cucurbita moschata	Part of isogenic set derived from hand pollinator of 2 branches of a rare dimorphic plant in a field of Ponca Butternut. Relatively stable producer of butternut type fruit	Neck	Breeding material	North America	NA	NA	NA	NA	NA	NA	NA	NA
Thai_Rai_Kaw_Tok	NA	NA	Cucurbita moschata	NA	Japonica	Cultivar	NA	NA	NA	NA	NA	NA	NA	NA	NA
PI_634704	United States	HERCULES	Cucurbita moschata	Large butternut, thick neck, sometimes dumb-bell shape.  Tan skin, bright orange flesh; rather late.	Neck	Cultivar	North America	NA	NA	NA	NA	NA	NA	NA	NA
Fairytale	NA	NA	Cucurbita moschata	NA	Cheese	Cultivar	NA	NA	NA	NA	NA	NA	NA	NA	NA
PI_604506	United States	Large Cheese	Cucurbita moschata	"Info. from Corneli cat. No. 14 -- 110 days. Uses - Home, market and canning. Derives name from the cheese box shape of fruits. Fruit 7"" deep, 15 inches in dia., sometimes larger. Weigh 12 to 15 lbs. Very flat shape, slightly grooved. Shell hard. Skin deep yellow. Flesh fairly thick, of fine quality and flavor. Orange-yellow."	Cheese	Cultivar	North America	NA	NA	NA	NA	NA	NA	NA	NA
Tromboncino	NA	NA	Cucurbita moschata	NA	Neck	Cultivar	NA	NA	NA	NA	NA	NA	NA	NA	NA
Teot_Bat_Put	NA	NA	Cucurbita moschata	NA	Japonica	Cultivar	NA	NA	NA	NA	NA	NA	NA	NA	NA
Meot_Jaeng_I_Ae	NA	NA	Cucurbita moschata	NA	NA	Cultivar	NA	NA	NA	NA	NA	NA	NA	NA	NA
Thai_Kang_Kob	NA	NA	Cucurbita moschata	NA	Japonica	Cultivar	NA	NA	NA	NA	NA	NA	NA	NA	NA
Seminole	NA	NA	Cucurbita moschata	NA	Neck	Cultivar	NA	NA	NA	NA	NA	NA	NA	NA	NA
PI_600843	United States	BUNUTKIN	Cucurbita moschata	NA	Neck	Cultivar	North America	NA	NA	NA	NA	NA	NA	NA	NA
Shishigatani	NA	NA	Cucurbita moschata	NA	NA	Cultivar	NA	NA	NA	NA	NA	NA	NA	NA	NA
PI_595436	Puerto Rico	FORTUNA	Cucurbita moschata	NA	Calabaza	Cultivar	NA	NA	NA	NA	NA	NA	NA	NA	NA
PI_483345	South Korea	Aehobag F1	Cucurbita moschata	Maturity early.	NA	Cultivar	Asia	NA	NA	NA	NA	NA	NA	NA	NA
PI_483346	South Korea	Sachul F1 (Oriental Wonder)	Cucurbita moschata	Maturity early.	NA	Cultivar	Asia	NA	NA	NA	NA	NA	NA	NA	NA
Kogiku	NA	NA	Cucurbita moschata	NA	Japonica	Cultivar	NA	NA	NA	NA	NA	NA	NA	NA	NA
La_Estrella	NA	NA	Cucurbita moschata	NA	Calabazo	Cultivar	NA	NA	NA	NA	NA	NA	NA	NA	NA
Kikuza	NA	NA	Cucurbita moschata	NA	Japonica	Cultivar	NA	NA	NA	NA	NA	NA	NA	NA	NA
